Chromosome,Position,End Position,Gene Symbol,Transcript Variant,Protein Variant,1647D - Allele Fraction,Classification,gnomAD Frequency
1,12918885,12918885,PRAMEF2,c.21G>C,p.P7P,1.89,Likely Benign,0.393
1,12918891,12918891,PRAMEF2,c.27A>C,p.L9L,1.58,Benign,6.355
1,12919798,12919798,PRAMEF2,c.538C>T,p.L180L,0.91,Likely Benign,0
1,12921114,12921114,PRAMEF2,c.905G>A,p.C302Y,1.62,Uncertain Significance,0.041
1,12921119,12921119,PRAMEF2,c.910A>T,p.N304Y,1.84,Uncertain Significance,0.194
1,12921127,12921127,PRAMEF2,c.918A>G,p.L306L,3.21,Benign,26.699
1,12921136,12921137,PRAMEF2,c.927_928delinsTG,p.L310V,3.51,Likely Pathogenic,
1,35250720,35250720,GJB3,c.357C>T,p.N119N,47.69,Benign,7.356
1,36937059,36937059,CSF3R,c.864T>C; c.1260T>C,p.T420T; p.T288T,51.89,Benign,55.798
1,36937065,36937065,CSF3R,c.1254T>C; c.858T>C,p.R286R; p.R418R,48.75,Benign,30.931
1,47685455,47685455,TAL1,c.933A>G; c.456A>G *; c.933A>G *,p.K311K; p.K152K,98.55,Benign,100
1,65311214,65311214,JAK1,c.2094C>G; c.1968C>G; c.2091C>G; c.1965C>G; c.2097C>G,p.A699A; p.A655A; p.A698A; p.A656A; p.A697A,51.06,Benign,6.447
1,65321250,65321250,JAK1,c.1584C>T; c.1587C>T; c.1458C>T; c.1590C>T; c.1461C>T,p.I529I; p.I528I; p.I530I; p.I486I; p.I487I,50.52,Benign,6.435
1,65335095,65335095,JAK1,c.546A>G; c.540A>G,p.G182G; p.G180G,49.82,Benign,6.3
1,172628474,172628476,FASLG,c.144_146del,p.P53del,0.86,Uncertain Significance,0.015
2,25973060,25973060,ASXL2,c.1365G>A; c.1191G>A; c.585G>A; c.1362G>A,p.P397P; p.P195P; p.P455P; p.P454P,47.69,Benign,4.412
2,25994412,25994413,ASXL2,c.404-4dup; c.230-4dup; c.-377-4dup; c.401-4dup,,47.24,Benign,23.466
2,26022277,26022277,ASXL2,c.380A>G; c.377A>G; c.206A>G,p.K127R; p.K126R; p.K69R,48.6,Benign,4.98
2,47739551,47739551,KCNK12; MSH2,n.2748A>G; n.3260A>G; c.*133A>G; c.1847A>G; n.2622A>G; c.2324A>G; n.3103A>G; n.2974A>G; n.2913A>G; c.1388A>G; n.2630A>G; c.2744A>G; n.2575A>G; c.2594A>G; c.2711A>G; n.2780A>G; c.*8495T>C,p.Q904R; p.Q915R; p.Q865R; p.Q616R; p.Q463R; p.Q775R,47.42,Benign,42.795
2,48010558,48010558,MSH6,c.-37-7508C>A; c.-743C>A; c.-143C>A; c.-280+188C>A; c.-724C>A; c.186C>A; c.-397C>A; c.-1163C>A; c.-1329C>A; n.275C>A; c.-69+188C>A; c.-721C>A; c.-354C>A; c.-38+188C>A; c.-625C>A; c.-551C>A; c.-809C>A; c.-1064C>A; c.131C>A; c.-914C>A; c.-398C>A; c.-654C>A; c.-820C>A,p.A44D; p.R62R,49.28,Benign,13.829
2,48018081,48018081,MSH6,c.108A>G; c.-653A>G; c.-68-4952A>G; c.-719A>G; c.276A>G; n.365A>G; c.237+7472A>G; c.198A>G; c.-461A>G; c.-280+7449A>G; c.-279-7669A>G; c.-627A>G; c.-308A>G; c.-22A>G; c.372A>G,p.P92P; p.P66P; p.P36P; p.P124P,49.5,Benign,13.454
2,48023115,48023115,MSH6,c.-455T>C; c.238-2635T>C; c.243T>C; c.636T>C; c.-279-2635T>C; n.629T>C; c.540T>C; c.462T>C; c.372T>C; c.-363T>C; c.546T>C; c.15T>C,p.D180D; p.D212D; p.D81D; p.D182D; p.D154D; p.D5D; p.D124D,48.68,Benign,21.489
2,48030639,48030640,MSH6,c.2355dup; c.2871dup; c.42dup; n.3451dup; n.3522dup; c.2397dup; c.108dup; n.3350dup; c.1206dup; c.3267dup; c.3173-86dup; n.2191dup; c.3357dup; c.2736dup; c.3183dup; c.3173-2110dup; c.3093dup; c.1695dup; c.2964dup; c.3261dup,p.F403Lfs*5; p.F15Lfs*5; p.F1032Lfs*5; p.F1062Lfs*5; p.F1088Lfs*5; p.F800Lfs*5; p.F913Lfs*5; p.F958Lfs*5; p.F1090Lfs*5; p.F989Lfs*5; p.F1120Lfs*5; p.F786Lfs*5; p.F37Lfs*5; p.F566Lfs*5,0.95,Pathogenic,0.006
2,61720156,61720156,XPO1,c.1278A>C; c.885A>C; c.1233A>C; c.777A>C; c.921A>C; c.1062A>C; c.1002A>C,p.K307N; p.K426N; p.K259N; p.K411N; p.K334N; p.K354N; p.K295N,2.31,Uncertain Significance,
2,198257795,198257795,SF3B1,c.3657A>G,p.V1219V,99.94,Benign,66.086
2,198265526,198265526,SF3B1,c.2631T>C,p.G877G,99.78,Benign,66.033
2,198283305,198283305,SF3B1,c.423A>G,p.K141K,99.93,Benign,66.128
2,204732714,204732714,CTLA4,c.49A>G; c.121A>G,p.T17A; p.T41A,49.05,Uncertain Significance,41.611
2,204736106,204736106,CTLA4,c.457+450G>A; c.463G>A; c.110-1325G>A; c.535G>A,p.E155K; p.E179K,4.51,Uncertain Significance,
2,209108317,209108317,IDH1,c.532G>A,p.V178I,48.92,Benign,4.951
2,209113192,209113192,IDH1,c.315C>T,p.G105G,49.92,Benign,5.211
3,10085536,10085536,FANCD2,c.1122A>G,p.V374V,28.42,Benign,10.511
3,10088266,10088266,FANCD2,c.1137G>T,p.V379V,22.29,Benign,18.18
3,10088299,10088299,FANCD2,c.1170C>T,p.S390S,25.64,Benign,25.706
3,10088308,10088308,FANCD2,c.1179T>C,p.T393T,26.06,Benign,26.856
3,10088343,10088343,FANCD2,c.1214A>G,p.N405S,23.07,Benign,25.717
3,10088404,10088404,FANCD2,c.1275C>T,p.Y425Y,24.09,Benign,4.544
3,10088408,10088412,FANCD2,c.1278+1_1278+5delinsT,,24.04,Likely Pathogenic,
3,10089723,10089723,FANCD2,c.1401G>A,p.T467T,2.77,Benign,41.841
3,10089738,10089738,FANCD2,c.1413+3A>G,,3.01,Benign,39.278
3,10091084,10091084,FANCD2,c.1440T>C,p.H480H,7.98,Likely Benign,0.029
3,10106408,10106408,FANCD2,c.2022-5C>T; c.1911-5C>T,,0.76,Likely Benign,0.051
3,10106532,10106532,FANCD2,c.2030C>T; c.2141C>T,p.P677L; p.P714L,46.39,Benign,14.696
3,10107147,10107147,FANCD2,c.2238C>T; c.2127C>T,p.N746N; p.N709N,1.79,Uncertain Significance,0.003
3,10107168,10107168,FANCD2,c.2148T>C; c.2259T>C,p.D753D; p.D716D,1.76,Uncertain Significance,0.003
3,10138069,10138069,FANCD2OS; FANCD2,c.4098T>G; c.3987T>G; c.*43+7813A>C; c.4059T>G,p.L1329L; p.L1366L; p.L1353L,47.85,Benign,18.717
3,37053568,37053568,MLH1,c.-172A>G; c.655A>G; c.-275A>G; c.-162A>G; c.361A>G; c.-69A>G; c.556A>G,p.I219V; p.I121V; p.I186V,50.43,Uncertain Significance,23.247
3,105389153,105389153,CBLB,n.3129T>C; c.2547T>C; n.2886T>C; c.2550T>C; n.2930T>C; n.2751T>C; c.2697T>C; n.2975T>C; c.1284T>C; n.2841T>C; c.1701T>C; c.1833T>C; n.2641T>C; c.1686T>C; c.1554T>C; c.2613T>C; c.2481T>C; c.2466T>C; c.1293T>C; c.2334T>C,p.P431P; p.P562P; p.P871P; p.P778P; p.P822P; p.P899P; p.P428P; p.P567P; p.P611P; p.P850P; p.P827P; p.P849P; p.P518P,50.17,Benign,22.367
3,105422844,105422844,CBLB,c.252G>A; c.801G>A; n.1986G>A; n.1623G>A; c.1647G>A; c.1665G>A; n.1920G>A; n.1660G>A; n.2004G>A; n.1872G>A; c.1581G>A; n.1696G>A; c.1434G>A; c.393G>A,p.T527T; p.T549T; p.T478T; p.T555T; p.T267T; p.T84T; p.T131T,52.69,Benign,72.63
3,105438957,105438957,CBLB,c.1341A>C; c.1425A>C; n.1420A>C; c.12A>C; n.1680A>C; c.1407A>C; n.1383A>C; n.1456A>C; c.153A>C; c.561A>C; c.1194A>C; n.1764A>C; n.1632A>C,p.L447L; p.L469L; p.L4L; p.L51L; p.L475L; p.L187L; p.L398L,52.39,Benign,22.577
3,105439026,105439026,CBLB,c.1356C>T; n.1351C>T; c.84C>T; n.1695C>T; n.1563C>T; c.1338C>T; n.1611C>T; n.1314C>T; c.-58C>T; c.1272C>T; n.1387C>T; c.492C>T; c.1125C>T,p.D164D; p.D375D; p.D452D; p.D424D; p.D446D; p.D28D,52.46,Benign,22.469
3,128202754,128202754,GATA2,c.966C>T; c.1248C>T,p.Y416Y; p.Y322Y,0.86,Uncertain Significance,0.001
3,128204951,128204951,GATA2,c.490G>A; c.772G>A,p.A164T; p.A258T,46.95,Uncertain Significance,19.632
3,128205860,128205860,GATA2,c.297C>G; c.15C>G,p.P99P; p.P5P,49.4,Benign,66.313
3,183211906,183211906,KLHL6,c.1311T>C,p.N437N,51.13,Benign,55.874
3,187447032,187447032,LOC100131635; BCL6,n.294-3127G>A; c.1161C>T,p.N387N,48.11,Benign,64.365
4,1807894,1807894,FGFR3,c.1956G>A; n.2379G>A; c.1959G>A; c.1953G>A; c.1617G>A,p.T651T; p.T652T; p.T539T; p.T653T,99.85,Benign,98.654
4,55141055,55141055,PDGFRA; ENSG00000282278,c.1740A>G; c.1776A>G; c.1701A>G; c.1018-37A>G,p.P580P; p.P592P; p.P567P,99.74,Benign,98.76
4,55161391,55161391,PDGFRA; ENSG00000282278,c.2502T>C; c.3261T>C; c.3222T>C; c.3297T>C,p.D834D; p.D1099D; p.D1087D; p.D1074D,99.89,Benign,99.911
4,55972974,55972974,KDR,c.1416A>T,p.Q472H,51.86,Uncertain Significance,22.255
4,57352505,57352505,SRP72,n.1120G>A; c.918G>A; c.1101G>A,p.Q306Q; p.Q367Q,4.87,Uncertain Significance,0
4,106156187,106156187,TET2; TET2-AS1,c.1088C>T; n.319-57358G>A; c.1151C>T,p.P363L; p.P384L,49.1,Benign,4.967
4,106196829,106196829,TET2; TET2-AS1,c.5225T>G; n.318+58714A>C; c.5162T>G,p.L1721W; p.L1742W,43.32,Benign,11.548
5,35861068,35861068,IL7R,c.197T>C; n.284T>C,p.I66T,95.57,Benign,62.57
5,35871190,35871190,IL7R,c.412G>A; n.499G>A,p.V138I,99.86,Benign,64.899
5,35874575,35874575,IL7R,n.625-1039C>T; c.731C>T; c.706+825C>T,p.T244I,99.8,Uncertain Significance,23.062
5,149447806,149447808,CSF1R,n.1723_1725del; c.1596_1598del; n.1652_1654del; c.1152_1154del,p.L537del; p.L389del,0.76,Uncertain Significance,0.005
5,149457678,149457678,CSF1R,n.853C>T; c.282C>T; c.726C>T; n.782C>T,p.T242T; p.T94T,49.74,Benign,50.924
5,149459831,149459831,CSF1R,n.432C>T; c.-69C>T; c.376C>T; n.503C>T,p.P126S,1.73,Uncertain Significance,
5,149460553,149460553,CSF1R,c.-361T>C; c.84T>C; n.211T>C; n.140T>C,p.P28P,99.38,Benign,48.014
5,176721198,176721198,NSD1,c.5956T>C; c.1471T>C; c.6067T>C; c.6829T>C; c.6076T>C; c.5707T>C; c.6520T>C; c.6409T>C,p.L1986L; p.L2174L; p.L1903L; p.L491L; p.L2137L; p.L2277L; p.L2026L; p.L2023L,99.73,Benign,82.274
5,176940384,176940384,DDX41,c.822C>T; c.1200C>T,p.R274R; p.R400R,47.61,Benign,41.586
6,18139214,18139214,TPMT,c.474C>T; c.474T>C *,p.I158I,48.42,Benign,76.396
6,33288271,33288271,DAXX,c.1173T>C; c.912T>C; c.1137T>C,p.Y379Y; p.Y304Y; p.Y391Y,50.43,Benign,29.226
7,2946461,2946461,CARD11,c.3276A>G,p.R1092R,99.72,Benign,51.281
7,2954962,2954962,CARD11,c.2748C>T,p.N916N,49.88,Benign,4.458
7,2957005,2957005,CARD11,c.2622A>G,p.P874P,49.96,Benign,30.863
7,2963941,2963943,CARD11,c.1864_1866del,p.S622del,1.01,Uncertain Significance,0.001
7,2976767,2976767,CARD11,c.1245C>T,p.D415D,48.86,Benign,16.318
7,6026775,6026775,PMS2,c.1513A>G; c.1645A>G; c.850A>G; c.1423A>G; c.1465A>G; c.1048A>G; c.1453A>G; c.1147A>G; c.804-4153A>G; c.1303A>G; c.1618A>G; c.1255A>G; c.1108A>G; c.1312A>G; n.1708A>G; c.1807A>G; c.1285A>G; c.1621A>G; c.803+10182A>G; c.1216A>G; c.1297A>G; c.1060A>G; c.688A>G; c.1156A>G,p.K429E; p.K603E; p.K433E; p.K489E; p.K541E; p.K230E; p.K383E; p.K505E; p.K549E; p.K386E; p.K354E; p.K475E; p.K540E; p.K350E; p.K370E; p.K419E; p.K435E; p.K284E; p.K406E; p.K438E; p.K485E,46.13,Benign,84.429
7,6026988,6026988,PMS2,c.835C>T; c.1594C>T; c.1084C>T; c.1042C>T; c.1003C>T; c.1405C>T; c.1240C>T; n.1495C>T; c.1300C>T; c.934C>T; c.1090C>T; c.475C>T; c.1252C>T; c.803+9969C>T; c.1099C>T; c.895C>T; c.847C>T; c.1072C>T; c.1210C>T; c.943C>T; c.804-4366C>T; c.637C>T; c.1432C>T; c.1408C>T,p.P470S; p.P159S; p.P434S; p.P478S; p.P418S; p.P414S; p.P299S; p.P279S; p.P312S; p.P364S; p.P283S; p.P469S; p.P348S; p.P335S; p.P367S; p.P404S; p.P315S; p.P213S; p.P532S; p.P362S; p.P358S,49.86,Benign,38.6
7,6027157,6027157,PMS2,c.468del; c.1236del; c.1425del; c.903del; c.804-4535del; c.803+9800del; c.1071del; c.921del; n.1326del; c.915del; c.1131del; c.1263del; c.873del; c.678del; c.774del; c.834del; c.765del; c.1239del; c.306del; c.666del; c.1083del; c.726del; c.930del; c.1041del,p.D103Tfs*34; p.D414Tfs*34; p.D306Tfs*34; p.D259Tfs*34; p.D279Tfs*34; p.D362Tfs*34; p.D227Tfs*34; p.D302Tfs*34; p.D292Tfs*34; p.D157Tfs*34; p.D243Tfs*34; p.D348Tfs*34; p.D378Tfs*34; p.D413Tfs*34; p.D358Tfs*34; p.D476Tfs*34; p.D223Tfs*34; p.D308Tfs*34; p.D311Tfs*34; p.D256Tfs*34; p.D422Tfs*34,1.05,Pathogenic,
7,6036980,6036980,PMS2,c.780C>G; c.966C>G; c.-154C>G; c.471C>G; c.444C>G; c.672C>G; c.267C>G; c.804C>G; c.705+1759C>G; c.132+5104C>G; c.375C>G; c.207C>G; c.612C>G; c.777C>G; n.867C>G; c.537+5104C>G; c.462C>G,p.S157S; p.S125S; p.S89S; p.S148S; p.S69S; p.S322S; p.S204S; p.S224S; p.S268S; p.S260S; p.S259S; p.S154S,49.82,Benign,80.387
7,6043613,6043613,PMS2,c.-113C>T; c.-245C>T; c.25C>T; c.-63C>T; c.-142C>T; n.327C>T; c.-645C>T; c.-341C>T; c.426C>T; c.-192C>T; c.-52-1346C>T; c.-156C>T; c.240C>T; c.-166C>T,p.F80F; p.F142F; p.R9*,5.01,Likely Benign,0.007
7,6043676,6043676,PMS2,c.-229G>A; c.-126G>A; c.363G>A; c.-219G>A; c.-255G>A; c.-39G>A; c.-404G>A; c.-708G>A; n.264G>A; c.-205G>A; c.-52-1409G>A; c.177G>A; c.-308G>A; c.-176G>A,p.K59K; p.K121K,1.63,Uncertain Significance,
7,50467941,50467941,IKZF1,c.915C>T; c.591C>T; c.747C>T; c.486C>T; c.789C>T; c.1236C>T; c.1176C>T; c.654C>T; c.975C>T; c.759C>T; c.1050C>T; c.717C>T; c.885C>T; c.621C>T,p.N162N; p.N350N; p.N295N; p.N392N; p.N325N; p.N197N; p.N263N; p.N412N; p.N253N; p.N249N; p.N305N; p.N239N; p.N207N; p.N218N,47.65,Benign,5.339
7,55214348,55214348,EGFR,c.424+3167C>T; c.315C>T; c.89-9175C>T; c.474C>T,p.N158N; p.N105N,99.83,Benign,51.021
7,55229255,55229255,EGFR,c.1562G>A; c.1427G>A; c.761G>A; c.1403G>A,p.R476K; p.R254K; p.R468K; p.R521K,49.97,Uncertain Significance,28.542
7,55238874,55238874,EGFR,c.1752T>A; c.1086T>A; c.1887T>A; c.1728T>A,p.T584T; p.T362T; p.T629T; p.T576T,52.04,Benign,37.141
7,55249063,55249063,EGFR-AS1; EGFR,n.1201C>T; c.2226G>A; c.1560G>A; c.2202G>A; c.2361G>A,p.Q734Q; p.Q787Q; p.Q520Q; p.Q742Q,49.4,Benign,52.144
7,55266417,55266417,EGFR,c.2574T>C; c.2709T>C; c.1908T>C; c.2550T>C,p.T636T; p.T903T; p.T858T; p.T850T,89.84,Benign,89.426
7,92732769,92732769,SAMD9,c.2642A>G,p.D881G,49.29,Benign,1.66
7,92733766,92733766,SAMD9,c.1645G>T,p.V549L,92.32,Benign,9.129
7,92734451,92734451,SAMD9,c.960T>C,p.Y320Y,98.49,Benign,37.879
7,92734983,92734983,SAMD9,c.428T>C,p.I143T,99.19,Benign,12.07
7,92760738,92760738,SAMD9L,c.4547A>C,p.N1516T,46.24,Benign,6.091
7,92764489,92764489,SAMD9L,c.796G>A,p.V266I,42.15,Benign,10.898
7,92764982,92764982,SAMD9L,c.303G>A,p.Q101Q,47.22,Benign,22.98
7,101837149,101837149,CUX1,c.1131G>A; c.1104G>A; c.1089G>A; c.999G>A; c.1020G>A; c.1137G>A,p.P363P; p.P340P; p.P379P; p.P368P; p.P333P; p.P377P,47.1,Benign,34.758
7,101844851,101844851,CUX1,c.1207+5968A>G; c.1117+5968A>G; c.1255+5968A>G; c.1833A>G; c.1138+5968A>G; c.2139A>G; c.2274A>G; c.1249+5968A>G; c.2307A>G,p.P713P; p.P758P; p.P769P; p.P611P,45.94,Benign,35.327
7,101892121,101892121,CUX1,c.3876G>A; c.1250-24516G>A; c.1256-24516G>A; c.1118-24516G>A; c.4182G>A; c.1139-24516G>A; c.1208-24516G>A; c.4350G>A; c.4317G>A,p.P1450P; p.P1394P; p.P1292P; p.P1439P,51.73,Benign,48.426
7,101916647,101916647,CUX1,c.1149G>A *; c.1128G>A *; c.1260A>G; c.1260G>A *; c.1149A>G; c.1218A>G; c.1266G>A *; c.1218G>A *; c.1266A>G; c.1128A>G,p.A383A; p.A422A; p.A376A; p.A420A; p.A406A,50.39,Benign,72.926
7,101917521,101917521,CUX1,c.1252G>A; c.1384G>A; c.1342G>A; c.1390G>A; c.1273G>A,p.A464T; p.A462T; p.A425T; p.A418T; p.A448T,44.18,Benign,56.358
7,103155705,103155705,RELN,c.8046T>C,p.H2682H,49.08,Benign,46.782
7,103155864,103155864,RELN,c.7887T>C,p.P2629P,49.91,Benign,18.014
7,103230238,103230238,RELN,c.3950C>T,p.A1317V,0.7,Uncertain Significance,
7,103389954,103389954,RELN,c.578-3T>C,,48.6,Benign,49.219
7,103629804,103629806,RELN,c.-3_-1del,,1.36,Likely Benign,1.127
7,116397572,116397572,MET,c.1944A>G; c.654A>G,p.Q648Q; p.Q218Q,49.26,Benign,18.14
7,139056179,139056179,FMC1-LUC7L2; LUC7L2,c.260-4623del; c.28del; c.-13-2962del; c.62-4623del,p.I10Yfs*48,1.03,Uncertain Significance,
7,140426257,140426257,BRAF,c.*37T>C; c.2187T>C; c.2128-10421T>C,p.S729S,50.16,Benign,37.551
7,140434574,140434575,BRAF,c.2026-5dup; c.2017-5dup; c.2128-5dup; c.2062-5dup; c.1972-5dup; c.2127+5037dup; c.1864-5dup; c.2248-5dup; c.2137-5dup,,22.96,Likely Benign,
7,140449150,140449150,BRAF,c.1773A>G; c.1863A>G; c.2049A>G; c.1938A>G; c.1818A>G; c.1827A>G; c.1665A>G; c.1929A>G,p.G643G; p.G621G; p.G555G; p.G646G; p.G683G; p.G591G; p.G609G; p.G606G,50.11,Benign,21.181
7,140449164,140449164,BRAF,c.1849G>A; c.1651G>A; c.2035G>A; c.1759G>A; c.1915G>A; c.1804G>A; c.1813G>A; c.1924G>A,p.V587I; p.V642I; p.V679I; p.V602I; p.V605I; p.V639I; p.V617I; p.V551I,1.79,Likely Pathogenic,
7,148543694,148543694,EZH2,c.118-4del,,46.6,Benign,70.685
7,151836879,151836879,KMT2C,c.14515-3del; c.13897-3del; c.14344-3del,,1.42,Uncertain Significance,0.003
7,151873853,151873853,KMT2C,c.8460G>A; c.8685G>A,p.Q2895Q; p.Q2820Q,99.83,Benign,25.284
7,151874148,151874148,KMT2C,c.8165del; c.8390del,p.K2722Rfs*26; p.K2797Rfs*26,3.94,Pathogenic,0.195
7,151874581,151874581,KMT2C,c.7957C>G; c.7732C>G,p.L2578V; p.L2653V,50.64,Likely Benign,0.686
7,151875047,151875047,KMT2C,c.7266C>T; c.7491C>T,p.R2422R; p.R2497R,39.53,Likely Benign,0.663
7,151879594,151879596,KMT2C,c.5349_5351del; c.5124_5126del,p.Q1712del; p.Q1787del,0.54,Uncertain Significance,0
7,151921255,151921255,KMT2C,c.3168G>A; c.3048G>A,p.W1056*; p.W1016*,3.54,Likely Pathogenic,
7,151927021,151927021,KMT2C,c.2963G>T; c.2843G>T,p.C988F; p.C948F,40.77,Benign,22.612
7,151927023,151927023,KMT2C,c.2961C>G; c.2841C>G,p.Y947*; p.Y987*,31.67,Likely Pathogenic,
7,151927025,151927025,KMT2C,c.2959T>C; c.2839T>C,p.Y987H; p.Y947H,14.03,Benign,38.544
7,151927026,151927026,KMT2C,c.2838A>G; c.2958A>G,p.P986P; p.P946P,8.89,Benign,23.424
7,151927067,151927067,KMT2C,c.2797A>G; c.2917A>G,p.R973G; p.R933G,32.26,Likely Pathogenic,
7,151932908,151932908,KMT2C,c.2643A>G; c.2763A>G,p.L921L; p.L881L,3.29,Benign,42.499
7,151932945,151932945,KMT2C,c.2606G>A; c.2726G>A,p.R909K; p.R869K,0.77,Benign,5.1
7,151932965,151932965,KMT2C,c.2706G>A; c.2586G>A,p.S902S; p.S862S,0.68,Benign,17.096
7,151935798,151935799,KMT2C,c.2645_2646delinsCA; c.2533-2781_2533-2780delinsCA,p.I882T,29.98,Uncertain Significance,
7,151935866,151935866,KMT2C,c.2533-2848C>T; c.2578C>T,p.P860S,25.58,Likely Pathogenic,
7,151935871,151935871,KMT2C,c.2533-2853G>T; c.2573G>T,p.W858L,25.65,Likely Pathogenic,
7,151945007,151945007,KMT2C,c.2515G>A; c.2512G>A,p.G838S; p.G839S,18.05,Benign,49.408
7,151945060,151945060,KMT2C,c.2462C>T; c.2459C>T,p.T821I; p.T820I,0.88,Uncertain Significance,0
7,151945071,151945072,KMT2C,c.2447dup; c.2450dup,p.Y816*; p.Y817*,35.59,Benign,48.67
7,151945101,151945101,KMT2C,c.2421C>G; c.2418C>G,p.S807S; p.S806S,3.83,Benign,20.838
7,151945140,151945140,KMT2C,c.2379G>A; c.2382G>A,p.S794S; p.S793S,9.7,Benign,43.539
7,151945215,151945215,KMT2C,c.2304A>G; c.2307A>G,p.S769S; p.S768S,12.87,Likely Benign,3.158
7,151962257,151962257,KMT2C,c.1053G>A; c.1050G>A,p.P351P; p.P350P,5.62,Uncertain Significance,0.1
7,151962265,151962265,KMT2C,c.1042G>A; c.1045G>A,p.D348N; p.D349N,5.7,Uncertain Significance,0.033
7,151970797,151970797,KMT2C,c.1008T>A; c.1005T>A,p.P336P; p.P335P,9.76,Uncertain Significance,0.244
7,151970856,151970856,KMT2C,c.946A>T; c.949A>T,p.T317S; p.T316S,72.66,Benign,50.094
7,151970931,151970931,KMT2C,c.871C>T; c.874C>T,p.L291F; p.L292F,60.82,Benign,49.945
8,30915971,30915971,WRN,c.15del,p.K5Nfs*15,0.86,Likely Pathogenic,0.003
8,30924557,30924557,WRN,c.513C>T,p.C171C,62,Benign,70.808
8,30973957,30973957,WRN,c.2361G>T,p.L787L,60.71,Benign,45.121
8,30982451,30982451,WRN,c.2760A>G,p.K920K,1.29,Uncertain Significance,
8,30999280,30999280,WRN,c.3222G>T,p.L1074F,60.83,Benign,45.358
8,31024638,31024638,WRN,c.4083C>T,p.S1361S,39.5,Benign,29.695
8,38285914,38285916,FGFR1,c.129_131del; c.372_374del; c.495_497del; c.396_398del,p.D44del; p.D133del; p.D125del; p.D166del,0.58,Likely Pathogenic,0.014
8,41798420,41798422,KAT6A,c.2977_2979del,p.E993del,0.67,Uncertain Significance,0.006
8,90967711,90967711,NBN,c.951T>C; c.1197T>C; c.885T>C,p.D295D; p.D399D; p.D317D,60.64,Benign,47.032
8,128750605,128750607,MYC,c.-192_-190del; c.109_111del; c.151_153del; c.154_156del,p.Q37del; p.Q51del; p.Q52del,0.82,Uncertain Significance,0.002
9,5050706,5050706,JAK2,c.489C>T; n.890C>T; c.-632C>T; n.973C>T; c.42C>T,p.H163H; p.H14H,87.05,Benign,32.549
9,5081780,5081780,JAK2,c.2043G>A; c.1275G>A; n.2891G>A; c.2490G>A; n.2974G>A,p.L681L; p.L425L; p.L830L,99.85,Benign,53.602
9,36840623,36840623,PAX5,c.1008C>T; c.921C>T; c.810C>T; c.878C>T; c.1110C>T; c.894C>T; c.597C>T; c.981C>T; c.1023C>T; c.786C>T; n.1274C>T; c.791C>T; n.1217C>T,p.T293I; p.Y336Y; p.Y327Y; p.Y307Y; p.Y262Y; p.Y341Y; p.Y199Y; p.Y298Y; p.Y370Y; p.T264I; p.Y270Y,99.97,Benign,86.447
9,86586890,86586890,HNRNPK,c.788G>A; c.860G>A,p.R263Q; p.R287Q,1.4,Uncertain Significance,0
9,139399256,139399256,NOTCH1,c.4767C>T; c.4887C>T; c.4773C>T; c.2484C>T,p.H1591H; p.H1629H; p.H1589H; p.H828H,50.75,Likely Benign,0.159
9,139418260,139418260,NOTCH1,c.312T>C,p.N104N,49.4,Benign,59.336
10,27322259,27322259,ANKRD26,c.3699del; c.3702del,p.K1233Nfs*19; p.K1234Nfs*19,0.6,Likely Pathogenic,
10,27329038,27329038,ANKRD26,c.2228del; c.2231del,p.N743Ifs*8; p.N744Ifs*8,0.8,Uncertain Significance,0.001
10,27333100,27333100,ANKRD26,c.2002A>G; c.2005A>G,p.N668D; p.N669D,48.39,Uncertain Significance,0.012
10,27333121,27333122,ANKRD26,c.1983-3dup; c.1986-3dup,,6.23,Benign,7.165
10,27337806,27337808,ANKRD26,c.1736_1738del,p.D579del,0.85,Likely Benign,0.003
10,27389197,27389197,ANKRD26,c.59A>G,p.Q20R,99.55,Benign,89.948
10,72358577,72358577,PRF1; PALD1,c.900C>T; c.2419-67G>A; c.2250+34302G>A; c.2263-67G>A,p.H300H,49.36,Benign,64.107
10,89692921,89692921,PTEN,c.360A>T; c.405A>T; c.-346A>T; c.924A>T,p.I120I; p.I308I; p.I135I,0.75,Uncertain Significance,
10,90767482,90767482,FAS,n.388A>G; n.531A>G; n.301A>G; n.276-2814A>G; c.267A>G; n.363-2814A>G; c.222A>G,p.T89T; p.T74T,47.44,Benign,6.007
10,90771829,90771829,FAS,n.411T>C; n.612T>C; n.951T>C; n.538+1257T>C; n.474T>C; c.568+1257T>C; n.808T>C; c.687T>C; n.549T>C; n.561T>C; c.579T>C; c.642T>C,p.T193T; p.T229T; p.T214T,99.92,Benign,76.186
10,112357944,112357944,SMC3,c.2164G>A,p.E722K,1.02,Uncertain Significance,
10,112361870,112361870,SMC3,c.3039A>G,p.S1013S,99.63,Benign,99.598
10,123239112,123239112,FGFR2,c.2107C>T; c.*259C>T; n.3161C>T; c.*453C>T,p.L703L,99.88,Benign,53.214
10,123256121,123256121,FGFR2,c.1452G>A; c.1104G>A; n.2224G>A; c.1440G>A; c.1788G>A; c.1524G>A; c.1791G>A; c.1443G>A; c.1782G>A; c.1521G>A; c.1437G>A; c.612G>A,p.E484E; p.E594E; p.E481E; p.E596E; p.E597E; p.E368E; p.E204E; p.E479E; p.E507E; p.E508E; p.E480E,49.98,Likely Benign,0.068
10,123298158,123298158,FGFR2,n.984A>G; c.429A>G; c.696A>G; c.351A>G,p.V232V; p.V143V; p.V117V,99.87,Benign,78.012
11,30033191,30033191,KCNA4,c.1035C>T,p.G345G,50.22,Benign,17.601
11,30033563,30033563,KCNA4,c.663del,p.F221Lfs*21,1.08,Uncertain Significance,0
11,30034029,30034031,KCNA4,c.195_197del,p.H65del,1.13,Uncertain Significance,0.006
11,32417945,32417945,WT1,c.360A>G; c.1071A>G; n.1403A>G; c.420A>G; n.1454A>G; c.999A>G; c.471A>G; c.1122A>G; c.948A>G; c.-67A>G; c.447A>G; c.1116A>G,p.R157R; p.R374R; p.R149R; p.R120R; p.R357R; p.R333R; p.R140R; p.R372R; p.R316R,47.62,Benign,23.571
11,32456562,32456562,WT1-AS; WT1,c.345C>T; n.-502G>A; n.524C>T; c.-1044C>T; c.-1353C>T; n.-1023G>A,p.P115P,47.42,Benign,24.419
11,64534503,64534505,SF1,c.1403-61_1403-59del; c.1453_1455del; c.1104_1106del; c.1449_1451del; c.1824_1826del; c.1108_1110del; c.1371_1373del; c.1444_1446del,p.P610del; p.A370del; p.A482del; p.P485del; p.P370del; p.A485del; p.P459del,1.09,Uncertain Significance,0.186
11,72945341,72945341,P2RY2,c.137C>T,p.P46L,96.58,Benign,92.488
11,72946020,72946020,P2RY2,c.816C>T,p.R272R,96.99,Benign,56.602
11,72946204,72946204,P2RY2,c.1000C>T,p.R334C,47.46,Benign,15.063
11,85968623,85968623,EED,c.619C>T; c.514C>T; c.799C>T,p.L172L; p.L267L; p.L207L,49.26,Benign,36.301
11,108043988,108043988,NPAT,c.1723G>A,p.V575I,49.15,Benign,60.114
11,108044091,108044091,NPAT,c.1620A>T,p.L540F,49.55,Benign,11.752
11,108183167,108183167,C11orf65; ATM,c.5948A>G; c.641-3369T>C; c.*39-3369T>C; c.5948A>G *,p.N1983S; p.S1983S,99.65,Benign,100
11,108196957,108196958,C11orf65; ATM,c.6975+13dup; c.*38+8989dup; c.641-17160dup,,0.62,Likely Benign,0.009
11,118307414,118307416,KMT2A; ENSG00000285827,c.200_202del; c.-798-32063_-798-32061del; c.214-10913_214-10911del,p.A67del,1.03,Benign,0.792
11,119077233,119077235,CBL,c.125_127del,p.H42del,1.59,Likely Benign,0.055
11,119142514,119142514,CBL,c.513T>C,p.S171S,49.81,Likely Benign,0.467
11,119155732,119155732,CBL,c.1485G>A,p.P495P,49.73,Likely Benign,0.406
12,25368462,25368462,KRAS,c.451-5617G>A; c.253-5617G>A; c.376-5617G>A; c.483G>A *; c.483G>A,p.R161R,99.58,Benign,99.949
12,111884608,111884608,SH2B3,c.178T>C; c.784T>C,p.W60R; p.W262R,50.34,Benign,66.803
13,19748181,19748181,TUBA3C,c.1175A>T,p.D392V,1.22,Uncertain Significance,
13,19751274,19751274,TUBA3C,c.849C>T,p.H283H,10.23,Uncertain Significance,0.007
13,19751289,19751289,TUBA3C,c.834C>T,p.A278A,1.71,Uncertain Significance,0.009
13,19751292,19751292,TUBA3C,c.831A>G,p.S277S,7.4,Uncertain Significance,0.005
13,19751301,19751301,TUBA3C,c.822G>A,p.P274P,7.45,Uncertain Significance,0.038
13,19751462,19751463,TUBA3C,c.660_661delinsAA,p.R221S,0.77,Uncertain Significance,
13,19751466,19751466,TUBA3C,c.657C>T,p.I219I,1.45,Uncertain Significance,0.002
13,19751544,19751544,TUBA3C,c.579G>A,p.T193T,49.67,Benign,27.35
13,19751586,19751586,TUBA3C,c.537G>A,p.T179T,1.26,Uncertain Significance,0.002
13,28609813,28609814,FLT3,c.1419-4dup; n.1485-4dup,,3.17,Uncertain Significance,0.541
13,28609814,28609814,FLT3,c.1419-4del; n.1485-4del,,8.53,Uncertain Significance,0.286
13,28610183,28610183,FLT3,n.1376-3T>C; c.1310-3T>C,,99.77,Uncertain Significance,70.039
13,28623587,28623587,FLT3,n.1036G>A; c.970G>A,p.D324N,47.94,Benign,1.72
13,28624294,28624294,FLT3,n.746C>T; c.680C>T,p.T227M,99.82,Benign,59.806
13,28636084,28636084,FLT3,n.354C>T; c.288C>T,p.D96D,99.64,Benign,98.285
13,28674628,28674628,FLT3,c.20A>G; n.86A>G,p.D7G,99.84,Benign,36.228
13,32906729,32906729,BRCA2,n.1313A>C; c.424+1562A>C; c.745A>C; c.1114A>C,p.N249H; p.N372H,48.87,Benign,27.333
13,32907421,32907421,BRCA2,n.2012del; c.424+2261del; c.1444del; c.1813del,p.I605Yfs*9; p.I482Yfs*9,1.32,Pathogenic,0.003
13,32913055,32913055,BRCA2,c.4563A>G; n.4762A>G; c.425-5640A>G; c.4194A>G; c.1909+5531A>G,p.L1398L; p.L1521L,83.08,Benign,99.275
13,32915005,32915005,BRCA2,c.425-3690G>C; c.1910-3690G>C; c.6144G>C; c.6513G>C; n.6712G>C,p.V2048V; p.V2171V,97.53,Benign,99.253
13,32929387,32929387,BRCA2,c.980T>C; c.7301T>C; c.7028T>C; c.7397T>C; n.7596T>C; c.2465T>C,p.V2434A; p.V2343A; p.V2466A; p.V327A; p.V822A,99.85,Benign,99.343
14,86088056,86088056,FLRT2,c.198T>C,p.T66T,98.56,Benign,99.769
14,86089315,86089315,FLRT2,c.1457G>A,p.R486Q,50.25,Benign,14.909
14,90651285,90651285,KCNK13,c.1171del,p.V391Wfs*7,0.55,Uncertain Significance,0
15,66727454,66727456,MAP2K1,c.170_172delinsGAT; c.104_106delinsGAT,p.K35_Q36delinsR*; p.K57_Q58delinsR*,1.58,Uncertain Significance,
15,74328116,74328116,PML,c.*1119A>G; c.*2167A>G; c.*35+1245A>G; c.*639A>G; c.2314A>G; c.1710+1245A>G; c.1566+1245A>G; c.1255-232A>G; c.2170A>G,p.S772G; p.S724G,97.86,Benign,52.387
15,74328141,74328141,PML,c.1710+1270G>T; c.*664G>T; c.*35+1270G>T; c.2195G>T; c.1566+1270G>T; c.1255-207G>T; c.*2192G>T; c.*1144G>T; c.2339G>T,p.G732V; p.G780V,57.79,Benign,36.446
15,74328206,74328206,PML,c.2260G>C; c.*1209G>C; c.1710+1335G>C; c.1566+1335G>C; c.*35+1335G>C; c.*729G>C; c.2404G>C; c.1255-142G>C; c.*2257G>C,p.A802P; p.A754P,46.93,Benign,12.085
15,82555242,82555242,EFL1; SAXO2,c.-170A>G; c.-784T>C; c.-260A>G; c.-54A>G; c.-307T>C; n.-167T>C; c.-1011T>C; n.84A>G; c.-376A>G; c.-432A>G; c.22A>G; c.-176A>G,p.S8G,50.9,Benign,19.105
15,82558034,82558034,SAXO2,c.178G>C; c.-20G>C; c.28+2505G>C; c.53+2761G>C; c.37G>C,p.A60P; p.A13P,84.01,Benign,61.085
15,82563991,82563991,SAXO2,c.28+8462C>T; c.56C>T; c.140C>T; c.281C>T; c.233+5902C>T; c.101C>T,p.P94L; p.P47L; p.P34L; p.P19L,52.14,Benign,43.935
15,82574879,82574879,SAXO2,c.712T>C; c.448T>C; c.673T>C; c.853T>C; c.628T>C; c.*410T>C,p.W210R; p.W150R; p.W285R; p.W225R; p.W238R,48.07,Benign,24.845
15,88576185,88576185,NTRK3,c.1464C>G; c.1194C>G; c.1170C>G; c.1488C>G,p.A488A; p.A398A; p.A496A; p.A390A,48.34,Benign,34.875
15,88679785,88679785,NTRK3,c.384C>T; c.678C>T *; c.678C>T,p.N226N; p.N128N,99.77,Benign,99.673
15,91295064,91295064,BLM,c.-445A>G; c.847A>G,p.T283A,1.49,Uncertain Significance,0.003
15,91304138,91304139,BLM,c.419dup; c.1544dup,p.N140Kfs*2; p.N515Kfs*2,1.01,Pathogenic,0.009
15,91304139,91304139,BLM,c.419del; c.1544del,p.N515Mfs*16; p.N140Mfs*16,3.83,Pathogenic,0.004
16,3808053,3808055,CREBBP,c.3256-6_3256-4del; c.3370-6_3370-4del,,0.67,Uncertain Significance,0.001
16,3808053,3808053,CREBBP,c.3370-4del; c.3256-4del,,13.63,Benign,25.61
16,67646013,67646014,CTCF,c.950_951del; c.-32-4626_-32-4625del,p.T317Rfs*91,1.1,Likely Pathogenic,0
16,67670636,67670637,CTCF,c.1881_1882insAA; c.897_898insAA,p.P300Nfs*4; p.P628Nfs*4,0.95,Likely Pathogenic,
16,67671655,67671655,CTCF,c.2070del; c.1086del; c.2064del,p.E689Sfs*30; p.E691Sfs*30; p.E363Sfs*30,0.81,Uncertain Significance,
16,89805261,89805261,ZNF276; FANCA,c.4260+29T>C; c.4164T>C; n.2607A>G; c.4293T>C; n.2490A>G; c.*607A>G; n.2524A>G; c.4264+29T>C; n.2430A>G,p.H1388H; p.H1431H,96.76,Benign,70.47
16,89805914,89805914,ZNF276; FANCA,n.3083T>C; n.3177T>C; c.3853A>G; n.3143T>C; c.3982A>G; c.*1260T>C; n.3260T>C,p.T1328A; p.T1285A,49.47,Benign,6.631
16,89806343,89806343,ZNF276; FANCA,n.3572C>A; n.3606C>A; n.3689C>A; n.3512C>A; c.*1689C>A; c.3805+59G>T; c.3934+59G>T,,49.6,Benign,9.739
16,89806347,89806347,ZNF276; FANCA,c.3934+55T>A; n.3693A>T; n.3516A>T; n.3576A>T; c.3805+55T>A; c.*1693A>T; n.3610A>T,,99.62,Benign,52.514
16,89807233,89807233,ZNF276; FANCA,n.4402C>G; n.4496C>G; c.*2579C>G; c.3807G>C; n.4579C>G; n.4462C>G; c.3678G>C,p.L1226L; p.L1269L,51.59,Benign,9.506
16,89809319,89809319,FANCA,c.3654A>G; c.3525A>G,p.P1218P; p.P1175P,41.37,Benign,10.473
16,89815152,89815152,FANCA,c.3134C>T; c.3263C>T,p.S1045F; p.S1088F,50.96,Benign,5.118
16,89816314,89816314,FANCA,c.3067-4T>C; c.2938-4T>C,,47.77,Benign,6.665
16,89825065,89825065,FANCA,c.2901C>T; c.2852+3292C>T,p.S967S,46.36,Benign,6.712
16,89831345,89831346,FANCA,c.2730_2731del,p.W911Dfs*31,0.59,Pathogenic,
16,89836323,89836323,FANCA,c.2426G>A,p.G809D,99.76,Benign,47.268
16,89839766,89839766,FANCA,c.1927C>G,p.P643A,49.09,Benign,6.777
16,89849480,89849480,FANCA,c.1501G>A,p.G501S,48.72,Benign,50.407
16,89857935,89857935,FANCA,c.1235C>T,p.A412V,50.12,Benign,6.64
16,89858417,89858417,FANCA,c.1143G>T,p.T381T,50.13,Benign,6.692
16,89866043,89866043,FANCA,c.700A>G; c.796A>G,p.T234A; p.T266A,99.82,Benign,52.203
17,263456,263456,C17orf97; LOC105371430; LIAT1,c.304+3019T>C; n.46-252A>G; c.822T>C,p.G274G,4.88,Likely Benign,0.016
17,263684,263684,C17orf97; LOC105371430; LIAT1,n.45+86C>G; c.304+3247G>C; c.1050G>C,p.E350D,0.78,Uncertain Significance,
17,263712,263712,C17orf97; LOC105371430; LIAT1,c.304+3275G>A; n.45+58C>T; c.1078G>A,p.E360K,6.15,Uncertain Significance,0.001
17,1554770,1554770,PRPF8; RILP,c.6588T>C; c.-1672T>C; c.6453T>C; c.6441T>C,p.H2196H; p.H2151H; p.H2147H,49.89,Benign,11.332
17,1556911,1556911,PRPF8,c.6159G>A; c.6147G>A; c.6294G>A,p.K2098K; p.K2053K; p.K2049K,49.42,Benign,2.911
17,1565283,1565283,PRPF8,c.3804G>A; c.3792G>A; c.3939G>A,p.P1313P; p.P1268P; p.P1264P,46.67,Benign,2.91
17,1578939,1578939,PRPF8,c.2847G>A; c.2712G>A,p.P949P; p.P904P,50.05,Benign,21.339
17,1580929,1580929,PRPF8,c.1914C>G; c.1779C>G,p.L638L; p.L593L,49.52,Benign,21.727
17,1584324,1584324,PRPF8,c.891T>C,p.N297N,50.54,Benign,21.785
17,7578210,7578210,TP53,c.162A>G; c.639A>G; c.522A>G; c.243A>G; n.701+161A>G,p.R213R; p.R174R; p.R81R; p.R54R,48.17,Benign,1.229
17,7579472,7579472,TP53,c.98C>G; c.215C>G; c.-1020C>G; c.-939C>G; n.357C>G,p.P72R; p.P33R,46,Uncertain Significance,66.289
17,16842912,16842912,TNFRSF13B,c.693T>C; c.831T>C,p.S277S; p.S231S,52.61,Benign,49.363
17,16855878,16855878,TNFRSF13B,c.81G>A; c.62-3581G>A,p.T27T,49.1,Benign,80.823
17,29508775,29508775,NF1,c.702G>A,p.L234L,99.78,Benign,62.01
17,29528142,29528142,NF1,c.1150T>C,p.F384L,2.12,Likely Pathogenic,
17,29541476,29541476,NF1,c.1430C>T; c.1445C>T; c.1400C>T,p.T482I; p.T477I; p.T467I,3.23,Pathogenic,
17,29554541,29554541,NF1,c.2356G>A; c.2371G>A; c.2326G>A,p.A786T; p.A791T; p.A776T,0.86,Pathogenic,
17,29554582,29554582,NF1,c.2397G>A; c.2367G>A; c.2412G>A,p.K799K; p.K789K; p.K804K,16.12,Uncertain Significance,
17,29554589,29554589,NF1,c.2419C>T; c.2374C>T; c.2404C>T,p.L802F; p.L792F; p.L807F,14.87,Pathogenic,
17,30302737,30302737,SUZ12,c.754+15del; c.823+15del,,10.01,Likely Benign,2.318
17,30303572,30303572,SUZ12,c.856C>T; c.787C>T,p.R263*; p.R286*,1.14,Likely Pathogenic,
17,40359729,40359729,STAT5B,c.1924A>C; c.1907-46A>C; c.1831A>C; c.1921A>C,p.N641H; p.N642H; p.N611H,16.49,Pathogenic,0
17,40370235,40370236,STAT5B,c.1099dup; c.1102dup,p.Q368Pfs*9; p.Q367Pfs*9,0.54,Uncertain Significance,0.004
17,40370237,40370237,STAT5B,c.1098C>A; c.1101C>A,p.P367P; p.P366P,49.05,Benign,2.433
17,41245587,41245587,BRCA1,c.646+1174del; c.1835del; c.1073del; c.1883del; c.1748del; c.-99+31701del; c.1961del; c.5-29619del; c.-43-19049del; c.787+1174del; c.784+1174del; c.706+1174del; c.1820del,p.K358Sfs*47; p.K583Sfs*47; p.K607Sfs*47; p.K628Sfs*47; p.K612Sfs*47; p.K654Sfs*47,1.34,Pathogenic,0.001
17,74732507,74732507,MFSD11; SRSF2,c.-1928A>G; c.-1812A>G; c.-733A>G; c.-1623A>G; n.573T>C; n.-1694A>G; c.402T>C; c.-1530A>G; c.402T>C *; c.-1645A>G; c.-738A>G; n.-209A>G; c.-1269A>G; c.366T>C,p.S122S; p.S134S,99.78,Benign,99.703
17,74733099,74733099,MFSD11; MIR636; SRSF2,n.-1102G>A; c.-141G>A; n.-469C>T; c.-1336G>A; c.-1053G>A; n.315C>T; c.-938G>A; c.-146G>A; c.-1220G>A; c.-1031G>A; n.384G>A; c.144C>T; c.-677G>A,p.D48D,96.91,Benign,88.44
18,42456653,42456653,SETBP1,c.540+7405G>A; c.664G>A,p.A222T,48.85,Benign,52.534
18,42456670,42456671,SETBP1,c.540+7422_540+7423insTCTT; c.681_682insTCTT,p.T228Sfs*8,50.8,Benign,52.471
18,42529996,42529996,SETBP1,c.691G>C,p.V231L,94.09,Benign,19.023
18,42532741,42532741,SETBP1,c.3436C>T,p.R1146W,0.64,Uncertain Significance,0
18,42533130,42533130,SETBP1,c.3825A>G,p.S1275S,99.34,Benign,88.475
19,7703982,7703982,STXBP2,c.69C>T; c.165C>T; n.205C>T,p.I23I; p.I55I,49.74,Likely Benign,0.199
19,7711221,7711221,STXBP2,c.1443T>C; n.1458T>C; c.48T>C; c.1347T>C; c.1476T>C; c.1434T>C,p.D481D; p.D492D; p.D478D; p.D449D; p.D16D,49.66,Benign,42.083
19,7712277,7712277,STXBP2,c.1480A>G; c.1609A>G; c.1576A>G; c.1538+144A>G; n.1591A>G; c.181A>G; c.1567A>G,p.I61V; p.I494V; p.I523V; p.I526V; p.I537V,49.59,Benign,64.01
19,10262139,10262139,DNMT1,c.2152del; c.2200del; c.1837del,p.M613Cfs*59; p.M718Cfs*59; p.M734Cfs*59,0.6,Uncertain Significance,
19,10265312,10265312,DNMT1,c.1419A>G; c.1734A>G; c.1782A>G,p.T578T; p.T594T; p.T473T,99.71,Benign,99.074
19,10267077,10267077,DNMT1,c.1341A>G; c.1389A>G; c.1026A>G,p.P447P; p.P463P; p.P342P,50.41,Benign,51.81
19,10939792,10939792,DNM2,c.2139T>C; c.2127T>C,p.A709A; p.A713A,49.52,Benign,31.112
19,33792755,33792757,CEBPA; CEBPA-DT,c.564_566del; c.522_524del; c.207_209del; c.669_671del; n.-954_-952del,p.P175del; p.P70del; p.P189del; p.P224del,1.4,Likely Benign,0.595
19,45284236,45284236,CBLC,c.428A>G,p.K143R,8.72,Uncertain Significance,
19,56171899,56171901,U2AF2,c.259_261del,p.K87del,1.16,Uncertain Significance,0.012
19,56180968,56180968,U2AF2,c.1191C>T; c.1203C>T,p.D397D; p.D401D,99.86,Benign,86.871
20,30946592,30946594,ASXL1,c.-508_-506del; c.25_27del; c.-947_-945del,p.K9del,0.75,Likely Benign,0.035
20,31022403,31022425,ASXL1,c.1869+31_1869+53del; c.1900_1922del; c.1885_1907del; c.1717_1739del,p.E635Rfs*15; p.E574Rfs*15; p.E630Rfs*15,7.1,Pathogenic,0.006
20,31022441,31022442,ASXL1,c.1934dup; c.1751dup; c.1919dup; c.1869+65dup,p.G646Wfs*12; p.G585Wfs*12; p.G641Wfs*12,1.08,Pathogenic,0.05
20,31022442,31022442,ASXL1,c.1919del; c.1869+65del; c.1934del; c.1751del,p.G645Vfs*58; p.G584Vfs*58; p.G640Vfs*58,0.79,Pathogenic,0.029
20,31022959,31022959,ASXL1,c.1869+575T>C; c.2429T>C; c.2261T>C *; c.2261T>C; c.2444T>C *,p.L754P; p.P815P; p.P754P; p.L810P,99.22,Benign,99.999
20,31024274,31024274,ASXL1,c.3576T>C; c.3744T>C; c.1869+1890T>C; c.3759T>C,p.S1253S; p.S1192S; p.S1248S,45.58,Benign,41.808
20,43264927,43264927,ADA,c.-254G>A; n.128G>A; c.36G>A; c.99G>A; c.-115G>A; c.114G>A; c.-118G>A; c.111G>A,p.V33V; p.V12V; p.V37V; p.V38V,99.79,Benign,99.525
20,57430368,57430368,GNAS,c.*42+14427C>G; c.1861C>G; c.2053C>G; c.-39+13438C>G; c.43+14427C>G; c.-39+15373C>G; c.2048C>G,p.R621G; p.R685G; p.T683R,0.92,Uncertain Significance,0
20,57478807,57478807,GNAS,c.393C>T; c.396C>T; c.*299C>T; c.174C>T; c.*296C>T; c.351C>T; c.2322C>T; c.2325C>T; c.*254C>T; c.66C>T; c.297C>T; c.*305C>T; c.219C>T; c.2277C>T; c.216C>T; c.348C>T,p.I775I; p.I117I; p.I72I; p.I116I; p.I73I; p.I759I; p.I132I; p.I131I; p.I58I; p.I22I; p.I99I; p.I774I,49.48,Benign,54.473
20,62292822,62292824,RTEL1-TNFRSF6B; RTEL1,c.-383_-381del; n.1114_1116del; c.287_289del,p.A96del,1.17,Uncertain Significance,0.025
20,62293272,62293272,RTEL1-TNFRSF6B; RTEL1,c.371A>G; n.1198A>G; c.-299A>G,p.N124S,50.29,Benign,6.175
20,62297400,62297400,RTEL1-TNFRSF6B; RTEL1,c.-88T>C; c.654T>C; c.582T>C; n.1409T>C,p.I194I; p.I218I,49.2,Benign,7.103
20,62319919,62319919,RTEL1-TNFRSF6B; RTEL1,n.2588G>A; c.1833G>A; c.1092G>A; c.1761G>A,p.P364P; p.P611P; p.P587P,48.35,Likely Benign,0.358
20,62320968,62320968,RTEL1-TNFRSF6B; RTEL1,c.1992T>C; n.2819T>C; c.1323T>C; c.2064T>C,p.D688D; p.D664D; p.D441D,98.22,Benign,74.921
20,62321655,62321655,RTEL1-TNFRSF6B; RTEL1,c.2274G>A; c.1605G>A; c.2346G>A; n.3101G>A,p.A535A; p.A758A; p.A782A,97.91,Benign,74.19
20,62322288,62322288,RTEL1-TNFRSF6B; RTEL1,c.2544T>C; c.2616T>C; n.3371T>C; c.1875T>C,p.P625P; p.P848P; p.P872P,99.48,Benign,75.007
20,62326110,62326110,RTEL1-TNFRSF6B; RTEL1; TNFRSF6B,n.3953A>C; c.2457A>C; c.-2011A>C; c.3126A>C; c.3198A>C,p.Q1042H; p.Q819H; p.Q1066H,99.14,Benign,75.489
21,44513243,44513243,U2AF1; LOC102724594,c.692C>T; c.473C>T; c.578C>T,p.S231L; p.S193L; p.S158L,1.06,Uncertain Significance,0
22,17669306,17669306,ADA2,c.644A>G; c.398A>G; c.281A>G; c.1004A>G; c.878A>G,p.H335R; p.H215R; p.H94R; p.H133R; p.H293R,99.93,Benign,34.448
22,17690409,17690409,ADA2,c.33C>T; c.-38-2229C>T; c.159C>T,p.N11N; p.N53N,49.28,Benign,43.28
22,23523630,23523630,BCR,c.483C>A,p.I161I,45.29,Benign,28.124
22,23627369,23627369,BCR,c.2387A>G,p.N796S,98.88,Benign,81.784
22,23651619,23651619,BCR,c.3021G>A; c.2889G>A,p.P963P; p.P1007P,16.32,Likely Benign,0.202
22,23653880,23653880,BCR,c.3183-4G>A; c.3051-4G>A,,47.67,Benign,38.099
22,23653975,23653976,BCR,c.3143_3146dup; c.3275_3278dup,p.V1050Rfs*17; p.V1094Rfs*17,6.78,Uncertain Significance,0.28
22,23654012,23654012,BCR,c.3311C>G; c.3179C>G,p.A1060G; p.A1104G,1.97,Uncertain Significance,0.001
22,23654017,23654017,BCR,c.3316G>A; c.3184G>A,p.D1062N; p.D1106N,9.35,Likely Pathogenic,0.024
22,29083909,29083909,CHEK2,c.1608A>G; c.1737A>G; c.948A>G; c.1335A>G; c.945A>G; c.1521A>G; c.1407A>G,p.P316P; p.P579P; p.P469P; p.P536P; p.P315P; p.P445P; p.P507P,1.72,Uncertain Significance,0
22,29090030,29090031,CHEK2,c.790_791delinsT; c.787_788delinsT; c.1177_1178delinsT; c.1579_1580delinsT; c.1450_1451delinsT; c.1363_1364delinsT; c.1249_1250delinsT,p.P263Cfs*8; p.P527Cfs*8; p.P455Cfs*8; p.P484Cfs*8; p.P264Cfs*8; p.P417Cfs*8; p.P393Cfs*8,0.52,Likely Pathogenic,
22,29090054,29090054,CHEK2,c.1154C>T; c.764C>T; c.1427C>T; c.1226C>T; c.1340C>T; c.1556C>T; c.767C>T,p.T256M; p.T476M; p.T255M; p.T385M; p.T409M; p.T519M; p.T447M,4.4,Uncertain Significance,0.031
22,29091142,29091142,CHEK2,c.1261G>A; c.685G>A; c.1075G>A; c.1348G>A; c.688G>A; c.1477G>A; c.1147G>A,p.E421K; p.E229K; p.E359K; p.E383K; p.E493K; p.E450K; p.E230K,5.54,Likely Pathogenic,
22,30742328,30742330,SF3A1,c.364_366del,p.Q122del,1.25,Uncertain Significance,0.006
22,41551039,41551039,EP300,c.3183T>A; c.3105T>A,p.T1061T; p.T1035T,99.72,Benign,65.695
22,41566525,41566525,EP300,c.4408del; c.4330del,p.M1444Cfs*26; p.M1470Cfs*26,1.1,Pathogenic,
X,1331495,1331495,CRLF2,c.-201C>G; c.33C>G; n.48C>G,p.A11A,99.79,Benign,21.325
X,15343205,15343205,PIGA,n.660G>T; c.216G>T; n.376G>T; c.918G>T,p.L72L; p.L306L,0.76,Uncertain Significance,
X,15841311,15841311,ZRSR2,c.1317C>G; c.1395C>G,p.G465G; p.G439G,1.6,Likely Benign,
X,15841319,15841319,ZRSR2,c.1325G>A; c.1403G>A,p.R468K; p.R442K,3.12,Uncertain Significance,
X,34148806,34148844,FAM47A,c.1552_1590del,p.R518_L530del,27.12,Benign,6.145
X,34149267,34149267,FAM47A,c.1129G>T,p.A377S,49.8,Benign,20.016
X,34150150,34150150,FAM47A,c.246T>C,p.S82S,50.17,Likely Benign,0.499
X,39933339,39933339,BCOR,c.1260T>C,p.D420D,95.88,Benign,89.92
X,44929077,44929077,KDM6A,c.1940C>A; c.2255C>A; c.2039C>A; c.2075C>A; c.2198C>A; c.2333C>A; c.2096C>A; c.1289C>A; n.2460C>A; c.2042C>A; c.2177C>A,p.T430K; p.T680K; p.T681K; p.T692K; p.T726K; p.T733K; p.T647K; p.T699K; p.T778K; p.T752K,50.09,Benign,13.199
X,47057647,47057647,UBA1,c.1-555A>G,,99.76,Benign,99.806
X,48542816,48542817,WAS,c.273+11dup,,44.67,Likely Benign,1.43
X,48542816,48542817,WAS,c.273+10_273+11dup,,0.71,Benign,0.497
X,76937963,76937963,ATRX,c.2785C>G; c.2671C>G; c.2785G>C *; c.2671G>C *,p.Q929E; p.Q891E; p.E929Q; p.E891Q,48.12,Benign,38.534
X,129147079,129147079,BCORL1,c.331T>C *; c.331T>C,p.F111L; p.L111L,95.45,Benign,99.998
X,129147373,129147373,BCORL1,c.625G>A,p.G209S,51.78,Benign,7.267
X,130678467,130678467,IGSF1; OR13H1,c.420A>G; c.-913+34175T>C,p.V140V,49.95,Benign,64.296
X,130678596,130678596,IGSF1; OR13H1,c.549C>G; c.-913+34046G>C,p.L183L,50.74,Benign,27.233
X,130678844,130678844,IGSF1; OR13H1,c.797A>C; c.-913+33798T>G,p.Y266S,48.81,Benign,64.337
X,153994596,153994596,DKC1,n.471G>T; n.948G>T; c.-241G>T; c.369G>T; c.282G>T,p.T123T; p.T94T,99.87,Benign,99.752
X,153999117,153999117,DKC1,c.960T>G; n.1697T>G; n.1471T>G; n.1578T>G; c.879T>G; c.999T>G; c.390T>G; c.912T>G,p.I333M; p.I320M; p.I304M; p.I293M; p.I130M,0.84,Uncertain Significance,
X,154005088,154005089,DKC1,n.1984_1986dup; c.*738_*740dup; n.2210_2212dup; c.*471_*473dup; n.2091_2093dup; c.1392_1394dup; c.1473_1475dup; c.1511_1513dup; c.903_905dup; c.1497_1499dup; c.1425_1427dup; c.1512_1514dup,p.K465dup; p.K500dup; p.K302dup; p.K505dup; p.R504dup; p.K492dup; p.K476dup,0.54,Likely Benign,0.707
X,154005089,154005091,DKC1,n.2091_2093del; c.903_905del; n.1984_1986del; c.1425_1427del; c.*738_*740del; n.2210_2212del; c.1512_1514del; c.1392_1394del; c.1473_1475del; c.1511_1513del; c.1497_1499del; c.*471_*473del,p.R504del; p.K476del; p.K500del; p.K505del; p.K492del; p.K465del; p.K302del,1.23,Likely Benign,0.38