Chromosome,Position,End Position,Gene Symbol,Transcript Variant,Protein Variant,1728D-NSQxleap-ClinRun15 - Allele Fraction,Classification,gnomAD Frequency
1,12918885,12918885,PRAMEF2,c.21G>C,p.P7P,2.40,Likely Benign,0.393
1,12918891,12918891,PRAMEF2,c.27A>C,p.L9L,1.56,Benign,6.355
1,12919798,12919798,PRAMEF2,c.538C>T,p.L180L,0.70,Likely Benign,0.000
1,12921114,12921114,PRAMEF2,c.905G>A,p.C302Y,1.99,Uncertain Significance,0.041
1,12921119,12921119,PRAMEF2,c.910A>T,p.N304Y,1.99,Uncertain Significance,0.194
1,12921127,12921127,PRAMEF2,c.918A>G,p.L306L,3.97,Benign,26.699
1,12921136,12921137,PRAMEF2,c.927_928delinsTG,p.L310V,4.50,Likely Pathogenic,
1,12921635,12921635,PRAMEF2,c.*1G>A,,15.68,Benign,7.865
1,35250819,35250819,GJB3,c.456C>T,p.L152L,2.74,Uncertain Significance,
1,35251161,35251161,GJB3,c.798C>T,p.N266N,49.64,Benign,8.893
1,36932047,36932047,CSF3R,c.2026G>A; c.2503G>A; c.2247+175G>A; c.2422G>A,p.E676K; p.E808K; p.E835K,47.55,Likely Benign,0.640
1,36935323,36935323,CSF3R,c.1404del; c.1008del,p.S469Afs*22; p.S337Afs*22,0.51,Uncertain Significance,0.000
1,36937059,36937059,CSF3R,c.864T>C; c.1260T>C,p.T420T; p.T288T,48.58,Benign,55.798
1,43805046,43805046,MPL,c.475A>G; c.496A>G,p.R159G; p.R166G,0.71,Uncertain Significance,
1,47685455,47685455,TAL1,c.933A>G; c.456A>G *; c.933A>G *,p.K311K; p.K152K,98.74,Benign,100.000
1,65306997,65306997,JAK1,c.2451del; c.2475del; c.2448del; c.2580del; c.2577del; c.2574del,p.K816Nfs*16; p.K817Nfs*16; p.K858Nfs*16; p.K859Nfs*16; p.K860Nfs*16; p.K825Nfs*16,0.90,Pathogenic,
1,65310489,65310489,JAK1,c.2199A>G; c.2067A>G; c.2070A>G; c.2193A>G; c.2196A>G,p.P690P; p.P733P; p.P689P; p.P731P; p.P732P,51.76,Benign,30.343
1,65312342,65312342,JAK1,c.1977C>T; c.1845C>T; c.1848C>T; c.1974C>T; c.1971C>T,p.R658R; p.R659R; p.R615R; p.R657R; p.R616R,48.76,Benign,3.343
1,65339111,65339111,JAK1,c.425del,p.K142Rfs*24; p.K142Rfs*26,0.69,Likely Pathogenic,
1,172628474,172628476,FASLG,c.144_146del,p.P53del,0.91,Uncertain Significance,0.015
1,172628510,172628512,FASLG,c.180_182del,p.P62del,0.62,Likely Benign,0.003
2,48010488,48010488,MSH6,c.-984G>A; c.-468G>A; c.116G>A; c.-69+118G>A; c.-879G>A; c.-791G>A; c.-724G>A; c.-424G>A; c.-890G>A; c.-1233G>A; c.-38+118G>A; c.-1134G>A; c.-213G>A; c.-37-7578G>A; n.205G>A; c.-695G>A; c.-794G>A; c.-467G>A; c.-813G>A; c.-621G>A; c.-1399G>A; c.-280+118G>A; c.61G>A,p.G21R; p.G39E,48.87,Benign,18.288
2,48030639,48030640,MSH6,c.2355dup; c.2871dup; c.42dup; n.3451dup; n.3522dup; c.2397dup; c.108dup; n.3350dup; c.1206dup; c.3267dup; c.3173-86dup; n.2191dup; c.3357dup; c.2736dup; c.3183dup; c.3173-2110dup; c.3093dup; c.1695dup; c.2964dup; c.3261dup,p.F403Lfs*5; p.F15Lfs*5; p.F1032Lfs*5; p.F1062Lfs*5; p.F1088Lfs*5; p.F800Lfs*5; p.F913Lfs*5; p.F958Lfs*5; p.F1090Lfs*5; p.F989Lfs*5; p.F1120Lfs*5; p.F786Lfs*5; p.F37Lfs*5; p.F566Lfs*5,1.27,Pathogenic,0.006
2,48030640,48030640,MSH6,c.3093del; c.3261del; c.2355del; c.3267del; c.3183del; c.3173-2110del; c.108del; n.3451del; c.3173-86del; c.2964del; c.2397del; c.3357del; n.3522del; c.2871del; n.3350del; c.1206del; n.2191del; c.42del; c.2736del; c.1695del,p.F786Sfs*2; p.F913Sfs*2; p.F958Sfs*2; p.F1088Sfs*2; p.F37Sfs*2; p.F989Sfs*2; p.F1032Sfs*2; p.F1090Sfs*2; p.F566Sfs*2; p.F800Sfs*2; p.F1120Sfs*2; p.F403Sfs*2; p.F1062Sfs*2; p.F15Sfs*2,1.08,Pathogenic,0.001
2,61720156,61720156,XPO1,c.1278A>C; c.885A>C; c.1233A>C; c.777A>C; c.921A>C; c.1062A>C; c.1002A>C,p.K307N; p.K426N; p.K259N; p.K411N; p.K334N; p.K354N; p.K295N,3.16,Uncertain Significance,
2,198257795,198257795,SF3B1,c.3657A>G,p.V1219V,99.93,Benign,66.086
2,198265526,198265526,SF3B1,c.2631T>C,p.G877G,99.89,Benign,66.033
2,198283305,198283305,SF3B1,c.423A>G,p.K141K,99.74,Benign,66.128
2,204736106,204736106,CTLA4,c.457+450G>A; c.463G>A; c.110-1325G>A; c.535G>A,p.E155K; p.E179K,6.05,Uncertain Significance,
3,10088266,10088266,FANCD2,c.1137G>T,p.V379V,20.98,Benign,18.180
3,10088299,10088299,FANCD2,c.1170C>T,p.S390S,27.65,Benign,25.706
3,10088308,10088308,FANCD2,c.1179T>C,p.T393T,28.13,Benign,26.856
3,10088343,10088343,FANCD2,c.1214A>G,p.N405S,27.93,Benign,25.717
3,10088404,10088404,FANCD2,c.1275C>T,p.Y425Y,27.89,Benign,4.544
3,10088408,10088412,FANCD2,c.1278+1_1278+5delinsT,,28.00,Likely Pathogenic,
3,10089723,10089723,FANCD2,c.1401G>A,p.T467T,1.71,Benign,41.841
3,10089738,10089738,FANCD2,c.1413+3A>G,,1.73,Benign,39.278
3,10106408,10106408,FANCD2,c.2022-5C>T; c.1911-5C>T,,0.84,Likely Benign,0.051
3,10106532,10106532,FANCD2,c.2030C>T; c.2141C>T,p.P677L; p.P714L,4.71,Benign,14.696
3,10107128,10107128,FANCD2,c.2108G>A; c.2219G>A,p.C740Y; p.C703Y,0.70,Uncertain Significance,
3,10107147,10107147,FANCD2,c.2238C>T; c.2127C>T,p.N746N; p.N709N,1.01,Uncertain Significance,0.003
3,10107168,10107168,FANCD2,c.2148T>C; c.2259T>C,p.D753D; p.D716D,1.57,Uncertain Significance,0.003
3,10142949,10142949,FANCD2OS; FANCD2,c.*43+2933G>A; c.*3C>T,,99.88,Benign,32.842
3,105422844,105422844,CBLB,c.252G>A; c.801G>A; n.1986G>A; n.1623G>A; c.1647G>A; c.1665G>A; n.1920G>A; n.1660G>A; n.2004G>A; n.1872G>A; c.1581G>A; n.1696G>A; c.1434G>A; c.393G>A,p.T527T; p.T549T; p.T478T; p.T555T; p.T267T; p.T84T; p.T131T,99.76,Benign,72.630
3,128202754,128202754,GATA2,c.966C>T; c.1248C>T,p.Y416Y; p.Y322Y,1.09,Uncertain Significance,0.001
3,128204951,128204951,GATA2,c.490G>A; c.772G>A,p.A164T; p.A258T,47.32,Uncertain Significance,19.632
3,128205860,128205860,GATA2,c.297C>G; c.15C>G,p.P99P; p.P5P,99.79,Benign,66.313
3,183211906,183211906,KLHL6,c.1311T>C,p.N437N,99.72,Benign,55.874
3,183212026,183212026,KLHL6,c.1191G>A,p.S397S,48.67,Benign,17.403
3,183226114,183226114,KLHL6,c.642C>A,p.P214P,47.15,Benign,9.985
3,183273230,183273230,KLHL6,c.212del,p.L71Rfs*35,0.66,Uncertain Significance,0.000
3,187447032,187447032,LOC100131635; BCL6,n.294-3127G>A; c.1161C>T,p.N387N,99.09,Benign,64.365
4,1807894,1807894,FGFR3,c.1956G>A; n.2379G>A; c.1959G>A; c.1953G>A; c.1617G>A,p.T651T; p.T652T; p.T539T; p.T653T,99.88,Benign,98.654
4,55141055,55141055,PDGFRA; ENSG00000282278,c.1740A>G; c.1776A>G; c.1701A>G; c.1018-37A>G,p.P580P; p.P592P; p.P567P,49.28,Benign,98.760
4,55161391,55161391,PDGFRA; ENSG00000282278,c.2502T>C; c.3261T>C; c.3222T>C; c.3297T>C,p.D834D; p.D1099D; p.D1087D; p.D1074D,99.91,Benign,99.911
4,57352505,57352505,SRP72,n.1120G>A; c.918G>A; c.1101G>A,p.Q306Q; p.Q367Q,3.95,Uncertain Significance,0.000
4,106155185,106155185,TET2; TET2-AS1,c.149C>G; c.86C>G; n.319-56356G>C,p.P50R; p.P29R,46.61,Benign,6.050
4,106156289,106156291,TET2; TET2-AS1,n.319-57462_319-57460del; c.1264_1266del; c.1201_1203del,p.P401del; p.P422del,0.79,Uncertain Significance,0.003
4,106196951,106196951,TET2; TET2-AS1,c.5284A>G; n.318+58592T>C; c.5347A>G,p.I1762V; p.I1783V,48.64,Benign,29.475
4,153268227,153268228,FBXW7,c.585-5dup; c.345-5dup; c.231-5dup,,3.99,Benign,6.481
4,153268228,153268229,FBXW7,c.231-6_231-5del; c.585-6_585-5del; c.345-6_345-5del,,4.89,Likely Benign,2.512
4,153332605,153332607,FBXW7,c.349_351del,p.E117del,0.65,Uncertain Significance,0.022
5,1294086,1294086,TERT,c.915G>A; n.994G>A,p.A305A,99.35,Benign,27.537
5,1294665,1294665,TERT,c.336del; n.415del,p.E113Rfs*15,1.21,Uncertain Significance,0.003
5,35861068,35861068,IL7R,c.197T>C; n.284T>C,p.I66T,46.67,Benign,62.570
5,35867541,35867541,IL7R,n.448del; c.361del,p.I121*,1.33,Uncertain Significance,0.000
5,35871190,35871190,IL7R,c.412G>A; n.499G>A,p.V138I,47.36,Benign,64.899
5,35871273,35871273,IL7R,c.495C>T; n.582C>T,p.H165H,45.29,Benign,12.679
5,149447806,149447808,CSF1R,n.1723_1725del; c.1596_1598del; n.1652_1654del; c.1152_1154del,p.L537del; p.L389del,0.73,Uncertain Significance,0.005
5,149459831,149459831,CSF1R,n.432C>T; c.-69C>T; c.376C>T; n.503C>T,p.P126S,1.66,Uncertain Significance,
5,149460343,149460343,CSF1R,n.350C>T; n.421C>T; c.294C>T; c.-151C>T,p.H98H,50.80,Benign,5.610
5,176675269,176675269,NSD1,c.4171del; c.3718del; c.3838del; c.4282del; c.4591del,p.M1240Cfs*43; p.M1280Cfs*43; p.M1428Cfs*43; p.M1391Cfs*43; p.M1531Cfs*43,0.77,Likely Pathogenic,
5,176721198,176721198,NSD1,c.5956T>C; c.1471T>C; c.6067T>C; c.6829T>C; c.6076T>C; c.5707T>C; c.6520T>C; c.6409T>C,p.L1986L; p.L2174L; p.L1903L; p.L491L; p.L2137L; p.L2277L; p.L2026L; p.L2023L,99.69,Benign,82.274
5,176721272,176721272,NSD1,c.6030G>C; c.6903G>C; c.6141G>C; c.6594G>C; c.6483G>C; c.6150G>C; c.5781G>C; c.1545G>C,p.G2010G; p.G2198G; p.G2050G; p.G2161G; p.G1927G; p.G515G; p.G2047G; p.G2301G,49.31,Benign,18.678
5,176940384,176940384,DDX41,c.822C>T; c.1200C>T,p.R274R; p.R400R,99.73,Benign,41.586
6,18139214,18139214,TPMT,c.474C>T; c.474T>C *,p.I158I,49.76,Benign,76.396
6,33287898,33287900,DAXX,c.1389_1391del; c.1128_1130del; c.1353_1355del,p.E457del; p.E382del; p.E469del,0.83,Uncertain Significance,0.031
6,33288271,33288271,DAXX,c.1173T>C; c.912T>C; c.1137T>C,p.Y379Y; p.Y304Y; p.Y391Y,49.41,Benign,29.226
7,2946461,2946461,CARD11,c.3276A>G,p.R1092R,44.77,Benign,51.281
7,2963941,2963943,CARD11,c.1864_1866del,p.S622del,0.92,Uncertain Significance,0.001
7,2966383,2966383,CARD11,c.1797A>G,p.L599L,0.83,Uncertain Significance,
7,6026775,6026775,PMS2,c.1513A>G; c.1645A>G; c.850A>G; c.1423A>G; c.1465A>G; c.1048A>G; c.1453A>G; c.1147A>G; c.804-4153A>G; c.1303A>G; c.1618A>G; c.1255A>G; c.1108A>G; c.1312A>G; n.1708A>G; c.1807A>G; c.1285A>G; c.1621A>G; c.803+10182A>G; c.1216A>G; c.1297A>G; c.1060A>G; c.688A>G; c.1156A>G,p.K429E; p.K603E; p.K433E; p.K489E; p.K541E; p.K230E; p.K383E; p.K505E; p.K549E; p.K386E; p.K354E; p.K475E; p.K540E; p.K350E; p.K370E; p.K419E; p.K435E; p.K284E; p.K406E; p.K438E; p.K485E,97.93,Benign,84.429
7,6026988,6026988,PMS2,c.835C>T; c.1594C>T; c.1084C>T; c.1042C>T; c.1003C>T; c.1405C>T; c.1240C>T; n.1495C>T; c.1300C>T; c.934C>T; c.1090C>T; c.475C>T; c.1252C>T; c.803+9969C>T; c.1099C>T; c.895C>T; c.847C>T; c.1072C>T; c.1210C>T; c.943C>T; c.804-4366C>T; c.637C>T; c.1432C>T; c.1408C>T,p.P470S; p.P159S; p.P434S; p.P478S; p.P418S; p.P414S; p.P299S; p.P279S; p.P312S; p.P364S; p.P283S; p.P469S; p.P348S; p.P335S; p.P367S; p.P404S; p.P315S; p.P213S; p.P532S; p.P362S; p.P358S,48.99,Benign,38.600
7,6027002,6027002,PMS2,c.1238A>G; c.1070A>G; c.821A>G; c.920A>G; c.1058A>G; c.989A>G; c.1394A>G; c.623A>G; c.1580A>G; n.1481A>G; c.1196A>G; c.1028A>G; c.804-4380A>G; c.1076A>G; c.881A>G; c.803+9955A>G; c.1226A>G; c.461A>G; c.929A>G; c.1418A>G; c.833A>G; c.1085A>G; c.1391A>G; c.1286A>G,p.K274R; p.K294R; p.K307R; p.K359R; p.K343R; p.K278R; p.K399R; p.K464R; p.K362R; p.K310R; p.K330R; p.K208R; p.K527R; p.K357R; p.K353R; p.K409R; p.K429R; p.K413R; p.K473R; p.K465R; p.K154R,1.37,Likely Benign,0.002
7,6036980,6036980,PMS2,c.780C>G; c.966C>G; c.-154C>G; c.471C>G; c.444C>G; c.672C>G; c.267C>G; c.804C>G; c.705+1759C>G; c.132+5104C>G; c.375C>G; c.207C>G; c.612C>G; c.777C>G; n.867C>G; c.537+5104C>G; c.462C>G,p.S157S; p.S125S; p.S89S; p.S148S; p.S69S; p.S322S; p.S204S; p.S224S; p.S268S; p.S260S; p.S259S; p.S154S,99.96,Benign,80.387
7,6043613,6043613,PMS2,c.-113C>T; c.-245C>T; c.25C>T; c.-63C>T; c.-142C>T; n.327C>T; c.-645C>T; c.-341C>T; c.426C>T; c.-192C>T; c.-52-1346C>T; c.-156C>T; c.240C>T; c.-166C>T,p.F80F; p.F142F; p.R9*,4.83,Likely Benign,0.007
7,6043666,6043666,PMS2,c.-219G>A; c.-116G>A; c.-29G>A; c.373G>A; c.-52-1399G>A; c.-245G>A; c.-195G>A; n.274G>A; c.-166G>A; c.-298G>A; c.-209G>A; c.-394G>A; c.187G>A; c.-698G>A,p.V63M; p.V125M,0.87,Uncertain Significance,0.000
7,6045634,6045634,Y_RNA; PMS2,n.-1618A>G; c.-164A>G; c.-52-1945A>G; c.-330A>G; c.-301A>G; c.-433A>G; c.238A>G; c.-242-1945A>G; c.-251A>G; c.-354A>G; c.-321-1945A>G; n.139A>G; c.-344A>G; c.-529A>G; c.52A>G; c.-833A>G; c.-218-1945A>G; c.-380A>G; c.-189-1945A>G,p.I18V; p.I80V,32.79,Benign,0.904
7,50467767,50467767,IKZF1,c.573C>A; c.543C>A; c.801C>A; c.417C>A; c.711C>A; c.585C>A; c.615C>A; c.1062C>A; c.876C>A; c.1002C>A; c.312C>A; c.741C>A; c.447C>A; c.480C>A,p.P292P; p.P160P; p.P195P; p.P354P; p.P191P; p.P181P; p.P334P; p.P267P; p.P247P; p.P104P; p.P237P; p.P149P; p.P139P; p.P205P,51.45,Benign,17.935
7,55233089,55233089,EGFR,c.1704C>T; c.1839C>T; c.1038C>T; c.1680C>T,p.A560A; p.A568A; p.A613A; p.A346A,49.22,Benign,5.190
7,55238874,55238874,EGFR,c.1752T>A; c.1086T>A; c.1887T>A; c.1728T>A,p.T584T; p.T362T; p.T629T; p.T576T,51.78,Benign,37.141
7,55249063,55249063,EGFR-AS1; EGFR,n.1201C>T; c.2226G>A; c.1560G>A; c.2202G>A; c.2361G>A,p.Q734Q; p.Q787Q; p.Q520Q; p.Q742Q,99.87,Benign,52.144
7,55266417,55266417,EGFR,c.2574T>C; c.2709T>C; c.1908T>C; c.2550T>C,p.T636T; p.T903T; p.T858T; p.T850T,89.92,Benign,89.426
7,92730745,92730745,SAMD9,c.4666G>A,p.A1556T,48.44,Uncertain Significance,0.552
7,92760738,92760738,SAMD9L,c.4547del,p.N1516Mfs*10,0.94,Uncertain Significance,0.000
7,92761875,92761875,SAMD9L,c.3410G>C,p.G1137A,48.69,Benign,2.446
7,101892121,101892121,CUX1,c.3876G>A; c.1250-24516G>A; c.1256-24516G>A; c.1118-24516G>A; c.4182G>A; c.1139-24516G>A; c.1208-24516G>A; c.4350G>A; c.4317G>A,p.P1450P; p.P1394P; p.P1292P; p.P1439P,99.20,Benign,48.426
7,101916647,101916647,CUX1,c.1260A>G; c.1266A>G *; c.1218A>G *; c.1149A>G; c.1218A>G; c.1149A>G *; c.1266A>G; c.1128A>G *; c.1128A>G; c.1260A>G *,p.A383A; p.A422A; p.A376A; p.A420A; p.A406A,99.82,Benign,72.926
7,101917521,101917521,CUX1,c.1252G>A; c.1384G>A; c.1342G>A; c.1390G>A; c.1273G>A,p.A464T; p.A462T; p.A425T; p.A418T; p.A448T,48.08,Benign,56.358
7,103141351,103141351,RELN; SLC26A5-AS1,c.8508C>T; n.1366-3500G>A,p.F2836F,51.43,Benign,3.615
7,103155705,103155705,RELN,c.8046T>C,p.H2682H,48.94,Benign,46.782
7,103155864,103155864,RELN,c.7887T>C,p.P2629P,50.05,Benign,18.014
7,103205893,103205893,RELN,c.5042G>A,p.S1681N,0.60,Uncertain Significance,0.002
7,103230238,103230238,RELN,c.3950C>T,p.A1317V,1.47,Uncertain Significance,
7,103301976,103301977,RELN,c.1290-3dup,,2.02,Benign,0.535
7,103301977,103301977,RELN,c.1290-3del,,4.67,Likely Benign,0.024
7,103389954,103389954,RELN,c.578-3T>C,,50,Benign,49.219
7,103629804,103629806,RELN,c.-3_-1del,,1.53,Likely Benign,1.127
7,116435768,116435768,MET,c.3858C>T; c.2568C>T; c.3912C>T,p.D856D; p.D1286D; p.D1304D,99.84,Benign,42.252
7,116436022,116436022,MET,c.4071G>A; c.4017G>A; c.2727G>A,p.A1339A; p.A1357A; p.A909A,99.69,Benign,42.426
7,116436097,116436097,MET,c.4146G>A; c.4092G>A; c.2802G>A,p.P1382P; p.P934P; p.P1364P,99.90,Benign,42.451
7,139094365,139094366,FMC1-LUC7L2; LUC7L2,c.754_755del; c.748_749del; c.757_758del; c.955_956del,p.E253Rfs*34; p.E250Rfs*34; p.E319Rfs*34; p.E252Rfs*34,2.53,Likely Pathogenic,1.969
7,140434574,140434575,BRAF,c.2026-5dup; c.2017-5dup; c.2128-5dup; c.2062-5dup; c.1972-5dup; c.2127+5037dup; c.1864-5dup; c.2248-5dup; c.2137-5dup,,2.30,Likely Benign,
7,140449164,140449164,BRAF,c.1849G>A; c.1651G>A; c.2035G>A; c.1759G>A; c.1915G>A; c.1804G>A; c.1813G>A; c.1924G>A,p.V587I; p.V642I; p.V679I; p.V602I; p.V605I; p.V639I; p.V617I; p.V551I,1.13,Likely Pathogenic,
7,148543694,148543695,EZH2,c.118-5_118-4del,,7.85,Likely Benign,0.254
7,148543694,148543694,EZH2,c.118-4del,,88.57,Benign,70.685
7,151836879,151836879,KMT2C,c.14515-3del; c.13897-3del; c.14344-3del,,1.82,Uncertain Significance,0.003
7,151874013,151874013,KMT2C,c.8525del; c.8300del,p.N2842Mfs*21; p.N2767Mfs*21,0.88,Likely Pathogenic,0.000
7,151874147,151874148,KMT2C,c.8165dup; c.8390dup,p.E2798Gfs*11; p.E2723Gfs*11,1.12,Likely Pathogenic,0.004
7,151874148,151874148,KMT2C,c.8165del; c.8390del,p.K2722Rfs*26; p.K2797Rfs*26,4.62,Pathogenic,0.195
7,151921255,151921255,KMT2C,c.3168G>A; c.3048G>A,p.W1056*; p.W1016*,5.32,Likely Pathogenic,
7,151921586,151921586,KMT2C,c.3092G>T; c.2972G>T,p.S991I; p.S1031I,0.85,Uncertain Significance,
7,151927021,151927021,KMT2C,c.2963G>T; c.2843G>T,p.C988F; p.C948F,35.30,Benign,22.612
7,151927023,151927023,KMT2C,c.2961C>G; c.2841C>G,p.Y947*; p.Y987*,26.92,Likely Pathogenic,
7,151927025,151927025,KMT2C,c.2959T>C; c.2839T>C,p.Y987H; p.Y947H,26.54,Benign,38.544
7,151927026,151927026,KMT2C,c.2838A>G; c.2958A>G,p.P986P; p.P946P,7.91,Benign,23.424
7,151927067,151927067,KMT2C,c.2797A>G; c.2917A>G,p.R973G; p.R933G,27.57,Likely Pathogenic,
7,151932908,151932908,KMT2C,c.2643A>G; c.2763A>G,p.L921L; p.L881L,3.09,Benign,42.499
7,151935798,151935799,KMT2C,c.2645_2646delinsCA; c.2533-2781_2533-2780delinsCA,p.I882T,30.37,Uncertain Significance,
7,151935866,151935866,KMT2C,c.2533-2848C>T; c.2578C>T,p.P860S,25.86,Likely Pathogenic,
7,151935871,151935871,KMT2C,c.2533-2853G>T; c.2573G>T,p.W858L,26.07,Likely Pathogenic,
7,151945007,151945007,KMT2C,c.2515G>A; c.2512G>A,p.G838S; p.G839S,31.25,Benign,49.408
7,151945071,151945072,KMT2C,c.2447dup; c.2450dup,p.Y816*; p.Y817*,31.39,Benign,48.670
7,151945101,151945101,KMT2C,c.2421C>G; c.2418C>G,p.S807S; p.S806S,2.51,Benign,20.838
7,151945140,151945140,KMT2C,c.2379G>A; c.2382G>A,p.S794S; p.S793S,17.92,Benign,43.539
7,151945215,151945215,KMT2C,c.2304A>G; c.2307A>G,p.S769S; p.S768S,11.41,Likely Benign,3.158
7,151945228,151945228,KMT2C,c.2294C>T; c.2291C>T,p.S765F; p.S764F,4.73,Uncertain Significance,0.012
7,151945256,151945256,KMT2C,c.2263C>T; c.2266C>T,p.Q756*; p.Q755*,2.09,Likely Pathogenic,0.563
7,151945291,151945291,KMT2C,c.2228C>T; c.2231C>T,p.P743L; p.P744L,3.36,Uncertain Significance,0.001
7,151962257,151962257,KMT2C,c.1053G>A; c.1050G>A,p.P351P; p.P350P,6.01,Uncertain Significance,0.100
7,151962265,151962265,KMT2C,c.1042G>A; c.1045G>A,p.D348N; p.D349N,5.67,Uncertain Significance,0.033
7,151962290,151962290,KMT2C,c.1020G>C; c.1017G>C,p.K339N; p.K340N,4.90,Uncertain Significance,0.008
7,151970856,151970856,KMT2C,c.946A>T; c.949A>T,p.T317S; p.T316S,74.60,Benign,50.094
7,151970859,151970859,KMT2C,c.946G>T; c.943G>T,p.G315C; p.G316C,2.89,Uncertain Significance,0.010
7,151970877,151970877,KMT2C,c.925C>T; c.928C>T,p.P309S; p.P310S,9.79,Uncertain Significance,0.519
7,151970951,151970951,KMT2C,c.854G>A; c.851G>A,p.R284Q; p.R285Q,4.46,Likely Benign,0.327
8,30915971,30915971,WRN,c.15del,p.K5Nfs*15,0.79,Likely Pathogenic,0.003
8,30924557,30924557,WRN,c.513C>T,p.C171C,47.32,Benign,70.808
8,30924590,30924590,WRN,c.546A>G,p.K182K,0.80,Uncertain Significance,
8,30941211,30941211,WRN,c.1270-4A>T,,1.64,Uncertain Significance,0.000
8,30945377,30945379,WRN,c.1530_1532del,p.E510del,0.65,Uncertain Significance,0.017
8,30973957,30973957,WRN,c.2361G>T,p.L787L,50.09,Benign,45.121
8,30977943,30977943,WRN,c.2630+10del,,1.15,Uncertain Significance,0.002
8,30982451,30982451,WRN,c.2760A>G,p.K920K,2.28,Uncertain Significance,
8,30999280,30999280,WRN,c.3222G>T,p.L1074F,50.61,Benign,45.358
8,31024638,31024638,WRN,c.4083C>T,p.S1361S,49.85,Benign,29.695
8,38285914,38285916,FGFR1,c.129_131del; c.372_374del; c.495_497del; c.396_398del,p.D44del; p.D133del; p.D125del; p.D166del,0.60,Likely Pathogenic,0.014
8,41798420,41798422,KAT6A,c.2977_2979del,p.E993del,0.70,Uncertain Significance,0.006
8,90982659,90982659,NBN,c.583A>C; c.585-5924A>C; c.829A>C,p.N195H; p.N277H,0.68,Uncertain Significance,
8,128750605,128750607,MYC,c.-192_-190del; c.109_111del; c.151_153del; c.154_156del,p.Q37del; p.Q51del; p.Q52del,0.81,Uncertain Significance,0.002
9,5050706,5050706,JAK2,c.489C>T; n.890C>T; c.-632C>T; n.973C>T; c.42C>T,p.H163H; p.H14H,43.79,Benign,32.549
9,5072561,5072561,JAK2,n.2195G>A; c.1264G>A; n.2112G>A; c.1711G>A; c.496G>A,p.G422S; p.G166S; p.G571S,47.87,Likely Benign,0.046
9,5081780,5081780,JAK2,c.2043G>A; c.1275G>A; n.2891G>A; c.2490G>A; n.2974G>A,p.L681L; p.L425L; p.L830L,47.55,Benign,53.602
9,36840623,36840623,PAX5,c.1008C>T; c.921C>T; c.810C>T; c.878C>T; c.1110C>T; c.894C>T; c.597C>T; c.981C>T; c.1023C>T; c.786C>T; n.1274C>T; c.791C>T; n.1217C>T,p.T293I; p.Y336Y; p.Y327Y; p.Y307Y; p.Y262Y; p.Y341Y; p.Y199Y; p.Y298Y; p.Y370Y; p.T264I; p.Y270Y,99.90,Benign,86.447
9,86586877,86586877,HNRNPK,c.873C>T; c.801C>T,p.P291P; p.P267P,0.69,Uncertain Significance,
9,86586890,86586890,HNRNPK,c.788G>A; c.860G>A,p.R263Q; p.R287Q,1.07,Uncertain Significance,0.000
9,86586893,86586893,HNRNPK,c.785G>A; c.857G>A,p.R262H; p.R286H,3.07,Uncertain Significance,
9,86586904,86586912,HNRNPK,c.766_774del; c.838_846del,p.Y256_D258del; p.Y280_D282del,3.44,Uncertain Significance,
9,139390945,139390947,NOTCH1,c.7124_7126del; c.7244_7246del; c.4841_4843del; c.7130_7132del,p.P2375del; p.P2415del; p.P2377del; p.P1614del,1.21,Uncertain Significance,0.003
9,139391636,139391636,NOTCH1,c.4152C>T; c.6555C>T; c.6441C>T; c.6435C>T,p.D2185D; p.D2145D; p.D1384D; p.D2147D,98.78,Benign,61.822
9,139397707,139397707,NOTCH1,c.4980C>T; c.4974C>T; c.5094C>T; c.2691C>T,p.D1660D; p.D1658D; p.D897D; p.D1698D,49.79,Benign,44.879
9,139405261,139405261,NOTCH1,c.2474-4G>A; c.2588-4G>A; c.185-4G>A,,48.17,Benign,47.788
9,139413908,139413908,NOTCH1,c.852G>A,p.P284P,51.43,Benign,13.351
9,139418260,139418260,NOTCH1,c.312T>C,p.N104N,51.57,Benign,59.336
10,27303605,27303605,ANKRD26,c.4539T>A; c.4542T>A,p.F1514L; p.F1513L,47.38,Benign,21.930
10,27317778,27317778,ANKRD26,c.3969+3A>G; c.3972+3A>G,,50.57,Benign,11.082
10,27317840,27317840,ANKRD26,c.3910G>A; c.3913G>A,p.V1304I; p.V1305I,51.06,Benign,21.844
10,27333122,27333123,ANKRD26,c.1983-4_1983-3del; c.1986-4_1986-3del,,2.04,Uncertain Significance,0.422
10,27333122,27333122,ANKRD26,c.1983-3del; c.1986-3del,,15.51,Benign,34.062
10,27337806,27337808,ANKRD26,c.1736_1738del,p.D579del,1.11,Likely Benign,0.003
10,27369086,27369086,ANKRD26,c.741-996del,,1.69,Uncertain Significance,0.024
10,27381349,27381349,ANKRD26,c.624A>G,p.V208V,50.62,Benign,24.163
10,27389197,27389197,ANKRD26,c.59A>G,p.Q20R,99.19,Benign,89.948
10,27389314,27389314,ANKRD26,c.-59G>A,,50.20,Benign,7.705
10,72358577,72358577,PRF1; PALD1,c.900C>T; c.2419-67G>A; c.2250+34302G>A; c.2263-67G>A,p.H300H,50.43,Benign,64.107
10,72358655,72358655,PRF1; PALD1,c.2250+34380G>A; c.2274G>A; c.822C>T; c.2430G>A,p.A274A; p.S758S; p.S810S,50.04,Benign,16.397
10,89692921,89692921,PTEN,c.360A>T; c.405A>T; c.-346A>T; c.924A>T,p.I120I; p.I308I; p.I135I,0.81,Uncertain Significance,
10,89692923,89692923,PTEN,c.926G>A; c.-344G>A; c.362G>A; c.407G>A,p.C136Y; p.C309Y; p.C121Y,0.81,Pathogenic,
10,90771829,90771829,FAS,n.411T>C; n.612T>C; n.951T>C; n.538+1257T>C; n.474T>C; c.568+1257T>C; n.808T>C; c.687T>C; n.549T>C; n.561T>C; c.579T>C; c.642T>C,p.T193T; p.T229T; p.T214T,99.91,Benign,76.186
10,112357944,112357944,SMC3,c.2164G>A,p.E722K,1.66,Uncertain Significance,
10,112361870,112361870,SMC3,c.3039A>G,p.S1013S,99.93,Benign,99.598
10,123298158,123298158,FGFR2,n.984A>G; c.429A>G; c.696A>G; c.351A>G,p.V232V; p.V143V; p.V117V,99.84,Benign,78.012
11,534242,534242,HRAS,c.81T>C; c.-239T>C,p.H27H,50.88,Benign,31.879
11,30033191,30033191,KCNA4,c.1035C>T,p.G345G,50.40,Benign,17.601
11,30033563,30033563,KCNA4,c.663del,p.F221Lfs*21,0.77,Uncertain Significance,0.000
11,30034029,30034031,KCNA4,c.195_197del,p.H65del,1.40,Uncertain Significance,0.006
11,32417945,32417945,WT1,c.360A>G; c.1071A>G; n.1403A>G; c.420A>G; n.1454A>G; c.999A>G; c.471A>G; c.1122A>G; c.948A>G; c.-67A>G; c.447A>G; c.1116A>G,p.R157R; p.R374R; p.R149R; p.R120R; p.R357R; p.R333R; p.R140R; p.R372R; p.R316R,48.45,Benign,23.571
11,32456485,32456487,WT1-AS; WT1,n.-568_-566del; c.-969_-967del; n.-1089_-1087del; n.599_601del; c.-1278_-1276del; c.420_422del,p.P141del,0.54,Uncertain Significance,0.013
11,32456562,32456562,WT1-AS; WT1,c.345C>T; n.-502G>A; n.524C>T; c.-1044C>T; c.-1353C>T; n.-1023G>A,p.P115P,98.55,Benign,24.419
11,64534503,64534505,SF1,c.1403-61_1403-59del; c.1453_1455del; c.1104_1106del; c.1449_1451del; c.1824_1826del; c.1108_1110del; c.1371_1373del; c.1444_1446del,p.P610del; p.A370del; p.A482del; p.P485del; p.P370del; p.A485del; p.P459del,1.50,Uncertain Significance,0.186
11,72945341,72945341,P2RY2,c.137C>T,p.P46L,96.87,Benign,92.488
11,72946020,72946020,P2RY2,c.816C>T,p.R272R,97.86,Benign,56.602
11,72946140,72946140,P2RY2,c.936G>C,p.R312S,48.69,Benign,27.787
11,72946204,72946204,P2RY2,c.1000C>T,p.R334C,48.10,Benign,15.063
11,85968623,85968623,EED,c.619C>T; c.514C>T; c.799C>T,p.L172L; p.L267L; p.L207L,50.78,Benign,36.301
11,108032707,108032707,NPAT,c.3106C>A; c.3127C>A,p.L1036I; p.L1043I,48.58,Likely Benign,2.172
11,108043988,108043988,NPAT,c.1723G>A,p.V575I,48.59,Benign,60.114
11,108044091,108044091,NPAT,c.1620A>T,p.L540F,49.20,Benign,11.752
11,108183167,108183167,C11orf65; ATM,c.5948A>G; c.641-3369T>C; c.*39-3369T>C; c.5948A>G *,p.N1983S; p.S1983S,100,Benign,100.000
11,118307414,118307416,KMT2A; ENSG00000285827,c.200_202del; c.-798-32063_-798-32061del; c.214-10913_214-10911del,p.A67del,1.48,Benign,0.792
11,119077233,119077235,CBL,c.125_127del,p.H42del,2.09,Likely Benign,0.055
11,119149356,119149358,CBL,c.1380_1382del,p.D460del,0.85,Uncertain Significance,0.004
12,22796804,22796804,ETNK1,c.531C>T; c.264C>T,p.V88V; p.V177V,49.52,Likely Benign,2.570
12,25368462,25368462,KRAS,c.451-5617G>A; c.253-5617G>A; c.376-5617G>A; c.483G>A *; c.483G>A,p.R161R,99.85,Benign,99.949
13,19748181,19748181,TUBA3C,c.1175A>T,p.D392V,1.17,Uncertain Significance,
13,19751274,19751274,TUBA3C,c.849C>T,p.H283H,9.07,Uncertain Significance,0.007
13,19751289,19751289,TUBA3C,c.834C>T,p.A278A,1.08,Uncertain Significance,0.009
13,19751292,19751292,TUBA3C,c.831A>G,p.S277S,6.87,Uncertain Significance,0.005
13,19751301,19751301,TUBA3C,c.822G>A,p.P274P,6.58,Uncertain Significance,0.038
13,19751462,19751463,TUBA3C,c.660_661delinsAA,p.R221S,0.99,Uncertain Significance,
13,19751466,19751466,TUBA3C,c.657C>T,p.I219I,1.74,Uncertain Significance,0.002
13,19751544,19751544,TUBA3C,c.579G>A,p.T193T,49.22,Benign,27.350
13,19751586,19751586,TUBA3C,c.537G>A,p.T179T,1.33,Uncertain Significance,0.002
13,28609813,28609814,FLT3,c.1419-4dup; n.1485-4dup,,2.84,Uncertain Significance,0.541
13,28609814,28609814,FLT3,c.1419-4del; n.1485-4del,,8.95,Uncertain Significance,0.286
13,28610183,28610183,FLT3,n.1376-3T>C; c.1310-3T>C,,99.84,Uncertain Significance,70.039
13,28624294,28624294,FLT3,n.746C>T; c.680C>T,p.T227M,99.77,Benign,59.806
13,28636084,28636084,FLT3,n.354C>T; c.288C>T,p.D96D,99.81,Benign,98.285
13,32906729,32906729,BRCA2,n.1313A>C; c.424+1562A>C; c.745A>C; c.1114A>C,p.N249H; p.N372H,49.41,Benign,27.333
13,32907421,32907421,BRCA2,n.2012del; c.424+2261del; c.1444del; c.1813del,p.I605Yfs*9; p.I482Yfs*9,1.30,Pathogenic,0.003
13,32912299,32912299,BRCA2,c.425-6396T>C; c.3438T>C; c.1909+4775T>C; c.3807T>C; n.4006T>C,p.V1146V; p.V1269V,46.62,Benign,17.542
13,32913055,32913055,BRCA2,c.4563A>G; n.4762A>G; c.425-5640A>G; c.4194A>G; c.1909+5531A>G,p.L1398L; p.L1521L,81.37,Benign,99.275
13,32915005,32915005,BRCA2,c.425-3690G>C; c.1910-3690G>C; c.6144G>C; c.6513G>C; n.6712G>C,p.V2048V; p.V2171V,97.82,Benign,99.253
13,32929387,32929387,BRCA2,c.980T>C; c.7301T>C; c.7028T>C; c.7397T>C; n.7596T>C; c.2465T>C,p.V2434A; p.V2343A; p.V2466A; p.V327A; p.V822A,99.87,Benign,99.343
13,32954023,32954023,BRCA2,c.2680del; c.4165del; c.9046del; c.8728del; c.9001del; c.9097del; n.9360del,p.T1389Lfs*29; p.T3033Lfs*29; p.T2910Lfs*29; p.T3016Lfs*29; p.T894Lfs*29; p.T3001Lfs*29,1.72,Pathogenic,0.001
14,86088056,86088056,FLRT2,c.198T>C,p.T66T,98.92,Benign,99.769
14,90651285,90651285,KCNK13,c.1171del,p.V391Wfs*7,0.74,Uncertain Significance,0.000
15,66727454,66727456,MAP2K1,c.170_172delinsGAT; c.104_106delinsGAT,p.K35_Q36delinsR*; p.K57_Q58delinsR*,0.76,Uncertain Significance,
15,74328116,74328116,PML,c.*1119A>G; c.*2167A>G; c.*35+1245A>G; c.*639A>G; c.2314A>G; c.1710+1245A>G; c.1566+1245A>G; c.1255-232A>G; c.2170A>G,p.S772G; p.S724G,42.58,Benign,52.387
15,74328206,74328206,PML,c.2260G>C; c.*1209G>C; c.1710+1335G>C; c.1566+1335G>C; c.*35+1335G>C; c.*729G>C; c.2404G>C; c.1255-142G>C; c.*2257G>C,p.A802P; p.A754P,49.17,Benign,12.085
15,74336633,74336633,PML,c.1789T>C; c.1933T>C,p.F597L; p.F645L,47.92,Benign,34.517
15,82555242,82555242,EFL1; SAXO2,c.-170A>G; c.-784T>C; c.-260A>G; c.-54A>G; c.-307T>C; n.-167T>C; c.-1011T>C; n.84A>G; c.-376A>G; c.-432A>G; c.22A>G; c.-176A>G,p.S8G,50.06,Benign,19.105
15,82558034,82558034,SAXO2,c.178G>C; c.-20G>C; c.28+2505G>C; c.53+2761G>C; c.37G>C,p.A60P; p.A13P,84.17,Benign,61.085
15,82563991,82563991,SAXO2,c.28+8462C>T; c.56C>T; c.140C>T; c.281C>T; c.233+5902C>T; c.101C>T,p.P94L; p.P47L; p.P34L; p.P19L,99.62,Benign,43.935
15,82574879,82574879,SAXO2,c.712T>C; c.448T>C; c.673T>C; c.853T>C; c.628T>C; c.*410T>C,p.W210R; p.W150R; p.W285R; p.W225R; p.W238R,48.18,Benign,24.845
15,88576185,88576185,NTRK3,c.1464C>G; c.1194C>G; c.1170C>G; c.1488C>G,p.A488A; p.A398A; p.A496A; p.A390A,49.70,Benign,34.875
15,88679785,88679785,NTRK3,c.384C>T; c.678C>T *; c.678C>T,p.N226N; p.N128N,99.91,Benign,99.673
15,91295064,91295064,BLM,c.-445A>G; c.847A>G,p.T283A,1.47,Uncertain Significance,0.003
15,91304138,91304139,BLM,c.419dup; c.1544dup,p.N140Kfs*2; p.N515Kfs*2,1.29,Pathogenic,0.009
15,91304139,91304139,BLM,c.419del; c.1544del,p.N515Mfs*16; p.N140Mfs*16,4.98,Pathogenic,0.004
16,3778303,3778305,CREBBP,c.6743_6745del; c.6629_6631del,p.Q2210del; p.Q2248del,0.89,Uncertain Significance,0.002
16,3778440,3778442,CREBBP,c.6492_6494del; c.6606_6608del,p.Q2216del; p.Q2178del,0.66,Uncertain Significance,
16,3808052,3808053,CREBBP,c.3370-4dup; c.3256-4dup,,5.18,Benign,12.920
16,3808053,3808055,CREBBP,c.3256-6_3256-4del; c.3370-6_3370-4del,,0.95,Uncertain Significance,0.001
16,3808053,3808053,CREBBP,c.3370-4del; c.3256-4del,,15.31,Benign,25.610
16,67646013,67646014,CTCF,c.950_951del; c.-32-4626_-32-4625del,p.T317Rfs*91,0.91,Likely Pathogenic,0.000
16,89805261,89805261,ZNF276; FANCA,c.4260+29T>C; c.4164T>C; n.2607A>G; c.4293T>C; n.2490A>G; c.*607A>G; n.2524A>G; c.4264+29T>C; n.2430A>G,p.H1388H; p.H1431H,44.55,Benign,70.470
16,89805914,89805914,ZNF276; FANCA,n.3083T>C; n.3177T>C; c.3853A>G; n.3143T>C; c.3982A>G; c.*1260T>C; n.3260T>C,p.T1328A; p.T1285A,51.87,Benign,6.631
16,89806343,89806343,ZNF276; FANCA,n.3572C>A; n.3606C>A; n.3689C>A; n.3512C>A; c.*1689C>A; c.3805+59G>T; c.3934+59G>T,,49.98,Benign,9.739
16,89806347,89806347,ZNF276; FANCA,c.3934+55T>A; n.3693A>T; n.3516A>T; n.3576A>T; c.3805+55T>A; c.*1693A>T; n.3610A>T,,50.23,Benign,52.514
16,89807233,89807233,ZNF276; FANCA,n.4402C>G; n.4496C>G; c.*2579C>G; c.3807G>C; n.4579C>G; n.4462C>G; c.3678G>C,p.L1226L; p.L1269L,49.78,Benign,9.506
16,89809319,89809319,FANCA,c.3654A>G; c.3525A>G,p.P1218P; p.P1175P,41.95,Benign,10.473
16,89815152,89815152,FANCA,c.3134C>T; c.3263C>T,p.S1045F; p.S1088F,49.42,Benign,5.118
16,89816314,89816314,FANCA,c.3067-4T>C; c.2938-4T>C,,50.23,Benign,6.665
16,89825065,89825065,FANCA,c.2901C>T; c.2852+3292C>T,p.S967S,51.54,Benign,6.712
16,89836323,89836323,FANCA,c.2426G>A,p.G809D,50.23,Benign,47.268
16,89839766,89839766,FANCA,c.1927C>G,p.P643A,49.52,Benign,6.777
16,89849480,89849480,FANCA,c.1501G>A,p.G501S,46.82,Benign,50.407
16,89857935,89857935,FANCA,c.1235C>T,p.A412V,49.01,Benign,6.640
16,89858417,89858417,FANCA,c.1143G>T,p.T381T,50.23,Benign,6.692
16,89866043,89866043,FANCA,c.700A>G; c.796A>G,p.T234A; p.T266A,51.63,Benign,52.203
17,263294,263294,C17orf97; LOC105371430; LIAT1,c.304+2857C>G; n.46-90G>C; c.660C>G,p.D220E,1.32,Benign,23.003
17,263684,263684,C17orf97; LOC105371430; LIAT1,n.45+86C>G; c.304+3247G>C; c.1050G>C,p.E350D,0.57,Uncertain Significance,
17,263711,263711,C17orf97; LOC105371430; LIAT1,n.45+59G>A; c.304+3274C>T; c.1077C>T,p.P359P,0.60,Likely Benign,
17,1577977,1577980,PRPF8,c.2926-6_2926-3del; c.3061-6_3061-3del,,1.69,Uncertain Significance,
17,1578939,1578939,PRPF8,c.2847G>A; c.2712G>A,p.P949P; p.P904P,50.33,Benign,21.339
17,1580929,1580929,PRPF8,c.1914C>G; c.1779C>G,p.L638L; p.L593L,48.79,Benign,21.727
17,1584324,1584324,PRPF8,c.891T>C,p.N297N,49.91,Benign,21.785
17,1585130,1585130,PRPF8,c.637T>C,p.L213L,49.57,Benign,18.802
17,7579472,7579472,TP53,c.98C>G; c.215C>G; c.-1020C>G; c.-939C>G; n.357C>G,p.P72R; p.P33R,96.92,Uncertain Significance,66.289
17,16842912,16842912,TNFRSF13B,c.693T>C; c.831T>C,p.S277S; p.S231S,47.51,Benign,49.363
17,16842991,16842991,TNFRSF13B,c.752C>T; c.614C>T,p.P205L; p.P251L,48.40,Benign,13.813
17,16855878,16855878,TNFRSF13B,c.81G>A; c.62-3581G>A,p.T27T,99.64,Benign,80.823
17,29483108,29483108,NF1,c.168C>T,p.S56S,50.53,Benign,1.231
17,29490295,29490295,NF1,c.380G>A,p.G127E,1.32,Likely Pathogenic,
17,29508775,29508775,NF1,c.702G>A,p.L234L,99.67,Benign,62.010
17,29527569,29527569,NF1,c.1018T>G,p.S340A,0.60,Likely Pathogenic,
17,29528142,29528142,NF1,c.1150T>C,p.F384L,2.85,Likely Pathogenic,
17,29541476,29541476,NF1,c.1430C>T; c.1445C>T; c.1400C>T,p.T482I; p.T477I; p.T467I,2.21,Pathogenic,
17,29554582,29554582,NF1,c.2397G>A; c.2367G>A; c.2412G>A,p.K799K; p.K789K; p.K804K,16.21,Uncertain Significance,
17,29554589,29554589,NF1,c.2419C>T; c.2374C>T; c.2404C>T,p.L802F; p.L792F; p.L807F,14.51,Pathogenic,
17,30264426,30264428,SUZ12,c.175_177del,p.S59del,1.26,Likely Benign,0.222
17,30267331,30267331,SUZ12,c.301C>T,p.R101*,0.68,Likely Pathogenic,
17,30302736,30302737,SUZ12,c.754+15dup; c.823+15dup,,3.92,Uncertain Significance,2.207
17,30302737,30302737,SUZ12,c.754+15del; c.823+15del,,10.80,Likely Benign,2.318
17,30302737,30302738,SUZ12,c.754+14_754+15del; c.823+14_823+15del,,1.69,Uncertain Significance,0.001
17,30303572,30303572,SUZ12,c.856C>T; c.787C>T,p.R263*; p.R286*,0.65,Likely Pathogenic,
17,30323878,30323878,SUZ12,c.1856T>C; c.1787T>C,p.L596P; p.L619P,1.77,Uncertain Significance,
17,40370235,40370236,STAT5B,c.1099dup; c.1102dup,p.Q368Pfs*9; p.Q367Pfs*9,0.94,Uncertain Significance,0.004
17,40370236,40370236,STAT5B,c.1099del; c.1102del,p.Q368Rfs*2; p.Q367Rfs*2,1.09,Uncertain Significance,0.000
17,41223094,41223094,BRCA1,c.310A>G; c.4903A>G; c.4759A>G; c.4711A>G; c.4900A>G; c.1387A>G; c.-98-20887A>G; c.1525A>G; c.3949A>G; c.4696A>G; c.1444A>G; c.4624A>G; c.5-7126A>G; c.4834A>G; c.4837A>G,p.S1587G; p.S1566G; p.S1317G; p.S104G; p.S463G; p.S482G; p.S1613G; p.S1571G; p.S1635G; p.S1634G; p.S1612G; p.S509G; p.S1542G,49.98,Benign,34.998
17,41234470,41234470,BRCA1,c.4095T>C; c.918T>C; c.-43-7932T>C; c.5-18502T>C; c.4182T>C; c.858T>C; c.-98-32263T>C; c.4308T>C; c.4167T>C; c.3420T>C; c.4230T>C; c.996T>C; c.999T>C,p.S1140S; p.S306S; p.S1394S; p.S1365S; p.S1410S; p.S1389S; p.S332S; p.S1436S; p.S333S; p.S286S,49.22,Benign,34.330
17,41244000,41244000,BRCA1,c.3470A>G; c.3422A>G; c.3335A>G; c.-43-17462A>G; c.5-28032A>G; c.707-951A>G; c.-99+33288A>G; c.3548A>G; c.3407A>G; c.647-951A>G; c.2660A>G; c.788-951A>G; c.785-951A>G,p.K1112R; p.K1157R; p.K1136R; p.K887R; p.K1183R; p.K1141R,47.93,Benign,34.855
17,41244435,41244435,BRCA1,c.-43-17897A>G; c.647-1386A>G; c.-99+32853A>G; c.2225A>G; c.3113A>G; c.2987A>G; c.5-28467A>G; c.788-1386A>G; c.785-1386A>G; c.2972A>G; c.3035A>G; c.2900A>G; c.707-1386A>G,p.E991G; p.E1038G; p.E996G; p.E742G; p.E1012G; p.E967G,48.26,Benign,34.300
17,41244936,41244936,BRCA1,c.2486C>T; c.2399C>T; c.787+1825C>T; c.2471C>T; c.646+1825C>T; c.706+1825C>T; c.5-28968C>T; c.784+1825C>T; c.1724C>T; c.2534C>T; c.-43-18398C>T; c.-99+32352C>T; c.2612C>T,p.P575L; p.P829L; p.P871L; p.P800L; p.P824L; p.P845L,49.51,Benign,41.275
17,41245237,41245237,BRCA1,c.2185T>C; c.5-29269T>C; c.706+1524T>C; c.646+1524T>C; c.784+1524T>C; c.2233T>C; c.-43-18699T>C; c.2170T>C; c.-99+32051T>C; c.2311T>C; c.1423T>C; c.2098T>C; c.787+1524T>C,p.L724L; p.L700L; p.L745L; p.L771L; p.L475L; p.L729L,49.72,Benign,34.216
17,41245466,41245466,BRCA1,c.706+1295C>T; c.1956C>T; c.1194C>T; c.1869C>T; c.2004C>T; c.-99+31822C>T; c.2082C>T; c.787+1295C>T; c.5-29498C>T; c.-43-18928C>T; c.784+1295C>T; c.646+1295C>T; c.1941C>T,p.S623S; p.S668S; p.S694S; p.S398S; p.S652S; p.S647S,48.93,Benign,34.860
17,41245471,41245471,BRCA1,c.1864G>A; c.706+1290G>A; c.-99+31817G>A; c.646+1290G>A; c.-43-18933G>A; c.5-29503G>A; c.784+1290G>A; c.2077G>A; c.1189G>A; c.1999G>A; c.787+1290G>A; c.1936G>A; c.1951G>A,p.D651N; p.D693N; p.D646N; p.D397N; p.D667N; p.D622N,51.50,Benign,5.800
17,41245587,41245587,BRCA1,c.646+1174del; c.1835del; c.1073del; c.1883del; c.1748del; c.-99+31701del; c.1961del; c.5-29619del; c.-43-19049del; c.787+1174del; c.784+1174del; c.706+1174del; c.1820del,p.K358Sfs*47; p.K583Sfs*47; p.K607Sfs*47; p.K628Sfs*47; p.K612Sfs*47; p.K654Sfs*47,2.09,Pathogenic,0.001
17,41245759,41245759,BRCA1,c.-43-19221G>A; c.706+1002G>A; c.1663G>A; c.901G>A; c.1648G>A; c.787+1002G>A; c.1789G>A; c.1576G>A; c.646+1002G>A; c.1711G>A; c.-99+31529G>A; c.5-29791G>A; c.784+1002G>A,p.E597K; p.E555K; p.E301K; p.E526K; p.E550K; p.E571K,48.03,Likely Benign,0.008
17,74732507,74732507,MFSD11; SRSF2,c.-1928A>G; c.-1812A>G; c.-733A>G; c.-1623A>G; n.573T>C; n.-1694A>G; c.402T>C; c.-1530A>G; c.402T>C *; c.-1645A>G; c.-738A>G; n.-209A>G; c.-1269A>G; c.366T>C,p.S122S; p.S134S,99.86,Benign,99.703
17,74733099,74733099,MFSD11; MIR636; SRSF2,n.-1102G>A; c.-141G>A; n.-469C>T; c.-1336G>A; c.-1053G>A; n.315C>T; c.-938G>A; c.-146G>A; c.-1220G>A; c.-1031G>A; n.384G>A; c.144C>T; c.-677G>A,p.D48D,98.02,Benign,88.440
18,42456653,42456653,SETBP1,c.540+7405G>A; c.664G>A,p.A222T,99.73,Benign,52.534
18,42456670,42456671,SETBP1,c.540+7422_540+7423insTCTT; c.681_682insTCTT,p.T228Sfs*8,99.39,Benign,52.471
18,42532693,42532693,SETBP1,c.3388C>A,p.P1130T,49.80,Benign,13.296
18,42532741,42532741,SETBP1,c.3436C>T,p.R1146W,0.77,Uncertain Significance,0.000
18,42533130,42533130,SETBP1,c.3825A>G,p.S1275S,99.41,Benign,88.475
19,855966,855966,ELANE,c.606C>A,p.S202S,98.37,Benign,12.308
19,7711221,7711221,STXBP2,c.1443T>C; n.1458T>C; c.48T>C; c.1347T>C; c.1476T>C; c.1434T>C,p.D481D; p.D492D; p.D478D; p.D449D; p.D16D,99.90,Benign,42.083
19,7712277,7712277,STXBP2,c.1480A>G; c.1609A>G; c.1576A>G; c.1538+144A>G; n.1591A>G; c.181A>G; c.1567A>G,p.I61V; p.I494V; p.I523V; p.I526V; p.I537V,99.88,Benign,64.010
19,10262139,10262139,DNMT1,c.2152del; c.2200del; c.1837del,p.M613Cfs*59; p.M718Cfs*59; p.M734Cfs*59,0.55,Uncertain Significance,
19,10265312,10265312,DNMT1,c.1419A>G; c.1734A>G; c.1782A>G,p.T578T; p.T594T; p.T473T,99.77,Benign,99.074
19,10267077,10267077,DNMT1,c.1341A>G; c.1389A>G; c.1026A>G,p.P447P; p.P463P; p.P342P,50.95,Benign,51.810
19,10939792,10939792,DNM2,c.2139T>C; c.2127T>C,p.A709A; p.A713A,49.88,Benign,31.112
19,17958777,17958777,JAK3,c.-36A>G,,99.84,Benign,21.329
19,33792755,33792757,CEBPA; CEBPA-DT,c.564_566del; c.522_524del; c.207_209del; c.669_671del; n.-954_-952del,p.P175del; p.P70del; p.P189del; p.P224del,2.01,Likely Benign,0.595
19,45284236,45284236,CBLC,c.428A>G,p.K143R,10.04,Uncertain Significance,
19,45295664,45295664,CBLC,c.892A>G; c.1030A>G,p.M298V; p.M344V,49.68,Uncertain Significance,0.692
19,56180968,56180968,U2AF2,c.1191C>T; c.1203C>T,p.D397D; p.D401D,99.88,Benign,86.871
20,30946592,30946594,ASXL1,c.-508_-506del; c.25_27del; c.-947_-945del,p.K9del,0.94,Likely Benign,0.035
20,31022441,31022442,ASXL1,c.1934dup; c.1751dup; c.1919dup; c.1869+65dup,p.G646Wfs*12; p.G585Wfs*12; p.G641Wfs*12,1.34,Pathogenic,0.050
20,31022959,31022959,ASXL1,c.1869+575T>C; c.2429T>C; c.2261T>C *; c.2261T>C; c.2444T>C *,p.L754P; p.P815P; p.P754P; p.L810P,98.92,Benign,99.999
20,43252915,43252915,ADA,c.609A>G; c.597A>G; c.217-1196A>G; c.531A>G; c.217-1344A>G; n.626A>G; c.381A>G; c.534A>G; c.129A>G; c.219-1344A>G; c.612A>G; c.66-1344A>G,p.V43V; p.V127V; p.V204V; p.V203V; p.V177V; p.V199V; p.V178V,49.71,Benign,20.183
20,43264927,43264927,ADA,c.-254G>A; n.128G>A; c.36G>A; c.99G>A; c.-115G>A; c.114G>A; c.-118G>A; c.111G>A,p.V33V; p.V12V; p.V37V; p.V38V,99.89,Benign,99.525
20,43280227,43280227,ADA,c.-121+316G>A; c.-358G>A; c.96+514G>A; c.-268G>A; c.-118+316G>A; n.114G>A; c.22G>A,p.D8N,47.84,Benign,5.863
20,62293272,62293272,RTEL1-TNFRSF6B; RTEL1,c.371A>G; n.1198A>G; c.-299A>G,p.N124S,99.98,Benign,6.175
20,62297400,62297400,RTEL1-TNFRSF6B; RTEL1,c.-88T>C; c.654T>C; c.582T>C; n.1409T>C,p.I194I; p.I218I,99.85,Benign,7.103
20,62320968,62320968,RTEL1-TNFRSF6B; RTEL1,c.1992T>C; n.2819T>C; c.1323T>C; c.2064T>C,p.D688D; p.D664D; p.D441D,98.73,Benign,74.921
20,62321655,62321655,RTEL1-TNFRSF6B; RTEL1,c.2274G>A; c.1605G>A; c.2346G>A; n.3101G>A,p.A535A; p.A758A; p.A782A,98.31,Benign,74.190
20,62322288,62322288,RTEL1-TNFRSF6B; RTEL1,c.2544T>C; c.2616T>C; n.3371T>C; c.1875T>C,p.P625P; p.P848P; p.P872P,99.82,Benign,75.007
20,62324289,62324289,RTEL1-TNFRSF6B; RTEL1,c.2784C>T; n.3611C>T; c.2115C>T; c.2856C>T,p.F928F; p.F952F; p.F705F,50.12,Benign,21.260
20,62326110,62326110,RTEL1-TNFRSF6B; RTEL1; TNFRSF6B,n.3953A>C; c.2457A>C; c.-2011A>C; c.3126A>C; c.3198A>C,p.Q1042H; p.Q819H; p.Q1066H,49.18,Benign,75.489
21,36253011,36253011,RUNX1,c.271-1G>C; c.352-1G>C,,48.70,Pathogenic,
22,17662793,17662793,ADA2,c.1359T>C; c.636T>C; c.1233T>C; c.999T>C; c.753T>C,p.Y251Y; p.Y453Y; p.Y212Y; p.Y411Y; p.Y333Y,49.90,Benign,25.903
22,17662917,17662917,ADA2,c.1114-5C>G; c.517-5C>G; c.634-5C>G; c.1240-5C>G; c.880-5C>G,,48.45,Benign,24.953
22,17669306,17669306,ADA2,c.644A>G; c.398A>G; c.281A>G; c.1004A>G; c.878A>G,p.H335R; p.H215R; p.H94R; p.H133R; p.H293R,49.18,Benign,34.448
22,17690430,17690430,ADA2,c.-38-2250G>C; c.12G>C; c.138G>C,p.L46L; p.L4L,99.91,Benign,14.925
22,23627369,23627369,BCR,c.2387A>G,p.N796S,99.25,Benign,81.784
22,23651619,23651619,BCR,c.3021G>A; c.2889G>A,p.P963P; p.P1007P,17.19,Likely Benign,0.202
22,23653880,23653880,BCR,c.3183-4G>A; c.3051-4G>A,,40.01,Benign,38.099
22,23653975,23653976,BCR,c.3143_3146dup; c.3275_3278dup,p.V1050Rfs*17; p.V1094Rfs*17,13.21,Uncertain Significance,0.280
22,23654012,23654012,BCR,c.3311C>G; c.3179C>G,p.A1060G; p.A1104G,1.50,Uncertain Significance,0.001
22,23654017,23654017,BCR,c.3316G>A; c.3184G>A,p.D1062N; p.D1106N,14.56,Likely Pathogenic,0.024
22,23655084,23655084,BCR,c.3333C>T; c.3201C>T,p.D1067D; p.D1111D,48.82,Benign,18.052
22,29083909,29083909,CHEK2,c.1608A>G; c.1737A>G; c.948A>G; c.1335A>G; c.945A>G; c.1521A>G; c.1407A>G,p.P316P; p.P579P; p.P469P; p.P536P; p.P315P; p.P445P; p.P507P,1.44,Uncertain Significance,0.000
22,29083935,29083935,CHEK2,c.1309G>A; c.919G>A; c.922G>A; c.1381G>A; c.1495G>A; c.1711G>A; c.1582G>A,p.E499K; p.E307K; p.E437K; p.E528K; p.E308K; p.E571K; p.E461K,0.70,Uncertain Significance,0.003
22,29090054,29090054,CHEK2,c.1154C>T; c.764C>T; c.1427C>T; c.1226C>T; c.1340C>T; c.1556C>T; c.767C>T,p.T256M; p.T476M; p.T255M; p.T385M; p.T409M; p.T519M; p.T447M,5.23,Uncertain Significance,0.031
22,29091142,29091142,CHEK2,c.1261G>A; c.685G>A; c.1075G>A; c.1348G>A; c.688G>A; c.1477G>A; c.1147G>A,p.E421K; p.E229K; p.E359K; p.E383K; p.E493K; p.E450K; p.E230K,5.11,Likely Pathogenic,
22,30733111,30733111,SF3A1,c.2010G>T,p.V670V,99.62,Benign,19.521
22,30737736,30737736,SF3A1,c.1016C>T,p.A339V,50.46,Uncertain Significance,0.056
22,30742328,30742330,SF3A1,c.364_366del,p.Q122del,1.09,Uncertain Significance,0.006
X,1331495,1331495,CRLF2,c.-201C>G; c.33C>G; n.48C>G,p.A11A,52.99,Benign,21.325
X,15343205,15343205,PIGA,n.660G>T; c.216G>T; n.376G>T; c.918G>T,p.L72L; p.L306L,1.23,Uncertain Significance,
X,15838366,15838366,ZRSR2,c.864C>T; c.786C>T,p.N288N; p.N262N,50.16,Benign,52.758
X,15841311,15841311,ZRSR2,c.1317C>G; c.1395C>G,p.G465G; p.G439G,1.86,Likely Benign,
X,15841319,15841319,ZRSR2,c.1325G>A; c.1403G>A,p.R468K; p.R442K,3.48,Uncertain Significance,
X,34149267,34149267,FAM47A,c.1129G>T,p.A377S,48.43,Benign,20.016
X,39911657,39911657,BCOR,c.4977-4G>T; c.4821-4G>T; c.*45-4G>T; c.4875-4G>T,,50.12,Benign,15.014
X,39913252,39913253,BCOR,c.4706dup; c.4862dup; c.4760dup,p.G1588Rfs*7; p.G1622Rfs*7; p.G1570Rfs*7,21.18,Likely Pathogenic,
X,39933339,39933339,BCOR,c.1260T>C,p.D420D,95.64,Benign,89.920
X,44938563,44938563,KDM6A,c.2976G>A; c.2223G>A; n.3394G>A; c.3111G>A; c.2973G>A; c.3189G>A; c.3009G>A; c.3132G>A; c.3030G>A; c.2874G>A; c.3267G>A,p.Q958Q; p.Q1063Q; p.Q1010Q; p.Q741Q; p.Q1037Q; p.Q991Q; p.Q992Q; p.Q1044Q; p.Q1089Q; p.Q1003Q,53.51,Benign,24.273
X,47057647,47057647,UBA1,c.1-555A>G,,99.93,Benign,99.806
X,47062534,47062534,UBA1; INE1,c.1340G>A; n.-1713G>A,p.R447H,51.54,Benign,18.446
X,48542816,48542817,WAS,c.273+11dup,,45.69,Likely Benign,1.430
X,76856021,76856021,ATRX,c.5465A>G; c.677A>G; c.5579A>G,p.N1860S; p.N1822S; p.N226S,50,Uncertain Significance,0.668
X,76937963,76937963,ATRX,c.2785C>G; c.2671C>G; c.2785G>C *; c.2671G>C *,p.Q929E; p.Q891E; p.E929Q; p.E891Q,51.39,Benign,38.534
X,129147079,129147079,BCORL1,c.331T>C *; c.331T>C,p.F111L; p.L111L,96.16,Benign,99.998
X,129155122,129155122,BCORL1,c.3604G>A,p.E1202K,51.67,Uncertain Significance,0.004
X,130678467,130678467,IGSF1; OR13H1,c.420A>G; c.-913+34175T>C,p.V140V,99.58,Benign,64.296
X,130678596,130678596,IGSF1; OR13H1,c.549C>G; c.-913+34046G>C,p.L183L,49.69,Benign,27.233
X,130678844,130678844,IGSF1; OR13H1,c.797A>C; c.-913+33798T>G,p.Y266S,98.14,Benign,64.337
X,153994596,153994596,DKC1,n.471G>T; n.948G>T; c.-241G>T; c.369G>T; c.282G>T,p.T123T; p.T94T,99.89,Benign,99.752
X,153999117,153999117,DKC1,c.960T>G; n.1697T>G; n.1471T>G; n.1578T>G; c.879T>G; c.999T>G; c.390T>G; c.912T>G,p.I333M; p.I320M; p.I304M; p.I293M; p.I130M,0.84,Uncertain Significance,
X,154005089,154005091,DKC1,n.2091_2093del; c.903_905del; n.1984_1986del; c.1425_1427del; c.*738_*740del; n.2210_2212del; c.1512_1514del; c.1392_1394del; c.1473_1475del; c.1511_1513del; c.1497_1499del; c.*471_*473del,p.R504del; p.K476del; p.K500del; p.K505del; p.K492del; p.K465del; p.K302del,1.54,Likely Benign,0.380

