Chromosome,Position,End Position,Gene Symbol,Transcript Variant,Protein Variant,1743D_Clinical Run16 - Allele Fraction,Classification,gnomAD Frequency
1,12918885,12918885,PRAMEF2,c.21G>C,p.P7P,1.76,Likely Benign,0.393
1,12921114,12921114,PRAMEF2,c.905G>A,p.C302Y,1.32,Uncertain Significance,0.041
1,12921127,12921127,PRAMEF2,c.918A>G,p.L306L,2.96,Benign,26.699
1,12921136,12921137,PRAMEF2,c.927_928delinsTG,p.L310V,3.15,Likely Pathogenic,
1,35250720,35250720,GJB3,c.357C>T,p.N119N,48.76,Benign,7.356
1,36933193,36933193,CSF3R,c.1528C>T; c.1924C>T,p.L510F; p.L642F,50.51,Uncertain Significance,0.000
1,36934823,36934823,CSF3R,c.1114G>A; c.1510G>A,p.V504M; p.V372M,50.32,Uncertain Significance,0.008
1,36937059,36937059,CSF3R,c.864T>C; c.1260T>C,p.T420T; p.T288T,48.88,Benign,55.798
1,36937065,36937065,CSF3R,c.1254T>C; c.858T>C,p.R286R; p.R418R,46.29,Benign,30.931
1,47685455,47685455,TAL1,c.933A>G; c.456A>G *; c.933A>G *,p.K311K; p.K152K,98.46,Benign,100.000
2,25463287,25463287,DNMT3A,c.1537C>T; c.1750C>T; n.2437C>T; c.2206C>T; c.1639C>T,p.R584C; p.R513C; p.R547C; p.R736C,0.80,Pathogenic,0.002
2,25463289,25463289,DNMT3A,c.1748A>G; c.2204A>G; c.1637A>G; c.1535A>G; n.2435A>G,p.Y546C; p.Y583C; p.Y735C; p.Y512C,0.56,Likely Pathogenic,0.004
2,25469502,25469502,DNMT3A,n.1497G>A; c.597G>A; c.810G>A; c.699G>A; c.1266G>A,p.L270L; p.L422L; p.L199L; p.L233L,48.22,Benign,19.334
2,25469965,25469965,DNMT3A,c.510C>A; c.1077C>A; c.408C>A; n.1308C>A; c.621C>A,p.Y136*; p.Y359*; p.Y207*; p.Y170*,2.38,Likely Pathogenic,
2,48010558,48010558,MSH6,c.-37-7508C>A; c.-743C>A; c.-143C>A; c.-280+188C>A; c.-724C>A; c.186C>A; c.-397C>A; c.-1163C>A; c.-1329C>A; n.275C>A; c.-69+188C>A; c.-721C>A; c.-354C>A; c.-38+188C>A; c.-625C>A; c.-551C>A; c.-809C>A; c.-1064C>A; c.131C>A; c.-914C>A; c.-398C>A; c.-654C>A; c.-820C>A,p.A44D; p.R62R,45.50,Benign,13.829
2,48018081,48018081,MSH6,c.108A>G; c.-653A>G; c.-68-4952A>G; c.-719A>G; c.276A>G; n.365A>G; c.237+7472A>G; c.198A>G; c.-461A>G; c.-280+7449A>G; c.-279-7669A>G; c.-627A>G; c.-308A>G; c.-22A>G; c.372A>G,p.P92P; p.P66P; p.P36P; p.P124P,49.59,Benign,13.454
2,48023115,48023115,MSH6,c.-455T>C; c.238-2635T>C; c.243T>C; c.636T>C; c.-279-2635T>C; n.629T>C; c.540T>C; c.462T>C; c.372T>C; c.-363T>C; c.546T>C; c.15T>C,p.D180D; p.D212D; p.D81D; p.D182D; p.D154D; p.D5D; p.D124D,50.41,Benign,21.489
2,198257795,198257795,SF3B1,c.3657A>G,p.V1219V,99.85,Benign,66.086
2,198265526,198265526,SF3B1,c.2631T>C,p.G877G,99.82,Benign,66.033
2,198283305,198283305,SF3B1,c.423A>G,p.K141K,99.86,Benign,66.128
3,10088266,10088266,FANCD2,c.1137G>T,p.V379V,21.80,Benign,18.180
3,10088299,10088299,FANCD2,c.1170C>T,p.S390S,26.54,Benign,25.706
3,10088343,10088343,FANCD2,c.1214A>G,p.N405S,25.28,Benign,25.717
3,10089723,10089723,FANCD2,c.1401G>A,p.T467T,2.64,Benign,41.841
3,10106408,10106408,FANCD2,c.2022-5C>T; c.1911-5C>T,,0.56,Likely Benign,0.051
3,10107147,10107147,FANCD2,c.2238C>T; c.2127C>T,p.N746N; p.N709N,0.75,Uncertain Significance,0.003
3,10142949,10142949,FANCD2OS; FANCD2,c.*43+2933G>A; c.*3C>T,,49.76,Benign,32.842
3,37053568,37053568,MLH1,c.-172A>G; c.655A>G; c.-275A>G; c.-162A>G; c.361A>G; c.-69A>G; c.556A>G,p.I219V; p.I121V; p.I186V,49.51,Uncertain Significance,23.247
3,105422844,105422844,CBLB,c.252G>A; c.801G>A; n.1986G>A; n.1623G>A; c.1647G>A; c.1665G>A; n.1920G>A; n.1660G>A; n.2004G>A; n.1872G>A; c.1581G>A; n.1696G>A; c.1434G>A; c.393G>A,p.T527T; p.T549T; p.T478T; p.T555T; p.T267T; p.T84T; p.T131T,48.90,Benign,72.630
3,128205860,128205860,GATA2,c.297C>G; c.15C>G,p.P99P; p.P5P,99.21,Benign,66.313
3,183211906,183211906,KLHL6,c.1311T>C,p.N437N,99.47,Benign,55.874
3,183212026,183212026,KLHL6,c.1191G>A,p.S397S,49.65,Benign,17.403
3,183226114,183226114,KLHL6,c.642C>A,p.P214P,49.36,Benign,9.985
3,187447032,187447032,LOC100131635; BCL6,n.294-3127G>A; c.1161C>T,p.N387N,98.36,Benign,64.365
4,1806181,1806181,FGFR3,c.931-364del; n.1632del; c.1212del; c.1206del,p.K403Rfs*30; p.K405Rfs*29; p.K403Rfs*29,0.59,Uncertain Significance,0.001
4,1807894,1807894,FGFR3,c.1956G>A; n.2379G>A; c.1959G>A; c.1953G>A; c.1617G>A,p.T651T; p.T652T; p.T539T; p.T653T,99.68,Benign,98.654
4,1808884,1808884,FGFR3,c.1980G>A; c.2322G>A; n.2742G>A; c.2248G>A; c.2316G>A; c.2319G>A,p.P772P; p.G750R; p.P660P; p.P774P; p.P773P,9.30,Uncertain Significance,0.007
4,55129831,55129831,PDGFRA; ENSG00000282278,c.368-3C>T; c.1018-11261C>T; c.407-3C>T; c.443-3C>T,,45.44,Benign,4.910
4,55141055,55141055,PDGFRA; ENSG00000282278,c.1740A>G; c.1776A>G; c.1701A>G; c.1018-37A>G,p.P580P; p.P592P; p.P567P,98.66,Benign,98.760
4,55161391,55161391,PDGFRA; ENSG00000282278,c.2502T>C; c.3261T>C; c.3222T>C; c.3297T>C,p.D834D; p.D1099D; p.D1087D; p.D1074D,99.79,Benign,99.911
4,55972974,55972974,KDR,c.1416A>T,p.Q472H,49.37,Uncertain Significance,22.255
4,55979558,55979558,KDR,c.889G>A,p.V297I,49.40,Benign,10.959
4,55991461,55991461,KDR,c.-1G>T,,47.87,Benign,3.681
4,57333822,57333822,SRP72,n.40G>T; c.21G>T,p.G7G,47.38,Benign,22.522
4,106196829,106196829,TET2; TET2-AS1,c.5225T>G; n.318+58714A>C; c.5162T>G,p.L1721W; p.L1742W,40.35,Benign,11.548
4,106196951,106196951,TET2; TET2-AS1,c.5284A>G; n.318+58592T>C; c.5347A>G,p.I1762V; p.I1783V,53.50,Benign,29.475
5,35861068,35861068,IL7R,c.197T>C; n.284T>C,p.I66T,47.76,Benign,62.570
5,35871190,35871190,IL7R,c.412G>A; n.499G>A,p.V138I,50.70,Benign,64.899
5,35876274,35876274,IL7R,c.*183A>G; c.1066A>G; n.890A>G,p.I356V,50.46,Benign,24.367
5,149435608,149435608,CSF1R,c.2535C>G; n.2499C>G; n.2428C>G; c.2091C>G,p.L845L; p.L697L,49.24,Likely Benign,3.101
5,149457678,149457678,CSF1R,n.853C>T; c.282C>T; c.726C>T; n.782C>T,p.T242T; p.T94T,50.38,Benign,50.924
5,149460553,149460553,CSF1R,c.-361T>C; c.84T>C; n.211T>C; n.140T>C,p.P28P,47.93,Benign,48.014
5,149495395,149495395,PDGFRB,c.3252A>G; c.2769A>G; c.3060A>G,p.P1084P; p.P923P; p.P1020P,99.74,Benign,34.047
5,149497177,149497177,PDGFRB,c.2945+4A>G; c.3137+4A>G; c.2654+4A>G,,98.37,Benign,34.877
5,149497228,149497228,PDGFRB,c.2898C>T; c.3090C>T; c.2607C>T,p.P1030P; p.P869P; p.P966P,52.76,Benign,7.705
5,149499672,149499672,PDGFRB,c.2601A>G; c.2118A>G; c.2409A>G,p.L706L; p.L803L; p.L867L,50.34,Benign,28.272
5,176721198,176721198,NSD1,c.5956T>C; c.1471T>C; c.6067T>C; c.6829T>C; c.6076T>C; c.5707T>C; c.6520T>C; c.6409T>C,p.L1986L; p.L2174L; p.L1903L; p.L491L; p.L2137L; p.L2277L; p.L2026L; p.L2023L,99.64,Benign,82.274
5,176721480,176721480,NSD1,c.1753A>G; c.6349A>G; c.6238A>G; c.7111A>G; c.5989A>G; c.6802A>G; c.6358A>G; c.6691A>G,p.R2117G; p.R2371G; p.R2120G; p.R1997G; p.R2231G; p.R2268G; p.R2080G; p.R585G,49.54,Uncertain Significance,
5,176939826,176939826,DDX41; DOK3,c.976C>T; c.1354C>T; c.-2062C>T,p.L326L; p.L452L,49.87,Likely Benign,0.119
5,176940384,176940384,DDX41,c.822C>T; c.1200C>T,p.R274R; p.R400R,47.21,Benign,41.586
6,18139214,18139214,TPMT,c.474C>T; c.474T>C *,p.I158I,47.83,Benign,76.396
7,2946461,2946461,CARD11,c.3276A>G,p.R1092R,46.75,Benign,51.281
7,2957005,2957005,CARD11,c.2622A>G,p.P874P,48.54,Benign,30.863
7,6026775,6026775,PMS2,c.1513A>G; c.1645A>G; c.850A>G; c.1423A>G; c.1465A>G; c.1048A>G; c.1453A>G; c.1147A>G; c.804-4153A>G; c.1303A>G; c.1618A>G; c.1255A>G; c.1108A>G; c.1312A>G; n.1708A>G; c.1807A>G; c.1285A>G; c.1621A>G; c.803+10182A>G; c.1216A>G; c.1297A>G; c.1060A>G; c.688A>G; c.1156A>G,p.K429E; p.K603E; p.K433E; p.K489E; p.K541E; p.K230E; p.K383E; p.K505E; p.K549E; p.K386E; p.K354E; p.K475E; p.K540E; p.K350E; p.K370E; p.K419E; p.K435E; p.K284E; p.K406E; p.K438E; p.K485E,87.39,Benign,84.429
7,6026942,6026942,PMS2,c.1286C>A; c.1049C>A; c.804-4320C>A; c.989C>A; c.1130C>A; c.893C>A; c.683C>A; c.1256C>A; c.1478C>A; c.1640C>A; c.1298C>A; c.980C>A; c.1454C>A; c.521C>A; c.881C>A; c.941C>A; n.1541C>A; c.1136C>A; c.1451C>A; c.803+10015C>A; c.1088C>A; c.1145C>A; c.1346C>A; c.1118C>A,p.T298K; p.T484K; p.T363K; p.T294K; p.T327K; p.T379K; p.T330K; p.T350K; p.T382K; p.T419K; p.T314K; p.T373K; p.T547K; p.T228K; p.T377K; p.T485K; p.T493K; p.T429K; p.T449K; p.T174K; p.T433K,49.27,Benign,7.760
7,6036980,6036980,PMS2,c.780C>G; c.966C>G; c.-154C>G; c.471C>G; c.444C>G; c.672C>G; c.267C>G; c.804C>G; c.705+1759C>G; c.132+5104C>G; c.375C>G; c.207C>G; c.612C>G; c.777C>G; n.867C>G; c.537+5104C>G; c.462C>G,p.S157S; p.S125S; p.S89S; p.S148S; p.S69S; p.S322S; p.S204S; p.S224S; p.S268S; p.S260S; p.S259S; p.S154S,99.55,Benign,80.387
7,6043613,6043613,PMS2,c.-113C>T; c.-245C>T; c.25C>T; c.-63C>T; c.-142C>T; n.327C>T; c.-645C>T; c.-341C>T; c.426C>T; c.-192C>T; c.-52-1346C>T; c.-156C>T; c.240C>T; c.-166C>T,p.F80F; p.F142F; p.R9*,7.99,Likely Benign,0.007
7,55214348,55214348,EGFR,c.424+3167C>T; c.315C>T; c.89-9175C>T; c.474C>T,p.N158N; p.N105N,49.97,Benign,51.021
7,55229255,55229255,EGFR,c.1562G>A; c.1427G>A; c.761G>A; c.1403G>A,p.R476K; p.R254K; p.R468K; p.R521K,49.24,Uncertain Significance,28.542
7,55238874,55238874,EGFR,c.1752T>A; c.1086T>A; c.1887T>A; c.1728T>A,p.T584T; p.T362T; p.T629T; p.T576T,49.74,Benign,37.141
7,55266417,55266417,EGFR,c.2574T>C; c.2709T>C; c.1908T>C; c.2550T>C,p.T636T; p.T903T; p.T858T; p.T850T,87.26,Benign,89.426
7,55268916,55268916,EGFR,c.2982C>T; c.2181C>T; c.2823C>T; c.2847C>T,p.D949D; p.D941D; p.D727D; p.D994D,49.63,Benign,13.342
7,101837149,101837149,CUX1,c.1131G>A; c.1104G>A; c.1089G>A; c.999G>A; c.1020G>A; c.1137G>A,p.P363P; p.P340P; p.P379P; p.P368P; p.P333P; p.P377P,50.24,Benign,34.758
7,101844851,101844851,CUX1,c.1207+5968A>G; c.1117+5968A>G; c.1255+5968A>G; c.1833A>G; c.1138+5968A>G; c.2139A>G; c.2274A>G; c.1249+5968A>G; c.2307A>G,p.P713P; p.P758P; p.P769P; p.P611P,47.58,Benign,35.327
7,101916647,101916647,CUX1,c.1260A>G; c.1266A>G *; c.1218A>G *; c.1149A>G; c.1218A>G; c.1149A>G *; c.1266A>G; c.1128A>G *; c.1128A>G; c.1260A>G *,p.A383A; p.A422A; p.A376A; p.A420A; p.A406A,99.70,Benign,72.926
7,103124207,103124207,RELN; SLC26A5-AS1,c.10074A>G; n.1366-20644T>C,p.A3358A,50.25,Benign,13.667
7,103151436,103151436,RELN; SLC26A5-AS1,c.8136A>G; n.1487-1780T>C,p.L2712L,49.21,Benign,4.782
7,103155705,103155705,RELN,c.8046T>C,p.H2682H,48.73,Benign,46.782
7,103179595,103179595,RELN,c.7110T>C,p.V2370V,48.66,Benign,3.705
7,103629803,103629804,RELN,c.-6_-1dup,,56.18,Benign,26.337
7,127669584,127669584,LRRC4; SND1,c.1110A>G; c.1779+38475T>C,p.A370A,49.96,Benign,15.742
7,127669857,127669857,LRRC4; SND1,c.837T>A; c.1779+38748A>T,p.S279S,50,Benign,30.888
7,140426257,140426257,BRAF,c.*37T>C; c.2187T>C; c.2128-10421T>C,p.S729S,51.06,Benign,37.551
7,140449150,140449150,BRAF,c.1773A>G; c.1863A>G; c.2049A>G; c.1938A>G; c.1818A>G; c.1827A>G; c.1665A>G; c.1929A>G,p.G643G; p.G621G; p.G555G; p.G646G; p.G683G; p.G591G; p.G609G; p.G606G,49.06,Benign,21.181
7,148525904,148525904,EZH2,c.526G>C; c.553G>C; c.436G>C,p.D176H; p.D146H; p.D185H,48.98,Uncertain Significance,7.653
7,148543694,148543694,EZH2,c.118-4del,,88.76,Benign,70.685
7,151921099,151921099,KMT2C,c.3203+1G>A; c.3323+1G>A,,0.54,Likely Pathogenic,
7,151921255,151921255,KMT2C,c.3168G>A; c.3048G>A,p.W1056*; p.W1016*,4.44,Likely Pathogenic,
7,151927016,151927016,KMT2C,c.2968A>G; c.2848A>G,p.S990G; p.S950G,11.60,Likely Benign,2.562
7,151927021,151927021,KMT2C,c.2963G>T; c.2843G>T,p.C988F; p.C948F,15.80,Benign,22.612
7,151927023,151927023,KMT2C,c.2961C>G; c.2841C>G,p.Y947*; p.Y987*,12.42,Likely Pathogenic,
7,151927025,151927025,KMT2C,c.2959T>C; c.2839T>C,p.Y987H; p.Y947H,23.73,Benign,38.544
7,151927026,151927026,KMT2C,c.2838A>G; c.2958A>G,p.P986P; p.P946P,3.34,Benign,23.424
7,151927067,151927067,KMT2C,c.2797A>G; c.2917A>G,p.R973G; p.R933G,12.73,Likely Pathogenic,
7,151935798,151935799,KMT2C,c.2645_2646delinsCA; c.2533-2781_2533-2780delinsCA,p.I882T,20.33,Uncertain Significance,
7,151935866,151935866,KMT2C,c.2533-2848C>T; c.2578C>T,p.P860S,15.54,Likely Pathogenic,
7,151935871,151935871,KMT2C,c.2533-2853G>T; c.2573G>T,p.W858L,15.74,Likely Pathogenic,
7,151945007,151945007,KMT2C,c.2515G>A; c.2512G>A,p.G838S; p.G839S,54.87,Benign,49.408
7,151945071,151945072,KMT2C,c.2447dup; c.2450dup,p.Y816*; p.Y817*,12.71,Benign,48.670
7,151945140,151945140,KMT2C,c.2379G>A; c.2382G>A,p.S794S; p.S793S,17.20,Benign,43.539
7,151945225,151945225,KMT2C,c.2297A>G; c.2294A>G,p.E766G; p.E765G,11.72,Uncertain Significance,0.474
7,151945256,151945256,KMT2C,c.2263C>T; c.2266C>T,p.Q756*; p.Q755*,2.32,Likely Pathogenic,0.563
7,151945291,151945291,KMT2C,c.2228C>T; c.2231C>T,p.P743L; p.P744L,1.19,Uncertain Significance,0.001
7,151945313,151945313,KMT2C,c.2209T>C; c.2206T>C,p.L736L; p.L737L,1.85,Likely Benign,0.147
7,151962269,151962269,KMT2C,c.1041G>A; c.1038G>A,p.V347V; p.V346V,0.93,Uncertain Significance,0.012
7,151962290,151962290,KMT2C,c.1020G>C; c.1017G>C,p.K339N; p.K340N,5.56,Uncertain Significance,0.008
7,151962294,151962294,KMT2C,c.1016C>T; c.1013C>T,p.S339L; p.S338L,0.56,Uncertain Significance,0.002
7,151962296,151962296,KMT2C,c.1016-2A>G; c.1013-2A>G,,0.55,Pathogenic,0.001
7,151970859,151970859,KMT2C,c.946G>T; c.943G>T,p.G315C; p.G316C,3.99,Uncertain Significance,0.010
7,151970859,151970859,KMT2C,c.943G>A; c.946G>A,p.G315S; p.G316S,8.62,Likely Benign,0.425
7,151970877,151970877,KMT2C,c.925C>T; c.928C>T,p.P309S; p.P310S,11.12,Uncertain Significance,0.519
7,151970931,151970931,KMT2C,c.871C>T; c.874C>T,p.L291F; p.L292F,58.00,Benign,49.945
7,151970951,151970951,KMT2C,c.854G>A; c.851G>A,p.R284Q; p.R285Q,5.68,Likely Benign,0.327
8,30924557,30924557,WRN,c.513C>T,p.C171C,48.85,Benign,70.808
8,30973957,30973957,WRN,c.2361G>T,p.L787L,49.89,Benign,45.121
8,30999280,30999280,WRN,c.3222G>T,p.L1074F,50.62,Benign,45.358
8,31024654,31024654,WRN,c.4099T>C,p.C1367R,86.28,Benign,23.683
8,41791283,41791283,KAT6A,c.4455C>T,p.S1485S,48.44,Benign,12.018
8,41798417,41798417,KAT6A,c.2982G>A,p.P994P,49.73,Benign,12.062
8,41906095,41906095,KAT6A,c.401T>C,p.L134S,48.04,Benign,12.070
8,90958422,90958422,NBN,c.1704A>G; c.2016A>G; c.1770A>G; c.1846-2828A>G; c.1947A>G,p.P568P; p.P672P; p.P649P; p.P590P,35.88,Benign,34.291
8,90967711,90967711,NBN,c.951T>C; c.1197T>C; c.885T>C,p.D295D; p.D399D; p.D317D,49.87,Benign,47.032
8,90990479,90990479,NBN,c.553G>C; c.307G>C,p.E185Q; p.E103Q,50.14,Benign,34.336
8,90995019,90995019,NBN,c.-195G>A; c.-75-1268G>A; c.102G>A,p.L34L,49.75,Benign,35.143
8,117864217,117864217,RAD21,c.1440T>C,p.A480A,99.39,Benign,17.309
9,5050706,5050706,JAK2,c.489C>T; n.890C>T; c.-632C>T; n.973C>T; c.42C>T,p.H163H; p.H14H,88.58,Benign,32.549
9,5081780,5081780,JAK2,c.2043G>A; c.1275G>A; n.2891G>A; c.2490G>A; n.2974G>A,p.L681L; p.L425L; p.L830L,99.80,Benign,53.602
9,36840623,36840623,PAX5,c.1008C>T; c.921C>T; c.810C>T; c.878C>T; c.1110C>T; c.894C>T; c.597C>T; c.981C>T; c.1023C>T; c.786C>T; n.1274C>T; c.791C>T; n.1217C>T,p.T293I; p.Y336Y; p.Y327Y; p.Y307Y; p.Y262Y; p.Y341Y; p.Y199Y; p.Y298Y; p.Y370Y; p.T264I; p.Y270Y,99.15,Benign,86.447
9,139391636,139391636,NOTCH1,c.4152C>T; c.6555C>T; c.6441C>T; c.6435C>T,p.D2185D; p.D2145D; p.D1384D; p.D2147D,96.96,Benign,61.822
9,139397707,139397707,NOTCH1,c.4980C>T; c.4974C>T; c.5094C>T; c.2691C>T,p.D1660D; p.D1658D; p.D897D; p.D1698D,49.20,Benign,44.879
9,139405261,139405261,NOTCH1,c.2474-4G>A; c.2588-4G>A; c.185-4G>A,,45.03,Benign,47.788
9,139405681,139405681,NOTCH1,c.2510C>G; c.107C>G; c.2396C>G,p.P36R; p.P837R; p.P799R,48.65,Uncertain Significance,0.000
9,139407932,139407932,NOTCH1,c.-724T>C; c.2265T>C; c.2151T>C,p.N755N; p.N717N,49.47,Benign,40.508
9,139418260,139418260,NOTCH1,c.312T>C,p.N104N,48.06,Benign,59.336
10,27389197,27389197,ANKRD26,c.59A>G,p.Q20R,98.89,Benign,89.948
10,90771829,90771829,FAS,n.411T>C; n.612T>C; n.951T>C; n.538+1257T>C; n.474T>C; c.568+1257T>C; n.808T>C; c.687T>C; n.549T>C; n.561T>C; c.579T>C; c.642T>C,p.T193T; p.T229T; p.T214T,99.93,Benign,76.186
10,112361870,112361870,SMC3,c.3039A>G,p.S1013S,99.61,Benign,99.598
10,123239112,123239112,FGFR2,c.2107C>T; c.*259C>T; n.3161C>T; c.*453C>T,p.L703L,48.87,Benign,53.214
10,123298158,123298158,FGFR2,n.984A>G; c.429A>G; c.696A>G; c.351A>G,p.V232V; p.V143V; p.V117V,50.30,Benign,78.012
11,534242,534242,HRAS,c.81T>C; c.-239T>C,p.H27H,48.13,Benign,31.879
11,30033191,30033191,KCNA4,c.1035C>T,p.G345G,47.51,Benign,17.601
11,72945254,72945254,P2RY2,c.50A>G,p.D17G,51.18,Uncertain Significance,0.558
11,72945341,72945341,P2RY2,c.137C>T,p.P46L,96.45,Benign,92.488
11,72946020,72946020,P2RY2,c.816C>T,p.R272R,46.39,Benign,56.602
11,72946204,72946204,P2RY2,c.1000C>T,p.R334C,45.24,Benign,15.063
11,108043988,108043988,NPAT,c.1723G>A,p.V575I,99.36,Benign,60.114
11,108175462,108175462,ATM,c.5557G>A,p.D1853N,49.57,Benign,11.344
11,108183167,108183167,C11orf65; ATM,c.5948A>G; c.641-3369T>C; c.*39-3369T>C; c.5948A>G *,p.N1983S; p.S1983S,99.47,Benign,100.000
11,118355642,118355642,KMT2A,c.4284A>C; c.4218+613A>C; c.4383A>C,p.I1428I; p.I1461I,48.31,Benign,4.911
11,118368665,118368665,KMT2A,c.5556A>G; c.5751A>G; c.5679A>G; c.5769A>G; c.5778A>G; c.5670A>G,p.L1893L; p.L1852L; p.L1923L; p.L1926L; p.L1917L; p.L1890L,49.59,Benign,4.863
11,118373861,118373861,KMT2A,c.7131C>T; c.7344C>T; c.7353C>T; c.7245C>T; c.7326C>T; c.7254C>T,p.N2418N; p.N2451N; p.N2377N; p.N2442N; p.N2448N; p.N2415N,44.10,Benign,5.916
11,119148478,119148478,CBL,c.1019C>G,p.P340R,0.62,Uncertain Significance,
11,124412838,124412838,OR8B12,c.713G>A,p.S238N,47.35,Benign,5.181
12,25362777,25362777,KRAS,c.*73T>C; c.321T>C; c.444T>C; c.519T>C,p.D173D; p.D148D; p.D107D,50.32,Benign,19.056
12,25368462,25368462,KRAS,c.451-5617G>A; c.253-5617G>A; c.376-5617G>A; c.483G>A *; c.483G>A,p.R161R,99.30,Benign,99.949
13,19748038,19748038,TUBA3C,c.1318G>A,p.V440M,50.79,Benign,4.240
13,19748181,19748181,TUBA3C,c.1175A>T,p.D392V,0.87,Uncertain Significance,
13,19751229,19751229,TUBA3C,c.894A>G,p.P298P,47.85,Benign,4.907
13,19751274,19751274,TUBA3C,c.849C>T,p.H283H,10.65,Uncertain Significance,0.007
13,19751292,19751292,TUBA3C,c.831A>G,p.S277S,8.16,Uncertain Significance,0.005
13,19751301,19751301,TUBA3C,c.822G>A,p.P274P,7.40,Uncertain Significance,0.038
13,19751462,19751463,TUBA3C,c.660_661delinsAA,p.R221S,0.83,Uncertain Significance,
13,19751466,19751466,TUBA3C,c.657C>T,p.I219I,1.63,Uncertain Significance,0.002
13,19751544,19751544,TUBA3C,c.579G>A,p.T193T,45.19,Benign,27.350
13,19751657,19751657,TUBA3C,c.466C>A,p.R156R,45.18,Benign,4.181
13,19751694,19751694,TUBA3C,c.429T>C,p.G143G,46.86,Benign,4.095
13,19752539,19752540,TUBA3C,c.227-6_227-5del,,47.62,Benign,4.184
13,19753554,19753554,TUBA3C,c.153G>A,p.T51T,34.54,Benign,4.174
13,19753575,19753575,TUBA3C,c.132T>C,p.G44G,38.55,Benign,4.178
13,28608459,28608459,FLT3,c.1683A>G; n.1749A>G,p.L561L,50.78,Benign,7.897
13,28610183,28610183,FLT3,n.1376-3T>C; c.1310-3T>C,,50,Uncertain Significance,70.039
13,28624294,28624294,FLT3,n.746C>T; c.680C>T,p.T227M,99.49,Benign,59.806
13,28636084,28636084,FLT3,n.354C>T; c.288C>T,p.D96D,99.24,Benign,98.285
13,28674628,28674628,FLT3,c.20A>G; n.86A>G,p.D7G,99.03,Benign,36.228
13,32906729,32906729,BRCA2,n.1313A>C; c.424+1562A>C; c.745A>C; c.1114A>C,p.N249H; p.N372H,98.95,Benign,27.333
13,32913055,32913055,BRCA2,c.4563A>G; n.4762A>G; c.425-5640A>G; c.4194A>G; c.1909+5531A>G,p.L1398L; p.L1521L,79.71,Benign,99.275
13,32915005,32915005,BRCA2,c.425-3690G>C; c.1910-3690G>C; c.6144G>C; c.6513G>C; n.6712G>C,p.V2048V; p.V2171V,96.80,Benign,99.253
13,32929387,32929387,BRCA2,c.980T>C; c.7301T>C; c.7028T>C; c.7397T>C; n.7596T>C; c.2465T>C,p.V2434A; p.V2343A; p.V2466A; p.V327A; p.V822A,99.36,Benign,99.343
14,86088056,86088056,FLRT2,c.198T>C,p.T66T,98.04,Benign,99.769
15,66727454,66727456,MAP2K1,c.170_172delinsGAT; c.104_106delinsGAT,p.K35_Q36delinsR*; p.K57_Q58delinsR*,0.77,Uncertain Significance,
15,82558034,82558034,SAXO2,c.178G>C; c.-20G>C; c.28+2505G>C; c.53+2761G>C; c.37G>C,p.A60P; p.A13P,38.86,Benign,61.085
15,82563991,82563991,SAXO2,c.28+8462C>T; c.56C>T; c.140C>T; c.281C>T; c.233+5902C>T; c.101C>T,p.P94L; p.P47L; p.P34L; p.P19L,50.93,Benign,43.935
15,88576185,88576185,NTRK3,c.1464C>G; c.1194C>G; c.1170C>G; c.1488C>G,p.A488A; p.A398A; p.A496A; p.A390A,49.85,Benign,34.875
15,88679785,88679785,NTRK3,c.384C>T; c.678C>T *; c.678C>T,p.N226N; p.N128N,99.16,Benign,99.673
16,3777959,3777959,CREBBP,c.7089G>A; c.6975G>A,p.P2325P; p.P2363P,43.99,Likely Benign,0.026
16,3778401,3778403,CREBBP,c.6645_6647del; c.6531_6533del,p.Q2216del; p.Q2178del,0.71,Uncertain Significance,0.003
16,89849480,89849480,FANCA,c.1501G>A,p.G501S,48.18,Benign,50.407
17,263585,263585,C17orf97; LOC105371430; LIAT1,n.45+185A>G; c.951T>C; c.304+3148T>C,p.T317T,1.20,Likely Benign,0.030
17,7578210,7578210,TP53,c.162A>G; c.639A>G; c.522A>G; c.243A>G; n.701+161A>G,p.R213R; p.R174R; p.R81R; p.R54R,49.42,Benign,1.229
17,7579472,7579472,TP53,c.98C>G; c.215C>G; c.-1020C>G; c.-939C>G; n.357C>G,p.P72R; p.P33R,46.99,Uncertain Significance,66.289
17,16842912,16842912,TNFRSF13B,c.693T>C; c.831T>C,p.S277S; p.S231S,49.57,Benign,49.363
17,16855878,16855878,TNFRSF13B,c.81G>A; c.62-3581G>A,p.T27T,47.03,Benign,80.823
17,29508775,29508775,NF1,c.702G>A,p.L234L,48.35,Benign,62.010
17,29528142,29528142,NF1,c.1150T>C,p.F384L,2.63,Likely Pathogenic,
17,29541476,29541476,NF1,c.1430C>T; c.1445C>T; c.1400C>T,p.T482I; p.T477I; p.T467I,3.52,Pathogenic,
17,29553485,29553485,NF1,c.2079G>A; c.2034G>A; c.2064G>A,p.P678P; p.P693P; p.P688P,48.90,Benign,38.412
17,29554541,29554541,NF1,c.2356G>A; c.2371G>A; c.2326G>A,p.A786T; p.A791T; p.A776T,0.77,Pathogenic,
17,29554582,29554582,NF1,c.2397G>A; c.2367G>A; c.2412G>A,p.K799K; p.K789K; p.K804K,11.37,Uncertain Significance,
17,29554589,29554589,NF1,c.2419C>T; c.2374C>T; c.2404C>T,p.L802F; p.L792F; p.L807F,10.32,Pathogenic,
17,30264485,30264485,SUZ12,c.220C>T,p.P74S,0.71,Uncertain Significance,0.005
17,40489560,40489560,STAT3,c.396C>T; c.690C>T; c.594C>T; c.612C>T,p.Y204Y; p.Y132Y; p.Y198Y; p.Y230Y,49.82,Uncertain Significance,0.002
17,41223094,41223094,BRCA1,c.310A>G; c.4903A>G; c.4759A>G; c.4711A>G; c.4900A>G; c.1387A>G; c.-98-20887A>G; c.1525A>G; c.3949A>G; c.4696A>G; c.1444A>G; c.4624A>G; c.5-7126A>G; c.4834A>G; c.4837A>G,p.S1587G; p.S1566G; p.S1317G; p.S104G; p.S463G; p.S482G; p.S1613G; p.S1571G; p.S1635G; p.S1634G; p.S1612G; p.S509G; p.S1542G,49.42,Benign,34.998
17,41234470,41234470,BRCA1,c.4095T>C; c.918T>C; c.-43-7932T>C; c.5-18502T>C; c.4182T>C; c.858T>C; c.-98-32263T>C; c.4308T>C; c.4167T>C; c.3420T>C; c.4230T>C; c.996T>C; c.999T>C,p.S1140S; p.S306S; p.S1394S; p.S1365S; p.S1410S; p.S1389S; p.S332S; p.S1436S; p.S333S; p.S286S,48.71,Benign,34.330
17,41244000,41244000,BRCA1,c.3470A>G; c.3422A>G; c.3335A>G; c.-43-17462A>G; c.5-28032A>G; c.707-951A>G; c.-99+33288A>G; c.3548A>G; c.3407A>G; c.647-951A>G; c.2660A>G; c.788-951A>G; c.785-951A>G,p.K1112R; p.K1157R; p.K1136R; p.K887R; p.K1183R; p.K1141R,48.79,Benign,34.855
17,41244435,41244435,BRCA1,c.-43-17897A>G; c.647-1386A>G; c.-99+32853A>G; c.2225A>G; c.3113A>G; c.2987A>G; c.5-28467A>G; c.788-1386A>G; c.785-1386A>G; c.2972A>G; c.3035A>G; c.2900A>G; c.707-1386A>G,p.E991G; p.E1038G; p.E996G; p.E742G; p.E1012G; p.E967G,46.29,Benign,34.300
17,41244936,41244936,BRCA1,c.2486C>T; c.2399C>T; c.787+1825C>T; c.2471C>T; c.646+1825C>T; c.706+1825C>T; c.5-28968C>T; c.784+1825C>T; c.1724C>T; c.2534C>T; c.-43-18398C>T; c.-99+32352C>T; c.2612C>T,p.P575L; p.P829L; p.P871L; p.P800L; p.P824L; p.P845L,48.87,Benign,41.275
17,41245237,41245237,BRCA1,c.2185T>C; c.5-29269T>C; c.706+1524T>C; c.646+1524T>C; c.784+1524T>C; c.2233T>C; c.-43-18699T>C; c.2170T>C; c.-99+32051T>C; c.2311T>C; c.1423T>C; c.2098T>C; c.787+1524T>C,p.L724L; p.L700L; p.L745L; p.L771L; p.L475L; p.L729L,49.26,Benign,34.216
17,41245466,41245466,BRCA1,c.706+1295C>T; c.1956C>T; c.1194C>T; c.1869C>T; c.2004C>T; c.-99+31822C>T; c.2082C>T; c.787+1295C>T; c.5-29498C>T; c.-43-18928C>T; c.784+1295C>T; c.646+1295C>T; c.1941C>T,p.S623S; p.S668S; p.S694S; p.S398S; p.S652S; p.S647S,45.26,Benign,34.860
17,74732507,74732507,MFSD11; SRSF2,c.-1928A>G; c.-1812A>G; c.-733A>G; c.-1623A>G; n.573T>C; n.-1694A>G; c.402T>C; c.-1530A>G; c.402T>C *; c.-1645A>G; c.-738A>G; n.-209A>G; c.-1269A>G; c.366T>C,p.S122S; p.S134S,99.79,Benign,99.703
17,74733099,74733099,MFSD11; MIR636; SRSF2,n.-1102G>A; c.-141G>A; n.-469C>T; c.-1336G>A; c.-1053G>A; n.315C>T; c.-938G>A; c.-146G>A; c.-1220G>A; c.-1031G>A; n.384G>A; c.144C>T; c.-677G>A,p.D48D,95.43,Benign,88.440
18,42456653,42456653,SETBP1,c.540+7405G>A; c.664G>A,p.A222T,45.80,Benign,52.534
18,42456670,42456671,SETBP1,c.540+7422_540+7423insTCTT; c.681_682insTCTT,p.T228Sfs*8,47.17,Benign,52.471
18,42532606,42532606,SETBP1,c.3301G>A,p.V1101I,50.31,Benign,12.136
18,42533130,42533130,SETBP1,c.3825A>G,p.S1275S,47.27,Benign,88.475
19,10262139,10262139,DNMT1,c.2152del; c.2200del; c.1837del,p.M613Cfs*59; p.M718Cfs*59; p.M734Cfs*59,0.59,Uncertain Significance,
19,10265312,10265312,DNMT1,c.1419A>G; c.1734A>G; c.1782A>G,p.T578T; p.T594T; p.T473T,99.27,Benign,99.074
19,10267077,10267077,DNMT1,c.1341A>G; c.1389A>G; c.1026A>G,p.P447P; p.P463P; p.P342P,50.06,Benign,51.810
19,10939792,10939792,DNM2,c.2139T>C; c.2127T>C,p.A709A; p.A713A,49.07,Benign,31.112
19,13051246,13051246,CALR; MIR6515,c.682C>T; n.-52C>T,p.P228S,46.43,Uncertain Significance,0.107
19,17958777,17958777,JAK3,c.-36A>G,,49.24,Benign,21.329
19,33792631,33792631,CEBPA; CEBPA-DT,c.648G>T; c.690G>T; n.-1096C>A; c.333G>T; c.795G>T,p.T265T; p.T216T; p.T230T; p.T111T,48.84,Benign,15.893
19,45284266,45284266,CBLC,c.458A>C,p.K153T,51.87,Benign,6.775
19,56180968,56180968,U2AF2,c.1191C>T; c.1203C>T,p.D397D; p.D401D,99.49,Benign,86.871
20,31022959,31022959,ASXL1,c.1869+575T>C; c.2429T>C; c.2261T>C *; c.2261T>C; c.2444T>C *,p.L754P; p.P815P; p.P754P; p.L810P,98.98,Benign,99.999
20,43252915,43252915,ADA,c.609A>G; c.597A>G; c.217-1196A>G; c.531A>G; c.217-1344A>G; n.626A>G; c.381A>G; c.534A>G; c.129A>G; c.219-1344A>G; c.612A>G; c.66-1344A>G,p.V43V; p.V127V; p.V204V; p.V203V; p.V177V; p.V199V; p.V178V,51.98,Benign,20.183
20,43255220,43255220,ADA,c.65+2468A>G; c.218+2468A>G; c.236A>G; c.239A>G; c.-51A>G; c.216+2470A>G; n.331A>G; c.302A>G; c.86A>G; c.317A>G; c.314A>G,p.K80R; p.K79R; p.K29R; p.K106R; p.K105R; p.K101R,50.95,Benign,5.765
20,43264927,43264927,ADA,c.-254G>A; n.128G>A; c.36G>A; c.99G>A; c.-115G>A; c.114G>A; c.-118G>A; c.111G>A,p.V33V; p.V12V; p.V37V; p.V38V,99.72,Benign,99.525
20,62321189,62321189,RTEL1-TNFRSF6B; RTEL1,c.2112C>T; c.1443C>T; c.2184C>T; n.2939C>T,p.D481D; p.D728D; p.D704D,50.10,Benign,7.736
20,62321655,62321655,RTEL1-TNFRSF6B; RTEL1,c.2274G>A; c.1605G>A; c.2346G>A; n.3101G>A,p.A535A; p.A758A; p.A782A,97.33,Benign,74.190
20,62322288,62322288,RTEL1-TNFRSF6B; RTEL1,c.2544T>C; c.2616T>C; n.3371T>C; c.1875T>C,p.P625P; p.P848P; p.P872P,99.70,Benign,75.007
20,62324289,62324289,RTEL1-TNFRSF6B; RTEL1,c.2784C>T; n.3611C>T; c.2115C>T; c.2856C>T,p.F928F; p.F952F; p.F705F,49.13,Benign,21.260
20,62326110,62326110,RTEL1-TNFRSF6B; RTEL1; TNFRSF6B,n.3953A>C; c.2457A>C; c.-2011A>C; c.3126A>C; c.3198A>C,p.Q1042H; p.Q819H; p.Q1066H,99.65,Benign,75.489
21,44513243,44513243,U2AF1; LOC102724594,c.692C>T; c.473C>T; c.578C>T,p.S231L; p.S193L; p.S158L,2.45,Uncertain Significance,0.000
22,17690409,17690409,ADA2,c.33C>T; c.-38-2229C>T; c.159C>T,p.N11N; p.N53N,99.54,Benign,43.280
22,23627369,23627369,BCR,c.2387A>G,p.N796S,99.05,Benign,81.784
22,23653975,23653976,BCR,c.3143_3146dup; c.3275_3278dup,p.V1050Rfs*17; p.V1094Rfs*17,12.03,Uncertain Significance,0.280
22,29090054,29090054,CHEK2,c.1154C>T; c.764C>T; c.1427C>T; c.1226C>T; c.1340C>T; c.1556C>T; c.767C>T,p.T256M; p.T476M; p.T255M; p.T385M; p.T409M; p.T519M; p.T447M,4.28,Uncertain Significance,0.031
22,29091142,29091142,CHEK2,c.1261G>A; c.685G>A; c.1075G>A; c.1348G>A; c.688G>A; c.1477G>A; c.1147G>A,p.E421K; p.E229K; p.E359K; p.E383K; p.E493K; p.E450K; p.E230K,4.70,Likely Pathogenic,
22,29095923,29095923,CHEK2,c.251T>C; c.248T>C; c.710T>C; c.1040T>C; c.911T>C; c.638T>C,p.M237T; p.M347T; p.M83T; p.M304T; p.M213T; p.M84T,49.41,Pathogenic,0.000
22,41548008,41548008,EP300,c.2911A>G; c.2989A>G,p.I971V; p.I997V,49.18,Benign,29.946
22,41551039,41551039,EP300,c.3183T>A; c.3105T>A,p.T1061T; p.T1035T,47.53,Benign,65.695
X,1314931,1314931,CRLF2,c.394G>A; c.730G>A; n.924G>A,p.V132M; p.V244M,51.02,Benign,6.094
X,15838366,15838366,ZRSR2,c.864C>T; c.786C>T,p.N288N; p.N262N,99.65,Benign,52.758
X,15841311,15841311,ZRSR2,c.1317C>G; c.1395C>G,p.G465G; p.G439G,2.80,Likely Benign,
X,15841319,15841319,ZRSR2,c.1325G>A; c.1403G>A,p.R468K; p.R442K,5.76,Uncertain Significance,
X,44938563,44938563,KDM6A,c.2976G>A; c.2223G>A; n.3394G>A; c.3111G>A; c.2973G>A; c.3189G>A; c.3009G>A; c.3132G>A; c.3030G>A; c.2874G>A; c.3267G>A,p.Q958Q; p.Q1063Q; p.Q1010Q; p.Q741Q; p.Q1037Q; p.Q991Q; p.Q992Q; p.Q1044Q; p.Q1089Q; p.Q1003Q,97.50,Benign,24.273
X,47057647,47057647,UBA1,c.1-555A>G,,99.40,Benign,99.806
X,76937963,76937963,ATRX,c.2785C>G; c.2671C>G; c.2785C>G *; c.2671C>G *,p.Q929E; p.Q891E; p.E929E; p.E891E,98.38,Benign,38.534
X,129147079,129147079,BCORL1,c.331T>C *; c.331T>C,p.F111L; p.L111L,95.56,Benign,99.998
X,130678467,130678467,IGSF1; OR13H1,c.420A>G; c.-913+34175T>C,p.V140V,99.41,Benign,64.296
X,130678596,130678596,IGSF1; OR13H1,c.549C>G; c.-913+34046G>C,p.L183L,99.33,Benign,27.233
X,130678844,130678844,IGSF1; OR13H1,c.797A>C; c.-913+33798T>G,p.Y266S,97.71,Benign,64.337
X,153994596,153994596,DKC1,n.471G>T; n.948G>T; c.-241G>T; c.369G>T; c.282G>T,p.T123T; p.T94T,99.75,Benign,99.752

