Chromosome,Position,End Position,Gene Symbol,Transcript Variant,Protein Variant,1746D - Allele Fraction,Classification,gnomAD Frequency
1,12918885,12918885,PRAMEF2,c.21G>C,p.P7P,1.33,Likely Benign,0.393
1,12918891,12918891,PRAMEF2,c.27A>C,p.L9L,1.14,Benign,6.355
1,12919081,12919081,PRAMEF2,c.217C>T,p.L73F,49.34,Benign,10.838
1,12919587,12919587,PRAMEF2,c.327T>C,p.D109D,44.39,Benign,24.064
1,12919983,12919983,PRAMEF2,c.723G>A,p.R241R,48.67,Benign,10.815
1,12921114,12921114,PRAMEF2,c.905G>A,p.C302Y,0.99,Uncertain Significance,0.041
1,12921119,12921119,PRAMEF2,c.910A>T,p.N304Y,0.88,Uncertain Significance,0.194
1,12921127,12921127,PRAMEF2,c.918A>G,p.L306L,52.23,Benign,26.699
1,12921136,12921137,PRAMEF2,c.927_928delinsTG,p.L310V,2.48,Likely Pathogenic,
1,12921332,12921333,PRAMEF2,c.1123_1124delinsCA,p.C375H,48.64,Uncertain Significance,
1,35250819,35250819,GJB3,c.456C>T,p.L152L,2.42,Uncertain Significance,
1,47685455,47685455,TAL1,c.933A>G; c.456A>G *; c.933A>G *,p.K311K; p.K152K,99.12,Benign,100.000
1,65339111,65339111,JAK1,c.425del,p.K142Rfs*24; p.K142Rfs*26,0.73,Likely Pathogenic,
1,172628474,172628476,FASLG,c.144_146del,p.P53del,0.95,Uncertain Significance,0.015
2,25469502,25469502,DNMT3A,n.1497G>A; c.597G>A; c.810G>A; c.699G>A; c.1266G>A,p.L270L; p.L422L; p.L199L; p.L233L,51.87,Benign,19.334
2,25994412,25994413,ASXL2,c.404-4dup; c.230-4dup; c.-377-4dup; c.401-4dup,,46.24,Benign,23.466
2,47739551,47739551,KCNK12; MSH2,n.2748A>G; n.3260A>G; c.*133A>G; c.1847A>G; n.2622A>G; c.2324A>G; n.3103A>G; n.2974A>G; n.2913A>G; c.1388A>G; n.2630A>G; c.2744A>G; n.2575A>G; c.2594A>G; c.2711A>G; n.2780A>G; c.*8495T>C,p.Q904R; p.Q915R; p.Q865R; p.Q616R; p.Q463R; p.Q775R,97.89,Benign,42.795
2,48010488,48010488,MSH6,c.-984G>A; c.-468G>A; c.116G>A; c.-69+118G>A; c.-879G>A; c.-791G>A; c.-724G>A; c.-424G>A; c.-890G>A; c.-1233G>A; c.-38+118G>A; c.-1134G>A; c.-213G>A; c.-37-7578G>A; n.205G>A; c.-695G>A; c.-794G>A; c.-467G>A; c.-813G>A; c.-621G>A; c.-1399G>A; c.-280+118G>A; c.61G>A,p.G21R; p.G39E,45.74,Benign,18.288
2,48030639,48030640,MSH6,c.2355dup; c.2871dup; c.42dup; n.3451dup; n.3522dup; c.2397dup; c.108dup; n.3350dup; c.1206dup; c.3267dup; c.3173-86dup; n.2191dup; c.3357dup; c.2736dup; c.3183dup; c.3173-2110dup; c.3093dup; c.1695dup; c.2964dup; c.3261dup,p.F403Lfs*5; p.F15Lfs*5; p.F1032Lfs*5; p.F1062Lfs*5; p.F1088Lfs*5; p.F800Lfs*5; p.F913Lfs*5; p.F958Lfs*5; p.F1090Lfs*5; p.F989Lfs*5; p.F1120Lfs*5; p.F786Lfs*5; p.F37Lfs*5; p.F566Lfs*5,1.08,Pathogenic,0.006
2,48030640,48030640,MSH6,c.3093del; c.3261del; c.2355del; c.3267del; c.3183del; c.3173-2110del; c.108del; n.3451del; c.3173-86del; c.2964del; c.2397del; c.3357del; n.3522del; c.2871del; n.3350del; c.1206del; n.2191del; c.42del; c.2736del; c.1695del,p.F786Sfs*2; p.F913Sfs*2; p.F958Sfs*2; p.F1088Sfs*2; p.F37Sfs*2; p.F989Sfs*2; p.F1032Sfs*2; p.F1090Sfs*2; p.F566Sfs*2; p.F800Sfs*2; p.F1120Sfs*2; p.F403Sfs*2; p.F1062Sfs*2; p.F15Sfs*2,0.68,Pathogenic,0.001
2,61720156,61720156,XPO1,c.1278A>C; c.885A>C; c.1233A>C; c.777A>C; c.921A>C; c.1062A>C; c.1002A>C,p.K307N; p.K426N; p.K259N; p.K411N; p.K334N; p.K354N; p.K295N,3.12,Uncertain Significance,
2,198257795,198257795,SF3B1,c.3657A>G,p.V1219V,99.96,Benign,66.086
2,198265526,198265526,SF3B1,c.2631T>C,p.G877G,99.85,Benign,66.033
2,198283305,198283305,SF3B1,c.423A>G,p.K141K,99.63,Benign,66.128
3,10078012,10078012,RNU6-670P; FANCD2,n.-1218del; c.486del,p.F162Lfs*19,1.29,Likely Pathogenic,
3,10085536,10085536,FANCD2,c.1122A>G,p.V374V,31.01,Benign,10.511
3,10088266,10088266,FANCD2,c.1137G>T,p.V379V,10.72,Benign,18.180
3,10088299,10088299,FANCD2,c.1170C>T,p.S390S,14.86,Benign,25.706
3,10088308,10088308,FANCD2,c.1179T>C,p.T393T,15.25,Benign,26.856
3,10088343,10088343,FANCD2,c.1214A>G,p.N405S,16.18,Benign,25.717
3,10089723,10089723,FANCD2,c.1401G>A,p.T467T,1.67,Benign,41.841
3,10089738,10089738,FANCD2,c.1413+3A>G,,1.39,Benign,39.278
3,10091084,10091084,FANCD2,c.1440T>C,p.H480H,12.20,Likely Benign,0.029
3,10106532,10106532,FANCD2,c.2030C>T; c.2141C>T,p.P677L; p.P714L,43.18,Benign,14.696
3,10107113,10107113,FANCD2,c.2204G>A; c.2093G>A,p.R735Q; p.R698Q,1.16,Likely Pathogenic,0.002
3,10107147,10107147,FANCD2,c.2238C>T; c.2127C>T,p.N746N; p.N709N,1.58,Uncertain Significance,0.003
3,10107168,10107168,FANCD2,c.2148T>C; c.2259T>C,p.D753D; p.D716D,1.43,Uncertain Significance,0.003
3,10138069,10138069,FANCD2OS; FANCD2,c.4098T>G; c.3987T>G; c.*43+7813A>C; c.4059T>G,p.L1329L; p.L1366L; p.L1353L,50.19,Benign,18.717
3,37053568,37053568,MLH1,c.-172A>G; c.655A>G; c.-275A>G; c.-162A>G; c.361A>G; c.-69A>G; c.556A>G,p.I219V; p.I121V; p.I186V,99.85,Uncertain Significance,23.247
3,105422844,105422844,CBLB,c.252G>A; c.801G>A; n.1986G>A; n.1623G>A; c.1647G>A; c.1665G>A; n.1920G>A; n.1660G>A; n.2004G>A; n.1872G>A; c.1581G>A; n.1696G>A; c.1434G>A; c.393G>A,p.T527T; p.T549T; p.T478T; p.T555T; p.T267T; p.T84T; p.T131T,99.82,Benign,72.630
3,128200744,128200744,GATA2,c.1019C>T; c.1061C>T; c.1343C>T,p.T354M; p.T448M; p.T340M,47.67,Pathogenic,
3,128204951,128204951,GATA2,c.490G>A; c.772G>A,p.A164T; p.A258T,99.24,Uncertain Significance,19.632
3,128205860,128205860,GATA2,c.297C>G; c.15C>G,p.P99P; p.P5P,99.71,Benign,66.313
3,128205878,128205880,GATA2,c.277_279del; c.-6_-4del,p.P93del,0.60,Uncertain Significance,0.002
3,187446211,187446211,LOC100131635; BCL6,n.294-3948C>T; c.1477G>A,p.A493T,45.79,Benign,14.993
3,187447032,187447032,LOC100131635; BCL6,n.294-3127G>A; c.1161C>T,p.N387N,48.11,Benign,64.365
3,187447701,187447701,LOC100131635; BCL6,n.294-2458C>A; c.492G>T,p.E164D,49.18,Uncertain Significance,2.201
4,1803704,1803704,FGFR3,c.882T>C; n.1157T>C,p.N294N,51.00,Benign,16.389
4,1807894,1807894,FGFR3,c.1956G>A; n.2379G>A; c.1959G>A; c.1953G>A; c.1617G>A,p.T651T; p.T652T; p.T539T; p.T653T,99.77,Benign,98.654
4,55141055,55141055,PDGFRA; ENSG00000282278,c.1740A>G; c.1776A>G; c.1701A>G; c.1018-37A>G,p.P580P; p.P592P; p.P567P,99.66,Benign,98.760
4,55161391,55161391,PDGFRA; ENSG00000282278,c.2502T>C; c.3261T>C; c.3222T>C; c.3297T>C,p.D834D; p.D1099D; p.D1087D; p.D1074D,99.88,Benign,99.911
4,55599268,55599268,KIT,c.2349+1104C>T; c.2379C>T; c.2397C>T; c.2385C>T; c.2382C>T; c.1884C>T; c.2391C>T; c.2394C>T,p.I797I; p.I798I; p.I799I; p.I628I; p.I793I; p.I794I; p.I795I,49.77,Likely Benign,2.035
4,57352505,57352505,SRP72,n.1120G>A; c.918G>A; c.1101G>A,p.Q306Q; p.Q367Q,3.50,Uncertain Significance,0.000
4,57361553,57361553,SRP72,c.1671A>G; n.1804A>G; c.1488A>G,p.K496K; p.K557K,50.56,Benign,9.222
4,106196300,106196302,TET2; TET2-AS1,n.318+59241_318+59243del; c.4643_4645del; c.4706_4708del,p.Q1548del; p.Q1569del,0.52,Uncertain Significance,0.000
4,106196951,106196951,TET2; TET2-AS1,c.5284A>G; n.318+58592T>C; c.5347A>G,p.I1762V; p.I1783V,47.63,Benign,29.475
4,153268227,153268228,FBXW7,c.585-5dup; c.345-5dup; c.231-5dup,,3.49,Benign,6.481
5,35861068,35861068,IL7R,c.197T>C; n.284T>C,p.I66T,49.23,Benign,62.570
5,35871190,35871190,IL7R,c.412G>A; n.499G>A,p.V138I,48.94,Benign,64.899
5,35876274,35876274,IL7R,c.*183A>G; c.1066A>G; n.890A>G,p.I356V,49.99,Benign,24.367
5,140433389,140433389,PCDHB1-AS1; PCDHB1,c.2334C>G; n.357-2634G>C,p.F778L,48.49,Likely Benign,2.867
5,149433888,149433888,CSF1R,n.2653G>C; c.2760G>C; n.2724G>C; c.2316G>C,p.E920D; p.E772D,46.68,Likely Benign,0.278
5,149447806,149447808,CSF1R,n.1723_1725del; c.1596_1598del; n.1652_1654del; c.1152_1154del,p.L537del; p.L389del,0.88,Uncertain Significance,0.005
5,149457678,149457678,CSF1R,n.853C>T; c.282C>T; c.726C>T; n.782C>T,p.T242T; p.T94T,99.78,Benign,50.924
5,149460553,149460553,CSF1R,c.-361T>C; c.84T>C; n.211T>C; n.140T>C,p.P28P,99.45,Benign,48.014
5,149495395,149495395,PDGFRB,c.3252A>G; c.2769A>G; c.3060A>G,p.P1084P; p.P923P; p.P1020P,49.73,Benign,34.047
5,149497177,149497177,PDGFRB,c.2945+4A>G; c.3137+4A>G; c.2654+4A>G,,50.61,Benign,34.877
5,149499672,149499672,PDGFRB,c.2601A>G; c.2118A>G; c.2409A>G,p.L706L; p.L803L; p.L867L,50.38,Benign,28.272
5,176721198,176721198,NSD1,c.5956T>C; c.1471T>C; c.6067T>C; c.6829T>C; c.6076T>C; c.5707T>C; c.6520T>C; c.6409T>C,p.L1986L; p.L2174L; p.L1903L; p.L491L; p.L2137L; p.L2277L; p.L2026L; p.L2023L,99.70,Benign,82.274
5,176721272,176721272,NSD1,c.6030G>C; c.6903G>C; c.6141G>C; c.6594G>C; c.6483G>C; c.6150G>C; c.5781G>C; c.1545G>C,p.G2010G; p.G2198G; p.G2050G; p.G2161G; p.G1927G; p.G515G; p.G2047G; p.G2301G,50.40,Benign,18.678
5,176940384,176940384,DDX41,c.822C>T; c.1200C>T,p.R274R; p.R400R,50.64,Benign,41.586
6,18139214,18139214,TPMT,c.474C>T; c.474T>C *,p.I158I,49.13,Benign,76.396
6,33287898,33287900,DAXX,c.1389_1391del; c.1128_1130del; c.1353_1355del,p.E457del; p.E382del; p.E469del,0.82,Uncertain Significance,0.031
6,33288271,33288271,DAXX,c.1173T>C; c.912T>C; c.1137T>C,p.Y379Y; p.Y304Y; p.Y391Y,49.53,Benign,29.226
7,2946461,2946461,CARD11,c.3276A>G,p.R1092R,46.90,Benign,51.281
7,2963941,2963943,CARD11,c.1864_1866del,p.S622del,1.10,Uncertain Significance,0.001
7,6026775,6026775,PMS2,c.1513A>G; c.1645A>G; c.850A>G; c.1423A>G; c.1465A>G; c.1048A>G; c.1453A>G; c.1147A>G; c.804-4153A>G; c.1303A>G; c.1618A>G; c.1255A>G; c.1108A>G; c.1312A>G; n.1708A>G; c.1807A>G; c.1285A>G; c.1621A>G; c.803+10182A>G; c.1216A>G; c.1297A>G; c.1060A>G; c.688A>G; c.1156A>G,p.K429E; p.K603E; p.K433E; p.K489E; p.K541E; p.K230E; p.K383E; p.K505E; p.K549E; p.K386E; p.K354E; p.K475E; p.K540E; p.K350E; p.K370E; p.K419E; p.K435E; p.K284E; p.K406E; p.K438E; p.K485E,97.77,Benign,84.429
7,6036980,6036980,PMS2,c.780C>G; c.966C>G; c.-154C>G; c.471C>G; c.444C>G; c.672C>G; c.267C>G; c.804C>G; c.705+1759C>G; c.132+5104C>G; c.375C>G; c.207C>G; c.612C>G; c.777C>G; n.867C>G; c.537+5104C>G; c.462C>G,p.S157S; p.S125S; p.S89S; p.S148S; p.S69S; p.S322S; p.S204S; p.S224S; p.S268S; p.S260S; p.S259S; p.S154S,99.94,Benign,80.387
7,6043613,6043613,PMS2,c.-113C>T; c.-245C>T; c.25C>T; c.-63C>T; c.-142C>T; n.327C>T; c.-645C>T; c.-341C>T; c.426C>T; c.-192C>T; c.-52-1346C>T; c.-156C>T; c.240C>T; c.-166C>T,p.F80F; p.F142F; p.R9*,3.87,Likely Benign,0.007
7,6043676,6043676,PMS2,c.-229G>A; c.-126G>A; c.363G>A; c.-219G>A; c.-255G>A; c.-39G>A; c.-404G>A; c.-708G>A; n.264G>A; c.-205G>A; c.-52-1409G>A; c.177G>A; c.-308G>A; c.-176G>A,p.K59K; p.K121K,0.69,Uncertain Significance,
7,55214348,55214348,EGFR,c.424+3167C>T; c.315C>T; c.89-9175C>T; c.474C>T,p.N158N; p.N105N,99.74,Benign,51.021
7,55238087,55238087,EGFR,c.1968C>T; c.1881-781C>T; c.1080-781C>T; c.1746-781C>T; c.1722-781C>T,p.H656H,48.86,Benign,8.324
7,55249063,55249063,EGFR-AS1; EGFR,n.1201C>T; c.2226G>A; c.1560G>A; c.2202G>A; c.2361G>A,p.Q734Q; p.Q787Q; p.Q520Q; p.Q742Q,99.46,Benign,52.144
7,55266417,55266417,EGFR,c.2574T>C; c.2709T>C; c.1908T>C; c.2550T>C,p.T636T; p.T903T; p.T858T; p.T850T,90.85,Benign,89.426
7,55268916,55268916,EGFR,c.2982C>T; c.2181C>T; c.2823C>T; c.2847C>T,p.D949D; p.D941D; p.D727D; p.D994D,51.64,Benign,13.342
7,92731760,92731760,SAMD9,c.3651del,p.F1217Lfs*32,0.51,Uncertain Significance,
7,92734451,92734451,SAMD9,c.960T>C,p.Y320Y,48.01,Benign,37.879
7,92760738,92760738,SAMD9L,c.4547del,p.N1516Mfs*10,1.27,Uncertain Significance,0.000
7,92762617,92762617,SAMD9L,c.2668A>G,p.M890V,1.64,Uncertain Significance,
7,92762681,92762681,SAMD9L,c.2604T>C,p.A868A,48.84,Benign,17.871
7,92764982,92764982,SAMD9L,c.303G>A,p.Q101Q,49.29,Benign,22.980
7,101837149,101837149,CUX1,c.1131G>A; c.1104G>A; c.1089G>A; c.999G>A; c.1020G>A; c.1137G>A,p.P363P; p.P340P; p.P379P; p.P368P; p.P333P; p.P377P,99.85,Benign,34.758
7,101844851,101844851,CUX1,c.1207+5968A>G; c.1117+5968A>G; c.1255+5968A>G; c.1833A>G; c.1138+5968A>G; c.2139A>G; c.2274A>G; c.1249+5968A>G; c.2307A>G,p.P713P; p.P758P; p.P769P; p.P611P,99.32,Benign,35.327
7,101892133,101892135,CUX1,c.1250-24491_1250-24489del; c.1208-24491_1208-24489del; c.1139-24491_1139-24489del; c.4375_4377del; c.1256-24491_1256-24489del; c.3901_3903del; c.4207_4209del; c.1118-24491_1118-24489del; c.4342_4344del,p.S1301del; p.S1403del; p.S1448del; p.S1459del,0.83,Likely Benign,0.370
7,101916647,101916647,CUX1,c.1260A>G; c.1266A>G *; c.1218A>G *; c.1149A>G; c.1218A>G; c.1149A>G *; c.1266A>G; c.1128A>G *; c.1128A>G; c.1260A>G *,p.A383A; p.A422A; p.A376A; p.A420A; p.A406A,99.91,Benign,72.926
7,101917521,101917521,CUX1,c.1252G>A; c.1384G>A; c.1342G>A; c.1390G>A; c.1273G>A,p.A464T; p.A462T; p.A425T; p.A418T; p.A448T,100,Benign,56.358
7,103230238,103230238,RELN,c.3950C>T,p.A1317V,1.25,Uncertain Significance,
7,103301976,103301977,RELN,c.1290-3dup,,1.60,Benign,0.535
7,116397572,116397572,MET,c.1944A>G; c.654A>G,p.Q648Q; p.Q218Q,99.61,Benign,18.140
7,139094365,139094366,FMC1-LUC7L2; LUC7L2,c.754_755del; c.748_749del; c.757_758del; c.955_956del,p.E253Rfs*34; p.E250Rfs*34; p.E319Rfs*34; p.E252Rfs*34,3.19,Likely Pathogenic,1.969
7,140434574,140434575,BRAF,c.2026-5dup; c.2017-5dup; c.2128-5dup; c.2062-5dup; c.1972-5dup; c.2127+5037dup; c.1864-5dup; c.2248-5dup; c.2137-5dup,,21.46,Likely Benign,
7,140449150,140449150,BRAF,c.1773A>G; c.1863A>G; c.2049A>G; c.1938A>G; c.1818A>G; c.1827A>G; c.1665A>G; c.1929A>G,p.G643G; p.G621G; p.G555G; p.G646G; p.G683G; p.G591G; p.G609G; p.G606G,48.82,Benign,21.181
7,140449164,140449164,BRAF,c.1849G>A; c.1651G>A; c.2035G>A; c.1759G>A; c.1915G>A; c.1804G>A; c.1813G>A; c.1924G>A,p.V587I; p.V642I; p.V679I; p.V602I; p.V605I; p.V639I; p.V617I; p.V551I,0.88,Likely Pathogenic,
7,148543694,148543695,EZH2,c.118-5_118-4del,,4.43,Likely Benign,0.254
7,148543694,148543694,EZH2,c.118-4del,,52.03,Benign,70.685
7,151836879,151836879,KMT2C,c.14515-3del; c.13897-3del; c.14344-3del,,1.40,Uncertain Significance,0.003
7,151874147,151874148,KMT2C,c.8165dup; c.8390dup,p.E2798Gfs*11; p.E2723Gfs*11,0.88,Likely Pathogenic,0.004
7,151874148,151874148,KMT2C,c.8165del; c.8390del,p.K2722Rfs*26; p.K2797Rfs*26,4.17,Pathogenic,0.195
7,151877127,151877127,KMT2C,c.7009C>A; c.7234C>A,p.P2412T; p.P2337T,42.89,Likely Benign,1.846
7,151921255,151921255,KMT2C,c.3168G>A; c.3048G>A,p.W1056*; p.W1016*,4.22,Likely Pathogenic,
7,151927021,151927021,KMT2C,c.2963G>T; c.2843G>T,p.C988F; p.C948F,26.45,Benign,22.612
7,151927023,151927023,KMT2C,c.2961C>G; c.2841C>G,p.Y947*; p.Y987*,21.56,Likely Pathogenic,
7,151927025,151927025,KMT2C,c.2959T>C; c.2839T>C,p.Y987H; p.Y947H,31.07,Benign,38.544
7,151927026,151927026,KMT2C,c.2838A>G; c.2958A>G,p.P986P; p.P946P,4.79,Benign,23.424
7,151927067,151927067,KMT2C,c.2797A>G; c.2917A>G,p.R973G; p.R933G,21.76,Likely Pathogenic,
7,151932908,151932908,KMT2C,c.2643A>G; c.2763A>G,p.L921L; p.L881L,2.19,Benign,42.499
7,151932923,151932923,KMT2C,c.2628C>T; c.2748C>T,p.I876I; p.I916I,0.66,Uncertain Significance,0.338
7,151932945,151932945,KMT2C,c.2606G>A; c.2726G>A,p.R909K; p.R869K,0.56,Benign,5.100
7,151935788,151935788,KMT2C,c.2652+4A>C; c.2533-2770A>C,,5.63,Uncertain Significance,
7,151935798,151935799,KMT2C,c.2645_2646delinsCA; c.2533-2781_2533-2780delinsCA,p.I882T,28.44,Uncertain Significance,
7,151935810,151935810,KMT2C,c.2533-2792C>A; c.2634C>A,p.A878A,3.30,Uncertain Significance,
7,151935866,151935866,KMT2C,c.2533-2848C>T; c.2578C>T,p.P860S,23.25,Likely Pathogenic,
7,151935871,151935871,KMT2C,c.2533-2853G>T; c.2573G>T,p.W858L,26.31,Likely Pathogenic,
7,151945007,151945007,KMT2C,c.2515G>A; c.2512G>A,p.G838S; p.G839S,46.42,Benign,49.408
7,151945071,151945072,KMT2C,c.2447dup; c.2450dup,p.Y816*; p.Y817*,24.19,Benign,48.670
7,151945101,151945101,KMT2C,c.2421C>G; c.2418C>G,p.S807S; p.S806S,0.82,Benign,20.838
7,151945140,151945140,KMT2C,c.2379G>A; c.2382G>A,p.S794S; p.S793S,20.32,Benign,43.539
7,151945215,151945215,KMT2C,c.2304A>G; c.2307A>G,p.S769S; p.S768S,13.91,Likely Benign,3.158
7,151945225,151945225,KMT2C,c.2297A>G; c.2294A>G,p.E766G; p.E765G,6.67,Uncertain Significance,0.474
7,151945256,151945256,KMT2C,c.2263C>T; c.2266C>T,p.Q756*; p.Q755*,3.89,Likely Pathogenic,0.563
7,151945313,151945313,KMT2C,c.2209T>C; c.2206T>C,p.L736L; p.L737L,0.97,Likely Benign,0.147
7,151962257,151962257,KMT2C,c.1053G>A; c.1050G>A,p.P351P; p.P350P,11.12,Uncertain Significance,0.100
7,151962265,151962265,KMT2C,c.1042G>A; c.1045G>A,p.D348N; p.D349N,10.69,Uncertain Significance,0.033
7,151962269,151962269,KMT2C,c.1041G>A; c.1038G>A,p.V347V; p.V346V,1.04,Uncertain Significance,0.012
7,151962290,151962290,KMT2C,c.1020G>C; c.1017G>C,p.K339N; p.K340N,8.73,Uncertain Significance,0.008
7,151962296,151962296,KMT2C,c.1016-2A>G; c.1013-2A>G,,0.93,Pathogenic,0.001
7,151970797,151970797,KMT2C,c.1008T>A; c.1005T>A,p.P336P; p.P335P,9.81,Uncertain Significance,0.244
7,151970859,151970859,KMT2C,c.943G>A; c.946G>A,p.G315S; p.G316S,3.88,Likely Benign,0.425
7,151970877,151970877,KMT2C,c.925C>T; c.928C>T,p.P309S; p.P310S,6.66,Uncertain Significance,0.519
7,151970931,151970931,KMT2C,c.871C>T; c.874C>T,p.L291F; p.L292F,56.72,Benign,49.945
7,151970951,151970951,KMT2C,c.854G>A; c.851G>A,p.R284Q; p.R285Q,10.31,Likely Benign,0.327
8,30915971,30915971,WRN,c.15del,p.K5Nfs*15,0.81,Likely Pathogenic,0.003
8,30924557,30924557,WRN,c.513C>T,p.C171C,99.81,Benign,70.808
8,30973957,30973957,WRN,c.2361G>T,p.L787L,99.80,Benign,45.121
8,30977943,30977943,WRN,c.2630+10del,,1.35,Uncertain Significance,0.002
8,30982451,30982451,WRN,c.2760A>G,p.K920K,1.82,Uncertain Significance,
8,30999280,30999280,WRN,c.3222G>T,p.L1074F,99.45,Benign,45.358
8,38271317,38271317,FGFR1,c.2019+119C>T; c.2031C>T; c.2292C>T; c.2268C>T; c.2280+119C>T; c.2286+119C>T; c.2025C>T; c.2472+119C>T; c.2019C>T; c.2391C>T; c.2286C>T; c.2298C>T,p.Y756Y; p.Y766Y; p.Y677Y; p.Y764Y; p.Y797Y; p.Y675Y; p.Y762Y; p.Y673Y,48.33,Uncertain Significance,0.014
8,38285914,38285916,FGFR1,c.129_131del; c.372_374del; c.495_497del; c.396_398del,p.D44del; p.D133del; p.D125del; p.D166del,1.20,Likely Pathogenic,0.014
8,41794934,41794934,KAT6A,c.3192G>A,p.T1064T,48.70,Benign,20.756
8,90982659,90982659,NBN,c.583A>C; c.585-5924A>C; c.829A>C,p.N195H; p.N277H,0.69,Uncertain Significance,
8,128750605,128750607,MYC,c.-192_-190del; c.109_111del; c.151_153del; c.154_156del,p.Q37del; p.Q51del; p.Q52del,0.80,Uncertain Significance,0.002
8,128751201,128751201,MYC,c.693G>A; c.735G>A; c.393G>A; c.738G>A,p.P131P; p.P231P; p.P245P; p.P246P,47.09,Benign,3.849
9,21970916,21970916,CDKN2A,c.442G>A; c.*86G>A; c.289G>A; c.*365G>A,p.A148T; p.A97T,49.32,Benign,2.066
9,36840623,36840623,PAX5,c.1008C>T; c.921C>T; c.810C>T; c.878C>T; c.1110C>T; c.894C>T; c.597C>T; c.981C>T; c.1023C>T; c.786C>T; n.1274C>T; c.791C>T; n.1217C>T,p.T293I; p.Y336Y; p.Y327Y; p.Y307Y; p.Y262Y; p.Y341Y; p.Y199Y; p.Y298Y; p.Y370Y; p.T264I; p.Y270Y,99.89,Benign,86.447
9,86586890,86586890,HNRNPK,c.788G>A; c.860G>A,p.R263Q; p.R287Q,0.65,Uncertain Significance,0.000
9,86586893,86586893,HNRNPK,c.785G>A; c.857G>A,p.R262H; p.R286H,1.91,Uncertain Significance,
9,86586904,86586912,HNRNPK,c.766_774del; c.838_846del,p.Y256_D258del; p.Y280_D282del,1.83,Uncertain Significance,
9,133759717,133759717,ABL1,c.2040C>T; c.2097C>T,p.G680G; p.G699G,49.94,Likely Benign,0.239
9,133759793,133759793,ABL1,c.2116G>A; c.2173G>A,p.G706S; p.G725S,50.87,Likely Benign,0.244
9,133761001,133761001,ABL1,c.3381A>G; c.3324A>G,p.P1108P; p.P1127P,97.58,Benign,55.454
9,139391636,139391636,NOTCH1,c.4152C>T; c.6555C>T; c.6441C>T; c.6435C>T,p.D2185D; p.D2145D; p.D1384D; p.D2147D,50.48,Benign,61.822
9,139397707,139397707,NOTCH1,c.4980C>T; c.4974C>T; c.5094C>T; c.2691C>T,p.D1660D; p.D1658D; p.D897D; p.D1698D,49.67,Benign,44.879
9,139405154,139405154,NOTCH1,c.2577C>T; c.2691C>T; c.288C>T,p.A897A; p.A96A; p.A859A,47.12,Likely Benign,1.206
9,139405181,139405181,NOTCH1,c.261C>T; c.2550C>T; c.2664C>T,p.H888H; p.H850H; p.H87H,49.17,Likely Benign,1.231
9,139405261,139405261,NOTCH1,c.2474-4G>A; c.2588-4G>A; c.185-4G>A,,99.43,Benign,47.788
9,139407932,139407932,NOTCH1,c.-724T>C; c.2265T>C; c.2151T>C,p.N755N; p.N717N,99.78,Benign,40.508
9,139418260,139418260,NOTCH1,c.312T>C,p.N104N,49.32,Benign,59.336
10,27329038,27329038,ANKRD26,c.2228del; c.2231del,p.N743Ifs*8; p.N744Ifs*8,0.89,Uncertain Significance,0.001
10,27333122,27333123,ANKRD26,c.1983-4_1983-3del; c.1986-4_1986-3del,,2.20,Uncertain Significance,0.422
10,27337806,27337808,ANKRD26,c.1736_1738del,p.D579del,0.76,Likely Benign,0.003
10,27381410,27381410,ANKRD26,c.563G>A,p.S188N,0.68,Uncertain Significance,
10,27389197,27389197,ANKRD26,c.59A>G,p.Q20R,49.34,Benign,89.948
10,72358577,72358577,PRF1; PALD1,c.900C>T; c.2419-67G>A; c.2250+34302G>A; c.2263-67G>A,p.H300H,49.48,Benign,64.107
10,89692921,89692921,PTEN,c.360A>T; c.405A>T; c.-346A>T; c.924A>T,p.I120I; p.I308I; p.I135I,0.88,Uncertain Significance,
10,89692923,89692923,PTEN,c.926G>A; c.-344G>A; c.362G>A; c.407G>A,p.C136Y; p.C309Y; p.C121Y,0.92,Pathogenic,
10,90771829,90771829,FAS,n.411T>C; n.612T>C; n.951T>C; n.538+1257T>C; n.474T>C; c.568+1257T>C; n.808T>C; c.687T>C; n.549T>C; n.561T>C; c.579T>C; c.642T>C,p.T193T; p.T229T; p.T214T,99.93,Benign,76.186
10,112357944,112357944,SMC3,c.2164G>A,p.E722K,1.63,Uncertain Significance,
10,112361870,112361870,SMC3,c.3039A>G,p.S1013S,99.89,Benign,99.598
10,123239112,123239112,FGFR2,c.2107C>T; c.*259C>T; n.3161C>T; c.*453C>T,p.L703L,49.45,Benign,53.214
10,123298158,123298158,FGFR2,n.984A>G; c.429A>G; c.696A>G; c.351A>G,p.V232V; p.V143V; p.V117V,99.85,Benign,78.012
11,30033563,30033563,KCNA4,c.663del,p.F221Lfs*21,0.99,Uncertain Significance,0.000
11,30034029,30034031,KCNA4,c.195_197del,p.H65del,1.32,Uncertain Significance,0.006
11,64534503,64534505,SF1,c.1403-61_1403-59del; c.1453_1455del; c.1104_1106del; c.1449_1451del; c.1824_1826del; c.1108_1110del; c.1371_1373del; c.1444_1446del,p.P610del; p.A370del; p.A482del; p.P485del; p.P370del; p.A485del; p.P459del,0.74,Uncertain Significance,0.186
11,72945341,72945341,P2RY2,c.137C>T,p.P46L,97.06,Benign,92.488
11,72946020,72946020,P2RY2,c.816C>T,p.R272R,97.94,Benign,56.602
11,72946140,72946140,P2RY2,c.936G>C,p.R312S,49.21,Benign,27.787
11,108032707,108032707,NPAT,c.3106C>A; c.3127C>A,p.L1036I; p.L1043I,49.41,Likely Benign,2.172
11,108043988,108043988,NPAT,c.1723G>A,p.V575I,51.88,Benign,60.114
11,108183167,108183167,C11orf65; ATM,c.5948A>G; c.641-3369T>C; c.*39-3369T>C; c.5948A>G *,p.N1983S; p.S1983S,99.82,Benign,100.000
11,108196957,108196958,C11orf65; ATM,c.6975+13dup; c.*38+8989dup; c.641-17160dup,,0.72,Likely Benign,0.009
11,118307414,118307416,KMT2A; ENSG00000285827,c.200_202del; c.-798-32063_-798-32061del; c.214-10913_214-10911del,p.A67del,1.02,Benign,0.792
11,118344494,118344495,KMT2A; ENSG00000285827,c.503-391_503-390del; c.2728_2729del; c.2629_2630del; c.1399_1400del,p.D877Pfs*8; p.D467Pfs*8; p.D910Pfs*8,0.62,Likely Pathogenic,0.000
11,118375179,118375179,KMT2A,c.8449A>G; c.8644A>G; c.8662A>G; c.8671A>G; c.8572A>G; c.8563A>G,p.K2882E; p.K2891E; p.K2817E; p.K2858E; p.K2888E; p.K2855E,1.31,Uncertain Significance,
11,119077233,119077235,CBL,c.125_127del,p.H42del,1.49,Likely Benign,0.055
11,119149356,119149358,CBL,c.1380_1382del,p.D460del,0.76,Uncertain Significance,0.004
12,25368462,25368462,KRAS,c.451-5617G>A; c.253-5617G>A; c.376-5617G>A; c.483G>A *; c.483G>A,p.R161R,99.72,Benign,99.949
13,19748038,19748038,TUBA3C,c.1318G>A,p.V440M,48.69,Benign,4.240
13,19748181,19748181,TUBA3C,c.1175A>T,p.D392V,0.56,Uncertain Significance,
13,19751229,19751229,TUBA3C,c.894A>G,p.P298P,47.66,Benign,4.907
13,19751274,19751274,TUBA3C,c.849C>T,p.H283H,6.75,Uncertain Significance,0.007
13,19751289,19751289,TUBA3C,c.834C>T,p.A278A,1.02,Uncertain Significance,0.009
13,19751292,19751292,TUBA3C,c.831A>G,p.S277S,5.21,Uncertain Significance,0.005
13,19751301,19751301,TUBA3C,c.822G>A,p.P274P,4.85,Uncertain Significance,0.038
13,19751463,19751463,TUBA3C,c.660G>A,p.E220E,0.59,Uncertain Significance,
13,19751466,19751466,TUBA3C,c.657C>T,p.I219I,0.83,Uncertain Significance,0.002
13,19751544,19751544,TUBA3C,c.579G>A,p.T193T,49.99,Benign,27.350
13,19751586,19751586,TUBA3C,c.537G>A,p.T179T,0.83,Uncertain Significance,0.002
13,19751657,19751657,TUBA3C,c.466C>A,p.R156R,48.86,Benign,4.181
13,19751694,19751694,TUBA3C,c.429T>C,p.G143G,49.22,Benign,4.095
13,19752539,19752540,TUBA3C,c.227-6_227-5del,,48.20,Benign,4.184
13,19753554,19753554,TUBA3C,c.153G>A,p.T51T,36.67,Benign,4.174
13,19753575,19753575,TUBA3C,c.132T>C,p.G44G,39.33,Benign,4.178
13,28609813,28609814,FLT3,c.1419-4dup; n.1485-4dup,,2.81,Uncertain Significance,0.541
13,28609814,28609814,FLT3,c.1419-4del; n.1485-4del,,8.26,Uncertain Significance,0.286
13,28610183,28610183,FLT3,n.1376-3T>C; c.1310-3T>C,,48.65,Uncertain Significance,70.039
13,28624294,28624294,FLT3,n.746C>T; c.680C>T,p.T227M,49.91,Benign,59.806
13,28636084,28636084,FLT3,n.354C>T; c.288C>T,p.D96D,99.65,Benign,98.285
13,32907421,32907421,BRCA2,n.2012del; c.424+2261del; c.1444del; c.1813del,p.I605Yfs*9; p.I482Yfs*9,1.61,Pathogenic,0.003
13,32911888,32911888,BRCA2,c.3027A>G; c.1909+4364A>G; n.3595A>G; c.424+6721A>G; c.3396A>G,p.K1132K; p.K1009K,47.18,Benign,29.496
13,32912299,32912299,BRCA2,c.425-6396T>C; c.3438T>C; c.1909+4775T>C; c.3807T>C; n.4006T>C,p.V1146V; p.V1269V,46.84,Benign,17.542
13,32913055,32913055,BRCA2,c.4563A>G; n.4762A>G; c.425-5640A>G; c.4194A>G; c.1909+5531A>G,p.L1398L; p.L1521L,84.13,Benign,99.275
13,32913559,32913559,BRCA2,c.4704del; c.425-5130del; c.1910-5130del; c.5073del; n.5272del,p.K1691Nfs*15; p.K1568Nfs*15,0.70,Pathogenic,
13,32915005,32915005,BRCA2,c.425-3690G>C; c.1910-3690G>C; c.6144G>C; c.6513G>C; n.6712G>C,p.V2048V; p.V2171V,98.11,Benign,99.253
13,32929387,32929387,BRCA2,c.980T>C; c.7301T>C; c.7028T>C; c.7397T>C; n.7596T>C; c.2465T>C,p.V2434A; p.V2343A; p.V2466A; p.V327A; p.V822A,99.87,Benign,99.343
13,32937488,32937488,BRCA2,c.7780G>T; c.1732G>T; c.3217G>T; n.8348G>T; c.8053G>T; c.8149G>T,p.A2685S; p.A2717S; p.A1073S; p.A2594S; p.A578S,45.79,Benign,0.111
13,32954023,32954023,BRCA2,c.2680del; c.4165del; c.9046del; c.8728del; c.9001del; c.9097del; n.9360del,p.T1389Lfs*29; p.T3033Lfs*29; p.T2910Lfs*29; p.T3016Lfs*29; p.T894Lfs*29; p.T3001Lfs*29,1.63,Pathogenic,0.001
13,32972736,32972736,BRCA2,c.10035T>C; c.9990T>C; c.5154T>C; c.10086T>C; c.3669T>C; c.9717T>C; n.10349T>C,p.F1718F; p.F3345F; p.F3239F; p.F1223F; p.F3330F; p.F3362F,1.14,Likely Benign,
14,86088056,86088056,FLRT2,c.198T>C,p.T66T,98.55,Benign,99.769
15,66727454,66727456,MAP2K1,c.170_172delinsGAT; c.104_106delinsGAT,p.K35_Q36delinsR*; p.K57_Q58delinsR*,0.79,Uncertain Significance,
15,74328116,74328116,PML,c.*1119A>G; c.*2167A>G; c.*35+1245A>G; c.*639A>G; c.2314A>G; c.1710+1245A>G; c.1566+1245A>G; c.1255-232A>G; c.2170A>G,p.S772G; p.S724G,98.72,Benign,52.387
15,74328141,74328141,PML,c.1710+1270G>T; c.*664G>T; c.*35+1270G>T; c.2195G>T; c.1566+1270G>T; c.1255-207G>T; c.*2192G>T; c.*1144G>T; c.2339G>T,p.G732V; p.G780V,55.28,Benign,36.446
15,74328206,74328206,PML,c.2260G>C; c.*1209G>C; c.1710+1335G>C; c.1566+1335G>C; c.*35+1335G>C; c.*729G>C; c.2404G>C; c.1255-142G>C; c.*2257G>C,p.A802P; p.A754P,48.13,Benign,12.085
15,82558034,82558034,SAXO2,c.178G>C; c.-20G>C; c.28+2505G>C; c.53+2761G>C; c.37G>C,p.A60P; p.A13P,40.48,Benign,61.085
15,82563991,82563991,SAXO2,c.28+8462C>T; c.56C>T; c.140C>T; c.281C>T; c.233+5902C>T; c.101C>T,p.P94L; p.P47L; p.P34L; p.P19L,48.92,Benign,43.935
15,88576185,88576185,NTRK3,c.1464C>G; c.1194C>G; c.1170C>G; c.1488C>G,p.A488A; p.A398A; p.A496A; p.A390A,51.20,Benign,34.875
15,88679785,88679785,NTRK3,c.384C>T; c.678C>T *; c.678C>T,p.N226N; p.N128N,99.54,Benign,99.673
15,91304139,91304139,BLM,c.419del; c.1544del,p.N515Mfs*16; p.N140Mfs*16,4.21,Pathogenic,0.004
16,3778303,3778305,CREBBP,c.6743_6745del; c.6629_6631del,p.Q2210del; p.Q2248del,0.77,Uncertain Significance,0.002
16,3778401,3778403,CREBBP,c.6645_6647del; c.6531_6533del,p.Q2216del; p.Q2178del,0.53,Uncertain Significance,0.003
16,3778440,3778442,CREBBP,c.6492_6494del; c.6606_6608del,p.Q2216del; p.Q2178del,0.74,Uncertain Significance,
16,3808053,3808053,CREBBP,c.3370-4del; c.3256-4del,,13.63,Benign,25.610
16,67646013,67646014,CTCF,c.950_951del; c.-32-4626_-32-4625del,p.T317Rfs*91,1.57,Likely Pathogenic,0.000
16,89805261,89805261,ZNF276; FANCA,c.4260+29T>C; c.4164T>C; n.2607A>G; c.4293T>C; n.2490A>G; c.*607A>G; n.2524A>G; c.4264+29T>C; n.2430A>G,p.H1388H; p.H1431H,96.89,Benign,70.470
16,89806347,89806347,ZNF276; FANCA,c.3934+55T>A; n.3693A>T; n.3516A>T; n.3576A>T; c.3805+55T>A; c.*1693A>T; n.3610A>T,,48.79,Benign,52.514
16,89831345,89831346,FANCA,c.2730_2731del,p.W911Dfs*31,0.53,Pathogenic,
16,89836323,89836323,FANCA,c.2426G>A,p.G809D,48.98,Benign,47.268
16,89849480,89849480,FANCA,c.1501G>A,p.G501S,99.66,Benign,50.407
16,89866043,89866043,FANCA,c.700A>G; c.796A>G,p.T234A; p.T266A,49.79,Benign,52.203
17,260299,260299,C17orf97; LOC105371430; LIAT1,n.330+2621C>T; c.166G>A,p.E56K,46.13,Benign,14.941
17,263238,263387,C17orf97; LOC105371430; LIAT1,c.657_806del; n.46-183_46-34del; c.304+2854_304+3003del,p.D220_P269del,0.66,Uncertain Significance,
17,263367,263367,C17orf97; LOC105371430; LIAT1,n.46-163T>A; c.304+2930A>T; c.733A>T,p.I245F,0.73,Likely Benign,1.220
17,263613,263615,C17orf97; LOC105371430; LIAT1,n.45+155_45+157delinsAAT; c.979_981delinsATT; c.304+3176_304+3178delinsATT,p.P327I,0.67,Uncertain Significance,
17,263636,263636,C17orf97; LOC105371430; LIAT1,c.304+3199C>T; n.45+134G>A; c.1002C>T,p.G334G,19.21,Uncertain Significance,0.002
17,263643,263643,C17orf97; LOC105371430; LIAT1,c.304+3206C>A; n.45+127G>T; c.1009C>A,p.P337T,21.42,Uncertain Significance,0.001
17,263645,263645,C17orf97; LOC105371430; LIAT1,c.304+3208C>T; n.45+125G>A; c.1011C>T,p.P337P,21.52,Likely Benign,0.001
17,263652,263652,C17orf97; LOC105371430; LIAT1,c.304+3215G>A; n.45+118C>T; c.1018G>A,p.E340K,1.45,Uncertain Significance,0.002
17,263682,263682,C17orf97; LOC105371430; LIAT1,c.304+3245G>A; n.45+88C>T; c.1048G>A,p.E350K,1.82,Uncertain Significance,0.001
17,263703,263703,C17orf97; LOC105371430; LIAT1,c.304+3266C>A; n.45+67G>T; c.1069C>A,p.P357T,0.69,Uncertain Significance,0.007
17,263705,263705,C17orf97; LOC105371430; LIAT1,c.1071C>T; c.304+3268C>T; n.45+65G>A,p.P357P,0.70,Uncertain Significance,0.008
17,263733,263733,C17orf97; LOC105371430; LIAT1,n.45+37T>G; c.304+3296A>C; c.1099A>C,p.T367P,0.84,Uncertain Significance,0.000
17,1564328,1564328,PRPF8,c.4467C>T; c.4332C>T; c.4320C>T,p.L1444L; p.L1440L; p.L1489L,48.86,Uncertain Significance,0.443
17,1578939,1578939,PRPF8,c.2847G>A; c.2712G>A,p.P949P; p.P904P,47.70,Benign,21.339
17,1580929,1580929,PRPF8,c.1914C>G; c.1779C>G,p.L638L; p.L593L,48.90,Benign,21.727
17,1584324,1584324,PRPF8,c.891T>C,p.N297N,49.78,Benign,21.785
17,1585130,1585130,PRPF8,c.637T>C,p.L213L,48.18,Benign,18.802
17,7579472,7579472,TP53,c.98C>G; c.215C>G; c.-1020C>G; c.-939C>G; n.357C>G,p.P72R; p.P33R,97.41,Uncertain Significance,66.289
17,16842912,16842912,TNFRSF13B,c.693T>C; c.831T>C,p.S277S; p.S231S,51.50,Benign,49.363
17,16855878,16855878,TNFRSF13B,c.81G>A; c.62-3581G>A,p.T27T,49.93,Benign,80.823
17,29490295,29490295,NF1,c.380G>A,p.G127E,1.40,Likely Pathogenic,
17,29508775,29508775,NF1,c.702G>A,p.L234L,49.03,Benign,62.010
17,29528142,29528142,NF1,c.1150T>C,p.F384L,1.93,Likely Pathogenic,
17,29541476,29541476,NF1,c.1430C>T; c.1445C>T; c.1400C>T,p.T482I; p.T477I; p.T467I,4.02,Pathogenic,
17,29553485,29553485,NF1,c.2079G>A; c.2034G>A; c.2064G>A,p.P678P; p.P693P; p.P688P,47.82,Benign,38.412
17,29554582,29554582,NF1,c.2397G>A; c.2367G>A; c.2412G>A,p.K799K; p.K789K; p.K804K,6.55,Uncertain Significance,
17,29554589,29554589,NF1,c.2419C>T; c.2374C>T; c.2404C>T,p.L802F; p.L792F; p.L807F,6.06,Pathogenic,
17,30267331,30267331,SUZ12,c.301C>T,p.R101*,1.13,Likely Pathogenic,
17,30303572,30303572,SUZ12,c.856C>T; c.787C>T,p.R263*; p.R286*,0.62,Likely Pathogenic,
17,30323878,30323878,SUZ12,c.1856T>C; c.1787T>C,p.L596P; p.L619P,1.41,Uncertain Significance,
17,40370235,40370236,STAT5B,c.1099dup; c.1102dup,p.Q368Pfs*9; p.Q367Pfs*9,1.11,Uncertain Significance,0.004
17,40370236,40370236,STAT5B,c.1099del; c.1102del,p.Q368Rfs*2; p.Q367Rfs*2,0.90,Uncertain Significance,0.000
17,41245587,41245587,BRCA1,c.646+1174del; c.1835del; c.1073del; c.1883del; c.1748del; c.-99+31701del; c.1961del; c.5-29619del; c.-43-19049del; c.787+1174del; c.784+1174del; c.706+1174del; c.1820del,p.K358Sfs*47; p.K583Sfs*47; p.K607Sfs*47; p.K628Sfs*47; p.K612Sfs*47; p.K654Sfs*47,1.56,Pathogenic,0.001
17,74732507,74732507,MFSD11; SRSF2,c.-1928A>G; c.-1812A>G; c.-733A>G; c.-1623A>G; n.573T>C; n.-1694A>G; c.402T>C; c.-1530A>G; c.402T>C *; c.-1645A>G; c.-738A>G; n.-209A>G; c.-1269A>G; c.366T>C,p.S122S; p.S134S,99.77,Benign,99.703
17,74733099,74733099,MFSD11; MIR636; SRSF2,n.-1102G>A; c.-141G>A; n.-469C>T; c.-1336G>A; c.-1053G>A; n.315C>T; c.-938G>A; c.-146G>A; c.-1220G>A; c.-1031G>A; n.384G>A; c.144C>T; c.-677G>A,p.D48D,96.90,Benign,88.440
18,42456653,42456653,SETBP1,c.540+7405G>A; c.664G>A,p.A222T,48.96,Benign,52.534
18,42456670,42456671,SETBP1,c.540+7422_540+7423insTCTT; c.681_682insTCTT,p.T228Sfs*8,50.07,Benign,52.471
18,42532778,42532778,SETBP1,c.3473A>G,p.H1158R,0.73,Uncertain Significance,
18,42533130,42533130,SETBP1,c.3825A>G,p.S1275S,99.48,Benign,88.475
19,855966,855966,ELANE,c.606C>A,p.S202S,48.35,Benign,12.308
19,7711221,7711221,STXBP2,c.1443T>C; n.1458T>C; c.48T>C; c.1347T>C; c.1476T>C; c.1434T>C,p.D481D; p.D492D; p.D478D; p.D449D; p.D16D,49.06,Benign,42.083
19,7712277,7712277,STXBP2,c.1480A>G; c.1609A>G; c.1576A>G; c.1538+144A>G; n.1591A>G; c.181A>G; c.1567A>G,p.I61V; p.I494V; p.I523V; p.I526V; p.I537V,50.37,Benign,64.010
19,10262139,10262139,DNMT1,c.2152del; c.2200del; c.1837del,p.M613Cfs*59; p.M718Cfs*59; p.M734Cfs*59,0.56,Uncertain Significance,
19,10265312,10265312,DNMT1,c.1419A>G; c.1734A>G; c.1782A>G,p.T578T; p.T594T; p.T473T,99.65,Benign,99.074
19,10267077,10267077,DNMT1,c.1341A>G; c.1389A>G; c.1026A>G,p.P447P; p.P463P; p.P342P,99.70,Benign,51.810
19,10273372,10273372,DNMT1,c.931A>G; c.979A>G; c.616A>G,p.I311V; p.I327V; p.I206V,48.56,Benign,13.478
19,10291473,10291473,DNMT1,c.-118G>A; c.206G>A,p.R69H,48.82,Likely Benign,1.028
19,10939792,10939792,DNM2,c.2139T>C; c.2127T>C,p.A709A; p.A713A,49.50,Benign,31.112
19,17945495,17945495,JAK3,c.2235G>A,p.P745P,49.13,Likely Benign,0.082
19,17947972,17947972,JAK3,c.1752C>T,p.L584L,48.95,Uncertain Significance,0.012
19,45284236,45284236,CBLC,c.428A>G,p.K143R,10.04,Uncertain Significance,
19,56171899,56171901,U2AF2,c.259_261del,p.K87del,1.31,Uncertain Significance,0.012
19,56180968,56180968,U2AF2,c.1191C>T; c.1203C>T,p.D397D; p.D401D,99.83,Benign,86.871
20,30946592,30946594,ASXL1,c.-508_-506del; c.25_27del; c.-947_-945del,p.K9del,0.92,Likely Benign,0.035
20,31022441,31022442,ASXL1,c.1934dup; c.1751dup; c.1919dup; c.1869+65dup,p.G646Wfs*12; p.G585Wfs*12; p.G641Wfs*12,1.19,Pathogenic,0.050
20,31022442,31022442,ASXL1,c.1919del; c.1869+65del; c.1934del; c.1751del,p.G645Vfs*58; p.G584Vfs*58; p.G640Vfs*58,0.89,Pathogenic,0.029
20,31022592,31022592,ASXL1,c.1869+208C>T; c.2062C>T; c.1894C>T; c.2077C>T,p.R632*; p.R688*; p.R693*,20.80,Pathogenic,0.001
20,31022922,31022922,ASXL1,c.2392C>T; c.1869+538C>T; c.2407C>T; c.2224C>T,p.Q742*; p.Q803*; p.Q798*,1.23,Uncertain Significance,0.000
20,31022959,31022959,ASXL1,c.1869+575T>C; c.2429T>C; c.2261T>C *; c.2261T>C; c.2444T>C *,p.L754P; p.P815P; p.P754P; p.L810P,98.97,Benign,99.999
20,31024274,31024274,ASXL1,c.3576T>C; c.3744T>C; c.1869+1890T>C; c.3759T>C,p.S1253S; p.S1192S; p.S1248S,48.56,Benign,41.808
20,43264927,43264927,ADA,c.-254G>A; n.128G>A; c.36G>A; c.99G>A; c.-115G>A; c.114G>A; c.-118G>A; c.111G>A,p.V33V; p.V12V; p.V37V; p.V38V,99.60,Benign,99.525
20,57478807,57478807,GNAS,c.393C>T; c.396C>T; c.*299C>T; c.174C>T; c.*296C>T; c.351C>T; c.2322C>T; c.2325C>T; c.*254C>T; c.66C>T; c.297C>T; c.*305C>T; c.219C>T; c.2277C>T; c.216C>T; c.348C>T,p.I775I; p.I117I; p.I72I; p.I116I; p.I73I; p.I759I; p.I132I; p.I131I; p.I58I; p.I22I; p.I99I; p.I774I,49.82,Benign,54.473
20,62292822,62292824,RTEL1-TNFRSF6B; RTEL1,c.-383_-381del; n.1114_1116del; c.287_289del,p.A96del,1.32,Uncertain Significance,0.025
20,62320968,62320968,RTEL1-TNFRSF6B; RTEL1,c.1992T>C; n.2819T>C; c.1323T>C; c.2064T>C,p.D688D; p.D664D; p.D441D,51.63,Benign,74.921
20,62321655,62321655,RTEL1-TNFRSF6B; RTEL1,c.2274G>A; c.1605G>A; c.2346G>A; n.3101G>A,p.A535A; p.A758A; p.A782A,48.79,Benign,74.190
20,62322288,62322288,RTEL1-TNFRSF6B; RTEL1,c.2544T>C; c.2616T>C; n.3371T>C; c.1875T>C,p.P625P; p.P848P; p.P872P,48.74,Benign,75.007
20,62324289,62324289,RTEL1-TNFRSF6B; RTEL1,c.2784C>T; n.3611C>T; c.2115C>T; c.2856C>T,p.F928F; p.F952F; p.F705F,49.94,Benign,21.260
20,62326110,62326110,RTEL1-TNFRSF6B; RTEL1; TNFRSF6B,n.3953A>C; c.2457A>C; c.-2011A>C; c.3126A>C; c.3198A>C,p.Q1042H; p.Q819H; p.Q1066H,48.55,Benign,75.489
21,44513293,44513293,U2AF1; LOC102724594,c.528C>T; c.423C>T; c.642C>T,p.G214G; p.G176G; p.G141G,46.62,Uncertain Significance,0.016
22,17662793,17662793,ADA2,c.1359T>C; c.636T>C; c.1233T>C; c.999T>C; c.753T>C,p.Y251Y; p.Y453Y; p.Y212Y; p.Y411Y; p.Y333Y,50.97,Benign,25.903
22,17662917,17662917,ADA2,c.1114-5C>G; c.517-5C>G; c.634-5C>G; c.1240-5C>G; c.880-5C>G,,50.58,Benign,24.953
22,17669306,17669306,ADA2,c.644A>G; c.398A>G; c.281A>G; c.1004A>G; c.878A>G,p.H335R; p.H215R; p.H94R; p.H133R; p.H293R,48.93,Benign,34.448
22,17690430,17690430,ADA2,c.-38-2250G>C; c.12G>C; c.138G>C,p.L46L; p.L4L,49.98,Benign,14.925
22,23627369,23627369,BCR,c.2387A>G,p.N796S,99.59,Benign,81.784
22,23631801,23631801,BCR,c.2700T>C,p.N900N,48.25,Benign,29.064
22,23631813,23631814,BCR,c.2707+12dup,,43.75,Benign,28.676
22,23653880,23653880,BCR,c.3183-4G>A; c.3051-4G>A,,89.74,Benign,38.099
22,23653975,23653976,BCR,c.3143_3146dup; c.3275_3278dup,p.V1050Rfs*17; p.V1094Rfs*17,10.95,Uncertain Significance,0.280
22,23653987,23653987,BCR,c.3286A>G; c.3154A>G,p.T1096A; p.T1052A,2.57,Uncertain Significance,0.255
22,23653989,23653989,BCR,c.3288G>A; c.3156G>A,p.T1096T; p.T1052T,2.61,Likely Benign,0.244
22,23654017,23654017,BCR,c.3316G>A; c.3184G>A,p.D1062N; p.D1106N,9.59,Likely Pathogenic,0.024
22,23655084,23655084,BCR,c.3333C>T; c.3201C>T,p.D1067D; p.D1111D,50.16,Benign,18.052
22,29083909,29083909,CHEK2,c.1608A>G; c.1737A>G; c.948A>G; c.1335A>G; c.945A>G; c.1521A>G; c.1407A>G,p.P316P; p.P579P; p.P469P; p.P536P; p.P315P; p.P445P; p.P507P,0.95,Uncertain Significance,0.000
22,29090054,29090054,CHEK2,c.1154C>T; c.764C>T; c.1427C>T; c.1226C>T; c.1340C>T; c.1556C>T; c.767C>T,p.T256M; p.T476M; p.T255M; p.T385M; p.T409M; p.T519M; p.T447M,3.64,Uncertain Significance,0.031
22,29091142,29091142,CHEK2,c.1261G>A; c.685G>A; c.1075G>A; c.1348G>A; c.688G>A; c.1477G>A; c.1147G>A,p.E421K; p.E229K; p.E359K; p.E383K; p.E493K; p.E450K; p.E230K,1.99,Likely Pathogenic,
22,30733111,30733111,SF3A1,c.2010G>T,p.V670V,47.91,Benign,19.521
22,30737771,30737771,SF3A1,c.981C>A,p.V327V,49.58,Benign,3.790
22,30742328,30742330,SF3A1,c.364_366del,p.Q122del,1.03,Uncertain Significance,0.006
22,41566525,41566525,EP300,c.4408del; c.4330del,p.M1444Cfs*26; p.M1470Cfs*26,0.63,Pathogenic,
X,15343205,15343205,PIGA,n.660G>T; c.216G>T; n.376G>T; c.918G>T,p.L72L; p.L306L,0.91,Uncertain Significance,
X,15838366,15838366,ZRSR2,c.864C>T; c.786C>T,p.N288N; p.N262N,99.79,Benign,52.758
X,15841311,15841311,ZRSR2,c.1317C>G; c.1395C>G,p.G465G; p.G439G,1.31,Likely Benign,
X,15841319,15841319,ZRSR2,c.1325G>A; c.1403G>A,p.R468K; p.R442K,2.75,Uncertain Significance,
X,34148806,34148844,FAM47A,c.1552_1590del,p.R518_L530del,28.27,Benign,6.145
X,34148841,34148842,FAM47A,c.1554_1555delinsTC,p.S519P,1.66,Uncertain Significance,
X,34148844,34148844,FAM47A,c.1552C>G,p.R518G,1.69,Uncertain Significance,
X,34149267,34149267,FAM47A,c.1129G>T,p.A377S,47.90,Benign,20.016
X,39911657,39911657,BCOR,c.4977-4G>T; c.4821-4G>T; c.*45-4G>T; c.4875-4G>T,,50.26,Benign,15.014
X,39933339,39933339,BCOR,c.1260T>C,p.D420D,95.65,Benign,89.920
X,47057647,47057647,UBA1,c.1-555A>G,,99.69,Benign,99.806
X,76907782,76907784,ATRX,c.4377_4379del; c.4263_4265del,p.E1464del; p.E1426del,0.65,Likely Benign,0.150
X,123197716,123197716,STAG2,c.1840C>T,p.R614*,3.88,Pathogenic,
X,129147079,129147079,BCORL1,c.331T>C *; c.331T>C,p.F111L; p.L111L,95.89,Benign,99.998
X,130678467,130678467,IGSF1; OR13H1,c.420A>G; c.-913+34175T>C,p.V140V,99.91,Benign,64.296
X,130678596,130678596,IGSF1; OR13H1,c.549C>G; c.-913+34046G>C,p.L183L,47.41,Benign,27.233
X,130678844,130678844,IGSF1; OR13H1,c.797A>C; c.-913+33798T>G,p.Y266S,98.02,Benign,64.337
X,153994596,153994596,DKC1,n.471G>T; n.948G>T; c.-241G>T; c.369G>T; c.282G>T,p.T123T; p.T94T,99.75,Benign,99.752
X,153999117,153999117,DKC1,c.960T>G; n.1697T>G; n.1471T>G; n.1578T>G; c.879T>G; c.999T>G; c.390T>G; c.912T>G,p.I333M; p.I320M; p.I304M; p.I293M; p.I130M,0.83,Uncertain Significance,
X,154005089,154005091,DKC1,n.2091_2093del; c.903_905del; n.1984_1986del; c.1425_1427del; c.*738_*740del; n.2210_2212del; c.1512_1514del; c.1392_1394del; c.1473_1475del; c.1511_1513del; c.1497_1499del; c.*471_*473del,p.R504del; p.K476del; p.K500del; p.K505del; p.K492del; p.K465del; p.K302del,0.78,Likely Benign,0.380

