Chromosome,Position,End Position,Gene Symbol,Transcript Variant,Protein Variant,1777D - Allele Fraction,Classification,gnomAD Frequency
1,12918885,12918885,PRAMEF2,c.21G>C,p.P7P,4.30,Likely Benign,0.393
1,12918891,12918891,PRAMEF2,c.27A>C,p.L9L,52.74,Benign,6.355
1,12918963,12918963,PRAMEF2,c.99G>T,p.R33S,43.72,Benign,10.577
1,12919064,12919064,PRAMEF2,c.200T>G,p.V67G,99.37,Benign,16.656
1,12919079,12919079,PRAMEF2,c.215C>G,p.T72R,51.91,Benign,10.738
1,12919587,12919587,PRAMEF2,c.327T>C,p.D109D,35.02,Benign,24.064
1,12919623,12919624,PRAMEF2,c.363_364delinsTG,p.L122V,39.34,Likely Benign,
1,12919872,12919872,PRAMEF2,c.612T>G,p.I204M,39.56,Benign,5.813
1,12919891,12919891,PRAMEF2,c.631G>T,p.E211*,40.88,Benign,5.758
1,12919928,12919928,PRAMEF2,c.668A>G,p.K223R,50.09,Benign,10.909
1,12919934,12919934,PRAMEF2,c.674A>G,p.Y225C,99.95,Benign,15.327
1,12919963,12919963,PRAMEF2,c.703T>G,p.C235G,49.50,Benign,11.623
1,12919994,12919994,PRAMEF2,c.734A>C,p.Y245S,0.56,Uncertain Significance,0.013
1,12920067,12920067,PRAMEF2,c.807C>G,p.L269L,81.22,Benign,10.879
1,12921110,12921110,PRAMEF2,c.901A>G,p.T301A,49.85,Benign,10.748
1,12921114,12921114,PRAMEF2,c.905G>A,p.C302Y,4.51,Uncertain Significance,0.041
1,12921119,12921119,PRAMEF2,c.910A>T,p.N304Y,5.01,Uncertain Significance,0.194
1,12921127,12921127,PRAMEF2,c.918A>G,p.L306L,99.95,Benign,26.699
1,12921132,12921132,PRAMEF2,c.923A>G,p.E308G,44.44,Benign,10.747
1,12921136,12921137,PRAMEF2,c.927_928delinsTG,p.L310V,11.09,Likely Pathogenic,
1,12921332,12921333,PRAMEF2,c.1123_1124delinsCA,p.C375H,82.98,Uncertain Significance,
1,12921499,12921499,PRAMEF2,c.1290C>G,p.F430L,0.65,Likely Benign,1.019
1,12921635,12921635,PRAMEF2,c.*1G>A,,14.59,Benign,7.865
1,35250819,35250819,GJB3,c.456C>T,p.L152L,1.77,Uncertain Significance,
1,36937059,36937059,CSF3R,c.864T>C; c.1260T>C,p.T420T; p.T288T,99.95,Benign,55.798
1,36937065,36937065,CSF3R,c.1254T>C; c.858T>C,p.R286R; p.R418R,91.17,Benign,30.931
1,43805046,43805046,MPL,c.475A>G; c.496A>G,p.R159G; p.R166G,0.92,Uncertain Significance,
1,43818306,43818306,MPL,c.1771T>G; c.1750T>G,p.Y584D; p.Y591D,1.02,Pathogenic,0.003
1,47685455,47685455,TAL1,c.933A>G; c.456A>G *; c.933A>G *,p.K311K; p.K152K,99.37,Benign,100.000
1,65303662,65303662,JAK1,c.3087T>C; c.2964T>C; c.2961T>C; c.3090T>C; c.3093T>C; c.2988T>C,p.D988D; p.D987D; p.D996D; p.D1029D; p.D1031D; p.D1030D,46.28,Likely Benign,0.533
1,65306997,65306997,JAK1,c.2451del; c.2475del; c.2448del; c.2580del; c.2577del; c.2574del,p.K816Nfs*16; p.K817Nfs*16; p.K858Nfs*16; p.K859Nfs*16; p.K860Nfs*16; p.K825Nfs*16,0.76,Pathogenic,
1,65311262,65311262,JAK1,c.2046C>T; c.2049C>T; c.1917C>T; c.1920C>T; c.2043C>T,p.S639S; p.S683S; p.S640S; p.S681S; p.S682S,52.89,Benign,15.025
1,65330630,65330630,JAK1,c.887del; c.1016del; c.1010del; c.884del,p.N296Ifs*3; p.N339Ifs*3; p.N337Ifs*3; p.N295Ifs*3,0.63,Likely Pathogenic,0.000
1,65339111,65339111,JAK1,c.425del,p.K142Rfs*24; p.K142Rfs*26,1.70,Likely Pathogenic,
2,47739551,47739551,KCNK12; MSH2,n.2748A>G; n.3260A>G; c.*133A>G; c.1847A>G; n.2622A>G; c.2324A>G; n.3103A>G; n.2974A>G; n.2913A>G; c.1388A>G; n.2630A>G; c.2744A>G; n.2575A>G; c.2594A>G; c.2711A>G; n.2780A>G; c.*8495T>C,p.Q904R; p.Q915R; p.Q865R; p.Q616R; p.Q463R; p.Q775R,98.38,Benign,42.795
2,48023115,48023115,MSH6,c.-455T>C; c.238-2635T>C; c.243T>C; c.636T>C; c.-279-2635T>C; n.629T>C; c.540T>C; c.462T>C; c.372T>C; c.-363T>C; c.546T>C; c.15T>C,p.D180D; p.D212D; p.D81D; p.D182D; p.D154D; p.D5D; p.D124D,49.81,Benign,21.489
2,48025764,48025764,MSH6,n.731C>T; c.564C>T; c.648C>T; c.117C>T; c.252C>T; c.642C>T; c.474C>T; c.738C>T; c.345C>T; c.-265C>T; n.717-1213C>T; c.628-2041C>T,p.Y115Y; p.Y214Y; p.Y216Y; p.Y188Y; p.Y158Y; p.Y39Y; p.Y84Y; p.Y246Y,51.18,Benign,7.221
2,48030639,48030640,MSH6,c.2355dup; c.2871dup; c.42dup; n.3451dup; n.3522dup; c.2397dup; c.108dup; n.3350dup; c.1206dup; c.3267dup; c.3173-86dup; n.2191dup; c.3357dup; c.2736dup; c.3183dup; c.3173-2110dup; c.3093dup; c.1695dup; c.2964dup; c.3261dup,p.F403Lfs*5; p.F15Lfs*5; p.F1032Lfs*5; p.F1062Lfs*5; p.F1088Lfs*5; p.F800Lfs*5; p.F913Lfs*5; p.F958Lfs*5; p.F1090Lfs*5; p.F989Lfs*5; p.F1120Lfs*5; p.F786Lfs*5; p.F37Lfs*5; p.F566Lfs*5,1.20,Pathogenic,0.006
2,61720156,61720156,XPO1,c.1278A>C; c.885A>C; c.1233A>C; c.777A>C; c.921A>C; c.1062A>C; c.1002A>C,p.K307N; p.K426N; p.K259N; p.K411N; p.K334N; p.K354N; p.K295N,3.05,Uncertain Significance,
2,136873084,136873084,CXCR4,c.369C>T; c.513C>T; c.402C>T; c.426C>T; c.414C>T; c.627C>T,p.I142I; p.I123I; p.I134I; p.I138I; p.I209I; p.I171I,47.30,Benign,4.454
2,198257795,198257795,SF3B1,c.3657A>G,p.V1219V,99.97,Benign,66.086
2,198265526,198265526,SF3B1,c.2631T>C,p.G877G,99.91,Benign,66.033
2,198283305,198283305,SF3B1,c.423A>G,p.K141K,99.78,Benign,66.128
2,204736106,204736106,CTLA4,c.457+450G>A; c.463G>A; c.110-1325G>A; c.535G>A,p.E155K; p.E179K,8.43,Uncertain Significance,
3,10088266,10088266,FANCD2,c.1137G>T,p.V379V,26.83,Benign,18.180
3,10088299,10088299,FANCD2,c.1170C>T,p.S390S,30.26,Benign,25.706
3,10088308,10088308,FANCD2,c.1179T>C,p.T393T,30.92,Benign,26.856
3,10088343,10088343,FANCD2,c.1214A>G,p.N405S,29.00,Benign,25.717
3,10088404,10088404,FANCD2,c.1275C>T,p.Y425Y,29.52,Benign,4.544
3,10088408,10088412,FANCD2,c.1278+1_1278+5delinsT,,29.52,Likely Pathogenic,
3,10089723,10089723,FANCD2,c.1401G>A,p.T467T,4.15,Benign,41.841
3,10089738,10089738,FANCD2,c.1413+3A>G,,4.63,Benign,39.278
3,10107147,10107147,FANCD2,c.2238C>T; c.2127C>T,p.N746N; p.N709N,1.69,Uncertain Significance,0.003
3,10107168,10107168,FANCD2,c.2148T>C; c.2259T>C,p.D753D; p.D716D,2.64,Uncertain Significance,0.003
3,10142949,10142949,FANCD2OS; FANCD2,c.*43+2933G>A; c.*3C>T,,99.90,Benign,32.842
3,37053568,37053568,MLH1,c.-172A>G; c.655A>G; c.-275A>G; c.-162A>G; c.361A>G; c.-69A>G; c.556A>G,p.I219V; p.I121V; p.I186V,49.04,Uncertain Significance,23.247
3,105422844,105422844,CBLB,c.252G>A; c.801G>A; n.1986G>A; n.1623G>A; c.1647G>A; c.1665G>A; n.1920G>A; n.1660G>A; n.2004G>A; n.1872G>A; c.1581G>A; n.1696G>A; c.1434G>A; c.393G>A,p.T527T; p.T549T; p.T478T; p.T555T; p.T267T; p.T84T; p.T131T,99.84,Benign,72.630
3,128200721,128200721,GATA2,c.1042C>T; c.1366C>T; c.1084C>T,p.R348*; p.R362*; p.R456*,49.97,Pathogenic,
3,128202754,128202754,GATA2,c.966C>T; c.1248C>T,p.Y416Y; p.Y322Y,0.85,Uncertain Significance,0.001
3,128204877,128204877,GATA2,c.564G>C; c.846G>C,p.T188T; p.T282T,49.34,Benign,4.144
3,128205860,128205860,GATA2,c.297C>G; c.15C>G,p.P99P; p.P5P,50.08,Benign,66.313
3,187446211,187446211,LOC100131635; BCL6,n.294-3948C>T; c.1477G>A,p.A493T,46.08,Benign,14.993
3,187447032,187447032,LOC100131635; BCL6,n.294-3127G>A; c.1161C>T,p.N387N,48.37,Benign,64.365
4,1807894,1807894,FGFR3,c.1956G>A; n.2379G>A; c.1959G>A; c.1953G>A; c.1617G>A,p.T651T; p.T652T; p.T539T; p.T653T,99.94,Benign,98.654
4,55141055,55141055,PDGFRA; ENSG00000282278,c.1740A>G; c.1776A>G; c.1701A>G; c.1018-37A>G,p.P580P; p.P592P; p.P567P,99.93,Benign,98.760
4,55161391,55161391,PDGFRA; ENSG00000282278,c.2502T>C; c.3261T>C; c.3222T>C; c.3297T>C,p.D834D; p.D1099D; p.D1087D; p.D1074D,99.90,Benign,99.911
4,55593481,55593481,KIT,c.1641A>G; c.1626A>G; c.1629A>G; c.1128A>G; c.1638A>G,p.K547K; p.K546K; p.K543K; p.K542K; p.K376K,44.74,Benign,2.724
4,55972974,55972974,KDR,c.1416A>T,p.Q472H,99.82,Uncertain Significance,22.255
4,55979558,55979558,KDR,c.889G>A,p.V297I,50.77,Benign,10.959
4,57349318,57349318,SRP72,c.656T>C; n.858T>C; c.839T>C,p.F219S; p.F280S,1.59,Uncertain Significance,
4,57352505,57352505,SRP72,n.1120G>A; c.918G>A; c.1101G>A,p.Q306Q; p.Q367Q,9.19,Uncertain Significance,0.000
4,57352521,57352522,SRP72,n.1136_1137delinsAT; c.934_935delinsAT; c.1117_1118delinsAT,p.A312I; p.A373I,1.00,Uncertain Significance,
4,106196951,106196951,TET2; TET2-AS1,c.5284A>G; n.318+58592T>C; c.5347A>G,p.I1762V; p.I1783V,98.72,Benign,29.475
4,153268228,153268229,FBXW7,c.231-6_231-5del; c.585-6_585-5del; c.345-6_345-5del,,5.70,Likely Benign,2.512
5,1294086,1294086,TERT,c.915G>A; n.994G>A,p.A305A,51.31,Benign,27.537
5,1294665,1294665,TERT,c.336del; n.415del,p.E113Rfs*15,1.27,Uncertain Significance,0.003
5,35861068,35861068,IL7R,c.197T>C; n.284T>C,p.I66T,91.09,Benign,62.570
5,35871190,35871190,IL7R,c.412G>A; n.499G>A,p.V138I,100,Benign,64.899
5,35871197,35871197,IL7R,n.506G>A; c.419G>A,p.R140Q,46.75,Uncertain Significance,0.034
5,35871273,35871273,IL7R,c.495C>T; n.582C>T,p.H165H,5.07,Benign,12.679
5,35876274,35876274,IL7R,c.*183A>G; c.1066A>G; n.890A>G,p.I356V,50.25,Benign,24.367
5,140433038,140433038,PCDHB1-AS1; PCDHB1,c.1983C>T; n.357-2283G>A,p.I661I,47.82,Likely Benign,1.064
5,149447806,149447808,CSF1R,n.1723_1725del; c.1596_1598del; n.1652_1654del; c.1152_1154del,p.L537del; p.L389del,0.94,Uncertain Significance,0.005
5,149457678,149457678,CSF1R,n.853C>T; c.282C>T; c.726C>T; n.782C>T,p.T242T; p.T94T,99.87,Benign,50.924
5,149459831,149459831,CSF1R,n.432C>T; c.-69C>T; c.376C>T; n.503C>T,p.P126S,1.87,Uncertain Significance,
5,149460553,149460553,CSF1R,c.-361T>C; c.84T>C; n.211T>C; n.140T>C,p.P28P,99.63,Benign,48.014
5,149495395,149495395,PDGFRB,c.3252A>G; c.2769A>G; c.3060A>G,p.P1084P; p.P923P; p.P1020P,99.80,Benign,34.047
5,149497177,149497177,PDGFRB,c.2945+4A>G; c.3137+4A>G; c.2654+4A>G,,99.66,Benign,34.877
5,149499672,149499672,PDGFRB,c.2601A>G; c.2118A>G; c.2409A>G,p.L706L; p.L803L; p.L867L,99.94,Benign,28.272
5,149504348,149504348,PDGFRB,c.1854G>A; c.1371G>A; c.1662G>A,p.T618T; p.T457T; p.T554T,47.29,Benign,3.048
5,149509446,149509446,PDGFRB,c.970G>A; c.1453G>A; c.1261G>A,p.E485K; p.E324K; p.E421K,49.73,Likely Benign,1.930
5,176636882,176636882,NSD1,c.1062C>T; c.1173C>T; c.729C>T; c.1482C>T; c.609C>T,p.C203C; p.C354C; p.C243C; p.C494C; p.C391C,42.99,Benign,30.155
5,176639105,176639105,NSD1,c.2952T>C; c.3705T>C; c.2832T>C; c.3285T>C; c.3396T>C,p.N1095N; p.N984N; p.N1132N; p.N944N; p.N1235N,49.01,Benign,6.771
5,176721119,176721119,NSD1,c.5628G>A; c.1392G>A; c.5997G>A; c.6441G>A; c.6330G>A; c.5988G>A; c.6750G>A; c.5877G>A,p.M2250I; p.M1876I; p.M1996I; p.M2110I; p.M1999I; p.M2147I; p.M464I; p.M1959I,49.06,Benign,4.697
5,176721151,176721151,NSD1,c.6362T>C; c.6020T>C; c.6473T>C; c.6029T>C; c.6782T>C; c.5909T>C; c.1424T>C; c.5660T>C,p.M1887T; p.M1970T; p.M2261T; p.M2010T; p.M2121T; p.M2158T; p.M2007T; p.M475T,49.44,Benign,4.693
5,176721198,176721198,NSD1,c.5956T>C; c.1471T>C; c.6067T>C; c.6829T>C; c.6076T>C; c.5707T>C; c.6520T>C; c.6409T>C,p.L1986L; p.L2174L; p.L1903L; p.L491L; p.L2137L; p.L2277L; p.L2026L; p.L2023L,99.65,Benign,82.274
5,176722005,176722005,NSD1,c.6514G>A; c.2278G>A; c.6763G>A; c.7636G>A; c.6874G>A; c.6883G>A; c.7327G>A; c.7216G>A,p.A760T; p.A2546T; p.A2406T; p.A2295T; p.A2172T; p.A2255T; p.A2443T; p.A2292T,49.28,Benign,2.349
5,176940384,176940384,DDX41,c.822C>T; c.1200C>T,p.R274R; p.R400R,99.62,Benign,41.586
6,18139214,18139214,TPMT,c.474C>T; c.474C>T *,p.I158I,99.66,Benign,76.396
6,33287898,33287900,DAXX,c.1389_1391del; c.1128_1130del; c.1353_1355del,p.E457del; p.E382del; p.E469del,0.79,Uncertain Significance,0.031
7,2946461,2946461,CARD11,c.3276A>G,p.R1092R,99.79,Benign,51.281
7,2957005,2957005,CARD11,c.2622A>G,p.P874P,100,Benign,30.863
7,2963941,2963943,CARD11,c.1864_1866del,p.S622del,1.27,Uncertain Significance,0.001
7,6026775,6026775,PMS2,c.1513A>G; c.1645A>G; c.850A>G; c.1423A>G; c.1465A>G; c.1048A>G; c.1453A>G; c.1147A>G; c.804-4153A>G; c.1303A>G; c.1618A>G; c.1255A>G; c.1108A>G; c.1312A>G; n.1708A>G; c.1807A>G; c.1285A>G; c.1621A>G; c.803+10182A>G; c.1216A>G; c.1297A>G; c.1060A>G; c.688A>G; c.1156A>G,p.K429E; p.K603E; p.K433E; p.K489E; p.K541E; p.K230E; p.K383E; p.K505E; p.K549E; p.K386E; p.K354E; p.K475E; p.K540E; p.K350E; p.K370E; p.K419E; p.K435E; p.K284E; p.K406E; p.K438E; p.K485E,98.22,Benign,84.429
7,6026988,6026988,PMS2,c.835C>T; c.1594C>T; c.1084C>T; c.1042C>T; c.1003C>T; c.1405C>T; c.1240C>T; n.1495C>T; c.1300C>T; c.934C>T; c.1090C>T; c.475C>T; c.1252C>T; c.803+9969C>T; c.1099C>T; c.895C>T; c.847C>T; c.1072C>T; c.1210C>T; c.943C>T; c.804-4366C>T; c.637C>T; c.1432C>T; c.1408C>T,p.P470S; p.P159S; p.P434S; p.P478S; p.P418S; p.P414S; p.P299S; p.P279S; p.P312S; p.P364S; p.P283S; p.P469S; p.P348S; p.P335S; p.P367S; p.P404S; p.P315S; p.P213S; p.P532S; p.P362S; p.P358S,95.70,Benign,38.600
7,6036980,6036980,PMS2,c.780C>G; c.966C>G; c.-154C>G; c.471C>G; c.444C>G; c.672C>G; c.267C>G; c.804C>G; c.705+1759C>G; c.132+5104C>G; c.375C>G; c.207C>G; c.612C>G; c.777C>G; n.867C>G; c.537+5104C>G; c.462C>G,p.S157S; p.S125S; p.S89S; p.S148S; p.S69S; p.S322S; p.S204S; p.S224S; p.S268S; p.S260S; p.S259S; p.S154S,99.96,Benign,80.387
7,6043613,6043613,PMS2,c.-113C>T; c.-245C>T; c.25C>T; c.-63C>T; c.-142C>T; n.327C>T; c.-645C>T; c.-341C>T; c.426C>T; c.-192C>T; c.-52-1346C>T; c.-156C>T; c.240C>T; c.-166C>T,p.F80F; p.F142F; p.R9*,7.13,Likely Benign,0.007
7,6043666,6043666,PMS2,c.-219G>A; c.-116G>A; c.-29G>A; c.373G>A; c.-52-1399G>A; c.-245G>A; c.-195G>A; n.274G>A; c.-166G>A; c.-298G>A; c.-209G>A; c.-394G>A; c.187G>A; c.-698G>A,p.V63M; p.V125M,2.96,Uncertain Significance,0.000
7,6043676,6043676,PMS2,c.-229G>A; c.-126G>A; c.363G>A; c.-219G>A; c.-255G>A; c.-39G>A; c.-404G>A; c.-708G>A; n.264G>A; c.-205G>A; c.-52-1409G>A; c.177G>A; c.-308G>A; c.-176G>A,p.K59K; p.K121K,2.84,Uncertain Significance,
7,55214348,55214348,EGFR,c.424+3167C>T; c.315C>T; c.89-9175C>T; c.474C>T,p.N158N; p.N105N,99.95,Benign,51.021
7,55229255,55229255,EGFR,c.1562G>A; c.1427G>A; c.761G>A; c.1403G>A,p.R476K; p.R254K; p.R468K; p.R521K,48.24,Uncertain Significance,28.542
7,55238874,55238874,EGFR,c.1752T>A; c.1086T>A; c.1887T>A; c.1728T>A,p.T584T; p.T362T; p.T629T; p.T576T,50.07,Benign,37.141
7,55249063,55249063,EGFR-AS1; EGFR,n.1201C>T; c.2226G>A; c.1560G>A; c.2202G>A; c.2361G>A,p.Q734Q; p.Q787Q; p.Q520Q; p.Q742Q,49.31,Benign,52.144
7,55266417,55266417,EGFR,c.2574T>C; c.2709T>C; c.1908T>C; c.2550T>C,p.T636T; p.T903T; p.T858T; p.T850T,84.26,Benign,89.426
7,92731586,92731586,SAMD9,c.3825T>C,p.F1275F,48.54,Benign,1.536
7,92734451,92734451,SAMD9,c.960T>C,p.Y320Y,50.11,Benign,37.879
7,92760738,92760738,SAMD9L,c.4547del,p.N1516Mfs*10,1.67,Uncertain Significance,0.000
7,92762681,92762681,SAMD9L,c.2604T>C,p.A868A,49.45,Benign,17.871
7,92764419,92764419,SAMD9L,c.866T>C,p.F289S,44.83,Benign,1.762
7,92764982,92764982,SAMD9L,c.303G>A,p.Q101Q,98.44,Benign,22.980
7,101892074,101892076,CUX1,c.3837_3839del; c.4278_4280del; c.1256-24555_1256-24553del; c.1118-24555_1118-24553del; c.4143_4145del; c.4311_4313del; c.1208-24555_1208-24553del; c.1139-24555_1139-24553del; c.1250-24555_1250-24553del,p.A1438del; p.A1427del; p.A1382del; p.A1280del,0.67,Uncertain Significance,0.000
7,101892121,101892121,CUX1,c.3876G>A; c.1250-24516G>A; c.1256-24516G>A; c.1118-24516G>A; c.4182G>A; c.1139-24516G>A; c.1208-24516G>A; c.4350G>A; c.4317G>A,p.P1450P; p.P1394P; p.P1292P; p.P1439P,53.55,Benign,48.426
7,101892133,101892135,CUX1,c.1250-24491_1250-24489del; c.1208-24491_1208-24489del; c.1139-24491_1139-24489del; c.4375_4377del; c.1256-24491_1256-24489del; c.3901_3903del; c.4207_4209del; c.1118-24491_1118-24489del; c.4342_4344del,p.S1301del; p.S1403del; p.S1448del; p.S1459del,0.55,Likely Benign,0.370
7,101916647,101916647,CUX1,c.1149G>A *; c.1128G>A *; c.1260A>G; c.1260G>A *; c.1149A>G; c.1218A>G; c.1266G>A *; c.1218G>A *; c.1266A>G; c.1128A>G,p.A383A; p.A422A; p.A376A; p.A420A; p.A406A,48.62,Benign,72.926
7,103205893,103205893,RELN,c.5042G>A,p.S1681N,0.82,Uncertain Significance,0.002
7,103206001,103206002,RELN,c.4937-4dup,,4.33,Benign,33.933
7,103206002,103206002,RELN,c.4937-4del,,6.19,Benign,2.943
7,103230238,103230238,RELN,c.3950C>T,p.A1317V,1.23,Uncertain Significance,
7,103251161,103251161,RELN,c.2989C>G,p.L997V,47.99,Benign,11.397
7,103292201,103292201,RELN,c.1799C>T,p.S600F,51.11,Likely Benign,1.083
7,103301976,103301977,RELN,c.1290-3dup,,1.79,Benign,0.535
7,103301977,103301977,RELN,c.1290-3del,,3.40,Likely Benign,0.024
7,103389954,103389954,RELN,c.578-3T>C,,49.29,Benign,49.219
7,103629803,103629804,RELN,c.-6_-1dup,,99.15,Benign,26.337
7,116397572,116397572,MET,c.1944A>G; c.654A>G,p.Q648Q; p.Q218Q,49.50,Benign,18.140
7,116435768,116435768,MET,c.3858C>T; c.2568C>T; c.3912C>T,p.D856D; p.D1286D; p.D1304D,48.63,Benign,42.252
7,116436022,116436022,MET,c.4071G>A; c.4017G>A; c.2727G>A,p.A1339A; p.A1357A; p.A909A,47.75,Benign,42.426
7,116436097,116436097,MET,c.4146G>A; c.4092G>A; c.2802G>A,p.P1382P; p.P934P; p.P1364P,44.55,Benign,42.451
7,127669857,127669857,LRRC4; SND1,c.837T>A; c.1779+38748A>T,p.S279S,51.24,Benign,30.888
7,139094365,139094366,FMC1-LUC7L2; LUC7L2,c.754_755del; c.748_749del; c.757_758del; c.955_956del,p.E253Rfs*34; p.E250Rfs*34; p.E319Rfs*34; p.E252Rfs*34,3.70,Likely Pathogenic,1.969
7,140434575,140434576,BRAF,c.2017-6_2017-5del; c.2137-6_2137-5del; c.2128-6_2128-5del; c.1864-6_1864-5del; c.2127+5036_2127+5037del; c.1972-6_1972-5del; c.2062-6_2062-5del; c.2026-6_2026-5del; c.2248-6_2248-5del,,2.11,Uncertain Significance,
7,140449164,140449164,BRAF,c.1849G>A; c.1651G>A; c.2035G>A; c.1759G>A; c.1915G>A; c.1804G>A; c.1813G>A; c.1924G>A,p.V587I; p.V642I; p.V679I; p.V602I; p.V605I; p.V639I; p.V617I; p.V551I,2.41,Likely Pathogenic,
7,148543693,148543694,EZH2,c.118-4dup,,2.12,Uncertain Significance,0.078
7,148543694,148543695,EZH2,c.118-5_118-4del,,4.67,Likely Benign,0.254
7,148543694,148543694,EZH2,c.118-4del,,46.63,Benign,70.685
7,151836879,151836879,KMT2C,c.14515-3del; c.13897-3del; c.14344-3del,,1.29,Uncertain Significance,0.003
7,151860174,151860174,KMT2C,c.10488C>T; c.10263C>T,p.P3496P; p.P3421P,45.85,Uncertain Significance,0.008
7,151873853,151873853,KMT2C,c.8460G>A; c.8685G>A,p.Q2895Q; p.Q2820Q,49.21,Benign,25.284
7,151874148,151874148,KMT2C,c.8165del; c.8390del,p.K2722Rfs*26; p.K2797Rfs*26,4.31,Pathogenic,0.195
7,151874498,151874498,KMT2C,c.7815G>A; c.8040G>A,p.Q2605Q; p.Q2680Q,47.62,Benign,7.306
7,151875100,151875101,KMT2C,c.7218-6_7218-5insTTTTTTTA; c.7443-6_7443-5insTTTTTTTA,,5.60,Uncertain Significance,
7,151875100,151875101,KMT2C,c.7218-6_7218-5insTTTTTA; c.7443-6_7443-5insTTTTTA,,7.97,Uncertain Significance,
7,151879594,151879596,KMT2C,c.5349_5351del; c.5124_5126del,p.Q1712del; p.Q1787del,0.57,Uncertain Significance,0.000
7,151902216,151902216,KMT2C,c.3936C>T; c.3816C>T,p.S1272S; p.S1312S,1.29,Uncertain Significance,0.002
7,151921099,151921099,KMT2C,c.3203+1G>A; c.3323+1G>A,,0.83,Likely Pathogenic,
7,151921255,151921255,KMT2C,c.3168G>A; c.3048G>A,p.W1056*; p.W1016*,10.68,Likely Pathogenic,
7,151921517,151921517,KMT2C,c.3038+3A>T; c.3158+3A>T,,0.51,Uncertain Significance,
7,151921586,151921586,KMT2C,c.3092G>T; c.2972G>T,p.S991I; p.S1031I,3.37,Uncertain Significance,
7,151927021,151927021,KMT2C,c.2963G>T; c.2843G>T,p.C988F; p.C948F,32.34,Benign,22.612
7,151927023,151927023,KMT2C,c.2961C>G; c.2841C>G,p.Y947*; p.Y987*,23.51,Likely Pathogenic,
7,151927025,151927025,KMT2C,c.2959T>C; c.2839T>C,p.Y987H; p.Y947H,25.27,Benign,38.544
7,151927026,151927026,KMT2C,c.2838A>G; c.2958A>G,p.P986P; p.P946P,8.43,Benign,23.424
7,151927067,151927067,KMT2C,c.2797A>G; c.2917A>G,p.R973G; p.R933G,24.41,Likely Pathogenic,
7,151932908,151932908,KMT2C,c.2643A>G; c.2763A>G,p.L921L; p.L881L,5.18,Benign,42.499
7,151932916,151932916,KMT2C,c.2635G>C; c.2755G>C,p.V919L; p.V879L,0.67,Benign,8.783
7,151932965,151932965,KMT2C,c.2706G>A; c.2586G>A,p.S902S; p.S862S,0.76,Benign,17.096
7,151933014,151933014,KMT2C,c.2657G>A; c.2537G>A,p.R886H; p.R846H,0.86,Uncertain Significance,0.010
7,151935798,151935799,KMT2C,c.2645_2646delinsCA; c.2533-2781_2533-2780delinsCA,p.I882T,36.08,Uncertain Significance,
7,151935866,151935866,KMT2C,c.2533-2848C>T; c.2578C>T,p.P860S,30.12,Likely Pathogenic,
7,151935871,151935871,KMT2C,c.2533-2853G>T; c.2573G>T,p.W858L,30.24,Likely Pathogenic,
7,151935888,151935888,KMT2C,c.2556A>T; c.2533-2870A>T,p.T852T,0.71,Uncertain Significance,
7,151935910,151935910,KMT2C,c.2533-2892G>A; c.2534G>A,p.G845E,1.01,Uncertain Significance,1.817
7,151945007,151945007,KMT2C,c.2515G>A; c.2512G>A,p.G838S; p.G839S,40.12,Benign,49.408
7,151945071,151945072,KMT2C,c.2447dup; c.2450dup,p.Y816*; p.Y817*,27.68,Benign,48.670
7,151945101,151945101,KMT2C,c.2421C>G; c.2418C>G,p.S807S; p.S806S,1.87,Benign,20.838
7,151945140,151945140,KMT2C,c.2379G>A; c.2382G>A,p.S794S; p.S793S,17.42,Benign,43.539
7,151945215,151945215,KMT2C,c.2304A>G; c.2307A>G,p.S769S; p.S768S,12.47,Likely Benign,3.158
7,151945256,151945256,KMT2C,c.2263C>T; c.2266C>T,p.Q756*; p.Q755*,2.97,Likely Pathogenic,0.563
7,151945313,151945313,KMT2C,c.2209T>C; c.2206T>C,p.L736L; p.L737L,1.10,Likely Benign,0.147
7,151949068,151949068,KMT2C,c.1577G>C; c.1580G>C,p.R526P; p.R527P,51.30,Benign,7.953
7,151962257,151962257,KMT2C,c.1053G>A; c.1050G>A,p.P351P; p.P350P,5.38,Uncertain Significance,0.100
7,151962265,151962265,KMT2C,c.1042G>A; c.1045G>A,p.D348N; p.D349N,5.20,Uncertain Significance,0.033
7,151962269,151962269,KMT2C,c.1041G>A; c.1038G>A,p.V347V; p.V346V,1.05,Uncertain Significance,0.012
7,151962290,151962290,KMT2C,c.1020G>C; c.1017G>C,p.K339N; p.K340N,4.48,Uncertain Significance,0.008
7,151970856,151970856,KMT2C,c.946A>T; c.949A>T,p.T317S; p.T316S,77.08,Benign,50.094
7,151970859,151970859,KMT2C,c.943G>A; c.946G>A,p.G315S; p.G316S,3.99,Likely Benign,0.425
7,151970877,151970877,KMT2C,c.925C>T; c.928C>T,p.P309S; p.P310S,3.75,Uncertain Significance,0.519
7,151970951,151970951,KMT2C,c.854G>A; c.851G>A,p.R284Q; p.R285Q,6.37,Likely Benign,0.327
8,30915971,30915971,WRN,c.15del,p.K5Nfs*15,0.83,Likely Pathogenic,0.003
8,30924557,30924557,WRN,c.513C>T,p.C171C,99.92,Benign,70.808
8,30924590,30924590,WRN,c.546A>G,p.K182K,0.68,Uncertain Significance,
8,30973957,30973957,WRN,c.2361G>T,p.L787L,99.95,Benign,45.121
8,30982451,30982451,WRN,c.2760A>G,p.K920K,2.03,Uncertain Significance,
8,30999280,30999280,WRN,c.3222G>T,p.L1074F,99.84,Benign,45.358
8,38285914,38285916,FGFR1,c.129_131del; c.372_374del; c.495_497del; c.396_398del,p.D44del; p.D133del; p.D125del; p.D166del,1.30,Likely Pathogenic,0.014
8,41790703,41790705,KAT6A,c.5033_5035del,p.Q1678del,0.69,Uncertain Significance,
8,41790787,41790789,KAT6A,c.4949_4951del,p.Q1650del,0.65,Uncertain Significance,0.009
8,41794934,41794934,KAT6A,c.3192G>A,p.T1064T,49.00,Benign,20.756
8,41798420,41798422,KAT6A,c.2977_2979del,p.E993del,0.99,Uncertain Significance,0.006
8,41805330,41805330,KAT6A,c.1841T>C,p.L614P,0.66,Uncertain Significance,
8,90965666,90965666,NBN,c.1405del; c.1339del; c.1651del,p.R469Gfs*8; p.R551Gfs*8; p.R447Gfs*8,0.59,Pathogenic,
8,90982659,90982659,NBN,c.583A>C; c.585-5924A>C; c.829A>C,p.N195H; p.N277H,0.75,Uncertain Significance,
8,128750605,128750607,MYC,c.-192_-190del; c.109_111del; c.151_153del; c.154_156del,p.Q37del; p.Q51del; p.Q52del,0.68,Uncertain Significance,0.002
9,5050706,5050706,JAK2,c.489C>T; n.890C>T; c.-632C>T; n.973C>T; c.42C>T,p.H163H; p.H14H,46.86,Benign,32.549
9,5081780,5081780,JAK2,c.2043G>A; c.1275G>A; n.2891G>A; c.2490G>A; n.2974G>A,p.L681L; p.L425L; p.L830L,51.00,Benign,53.602
9,36840623,36840623,PAX5,c.1008C>T; c.921C>T; c.810C>T; c.878C>T; c.1110C>T; c.894C>T; c.597C>T; c.981C>T; c.1023C>T; c.786C>T; n.1274C>T; c.791C>T; n.1217C>T,p.T293I; p.Y336Y; p.Y327Y; p.Y307Y; p.Y262Y; p.Y341Y; p.Y199Y; p.Y298Y; p.Y370Y; p.T264I; p.Y270Y,100,Benign,86.447
9,86586890,86586890,HNRNPK,c.788G>A; c.860G>A,p.R263Q; p.R287Q,2.27,Uncertain Significance,0.000
9,139390945,139390947,NOTCH1,c.7124_7126del; c.7244_7246del; c.4841_4843del; c.7130_7132del,p.P2375del; p.P2415del; p.P2377del; p.P1614del,0.60,Uncertain Significance,0.003
9,139391636,139391636,NOTCH1,c.4152C>T; c.6555C>T; c.6441C>T; c.6435C>T,p.D2185D; p.D2145D; p.D1384D; p.D2147D,49.40,Benign,61.822
9,139397707,139397707,NOTCH1,c.4980C>T; c.4974C>T; c.5094C>T; c.2691C>T,p.D1660D; p.D1658D; p.D897D; p.D1698D,50.72,Benign,44.879
9,139405261,139405261,NOTCH1,c.2474-4G>A; c.2588-4G>A; c.185-4G>A,,99.82,Benign,47.788
9,139407932,139407932,NOTCH1,c.-724T>C; c.2265T>C; c.2151T>C,p.N755N; p.N717N,99.89,Benign,40.508
9,139410437,139410437,NOTCH1,c.1556-269G>A; c.1665G>A; c.1551G>A,p.T555T; p.T517T,51.90,Likely Benign,1.100
9,139418260,139418260,NOTCH1,c.312T>C,p.N104N,48.36,Benign,59.336
10,27303605,27303605,ANKRD26,c.4539T>A; c.4542T>A,p.F1514L; p.F1513L,83.38,Benign,21.930
10,27317778,27317778,ANKRD26,c.3969+3A>G; c.3972+3A>G,,47.12,Benign,11.082
10,27317840,27317840,ANKRD26,c.3910G>A; c.3913G>A,p.V1304I; p.V1305I,99.94,Benign,21.844
10,27317854,27317854,ANKRD26,c.3899A>G; c.3896A>G,p.K1299R; p.K1300R,46.42,Likely Pathogenic,
10,27322259,27322259,ANKRD26,c.3699del; c.3702del,p.K1233Nfs*19; p.K1234Nfs*19,0.79,Likely Pathogenic,
10,27333121,27333122,ANKRD26,c.1983-3dup; c.1986-3dup,,4.51,Benign,7.165
10,27333122,27333123,ANKRD26,c.1983-4_1983-3del; c.1986-4_1986-3del,,8.18,Uncertain Significance,0.422
10,27333122,27333122,ANKRD26,c.1983-3del; c.1986-3del,,50.24,Benign,34.062
10,27337806,27337808,ANKRD26,c.1736_1738del,p.D579del,0.60,Likely Benign,0.003
10,27353007,27353007,ANKRD26,c.1273A>G,p.I425V,50.29,Benign,3.698
10,27369086,27369086,ANKRD26,c.741-996del,,1.95,Uncertain Significance,0.024
10,27381349,27381349,ANKRD26,c.624A>G,p.V208V,99.97,Benign,24.163
10,27381410,27381410,ANKRD26,c.563G>A,p.S188N,0.60,Uncertain Significance,
10,27389197,27389197,ANKRD26,c.59A>G,p.Q20R,99.61,Benign,89.948
10,27389314,27389314,ANKRD26,c.-59G>A,,50.72,Benign,7.705
10,72358577,72358577,PRF1; PALD1,c.900C>T; c.2419-67G>A; c.2250+34302G>A; c.2263-67G>A,p.H300H,49.25,Benign,64.107
10,72358655,72358655,PRF1; PALD1,c.2250+34380G>A; c.2274G>A; c.822C>T; c.2430G>A,p.A274A; p.S758S; p.S810S,48.36,Benign,16.397
10,89692921,89692921,PTEN,c.360A>T; c.405A>T; c.-346A>T; c.924A>T,p.I120I; p.I308I; p.I135I,1.62,Uncertain Significance,
10,89692923,89692923,PTEN,c.926G>A; c.-344G>A; c.362G>A; c.407G>A,p.C136Y; p.C309Y; p.C121Y,1.54,Pathogenic,
10,89720649,89720649,PTEN,c.802-2A>T; c.1321-2A>T; c.895-2A>T; c.757-2A>T; c.211-2A>T,,0.92,Pathogenic,0.005
10,90771829,90771829,FAS,n.411T>C; n.612T>C; n.951T>C; n.538+1257T>C; n.474T>C; c.568+1257T>C; n.808T>C; c.687T>C; n.549T>C; n.561T>C; c.579T>C; c.642T>C,p.T193T; p.T229T; p.T214T,51.29,Benign,76.186
10,112357944,112357944,SMC3,c.2164G>A,p.E722K,2.12,Uncertain Significance,
10,112361870,112361870,SMC3,c.3039A>G,p.S1013S,99.90,Benign,99.598
10,123298158,123298158,FGFR2,n.984A>G; c.429A>G; c.696A>G; c.351A>G,p.V232V; p.V143V; p.V117V,51.12,Benign,78.012
11,30033563,30033563,KCNA4,c.663del,p.F221Lfs*21,1.39,Uncertain Significance,0.000
11,30033831,30033833,KCNA4,c.393_395del,p.E137del,0.60,Uncertain Significance,0.011
11,30034029,30034031,KCNA4,c.195_197del,p.H65del,0.82,Uncertain Significance,0.006
11,32456485,32456487,WT1-AS; WT1,n.-568_-566del; c.-969_-967del; n.-1089_-1087del; n.599_601del; c.-1278_-1276del; c.420_422del,p.P141del,0.66,Uncertain Significance,0.013
11,32456694,32456694,WT1-AS; WT1,n.-891C>A; c.213G>T; c.-1176G>T; n.392G>T; c.-1485G>T; n.-370C>A,p.P71P,50.40,Benign,23.604
11,64534503,64534505,SF1,c.1403-61_1403-59del; c.1453_1455del; c.1104_1106del; c.1449_1451del; c.1824_1826del; c.1108_1110del; c.1371_1373del; c.1444_1446del,p.P610del; p.A370del; p.A482del; p.P485del; p.P370del; p.A485del; p.P459del,0.89,Uncertain Significance,0.186
11,64535093,64535095,SF1,c.1665_1667del; c.945_947del; c.1290_1292del; c.1212_1214del,p.P556del; p.P316del; p.P431del; p.P405del,0.68,Uncertain Significance,0.000
11,72945341,72945341,P2RY2,c.137C>T,p.P46L,48.90,Benign,92.488
11,72946020,72946020,P2RY2,c.816C>T,p.R272R,98.91,Benign,56.602
11,72946140,72946140,P2RY2,c.936G>C,p.R312S,51.66,Benign,27.787
11,85968623,85968623,EED,c.619C>T; c.514C>T; c.799C>T,p.L172L; p.L267L; p.L207L,51.25,Benign,36.301
11,108040484,108040484,NPAT,c.2997C>A,p.N999K,49.83,Benign,6.897
11,108043988,108043988,NPAT,c.1723G>A,p.V575I,99.95,Benign,60.114
11,108114677,108114677,ATM,c.497-3A>T,,0.87,Likely Pathogenic,
11,108183167,108183167,C11orf65; ATM,c.5948A>G; c.641-3369T>C; c.*39-3369T>C; c.5948A>G *,p.N1983S; p.S1983S,100,Benign,100.000
11,118307414,118307416,KMT2A; ENSG00000285827,c.200_202del; c.-798-32063_-798-32061del; c.214-10913_214-10911del,p.A67del,1.39,Benign,0.792
11,118344494,118344495,KMT2A; ENSG00000285827,c.503-391_503-390del; c.2728_2729del; c.2629_2630del; c.1399_1400del,p.D877Pfs*8; p.D467Pfs*8; p.D910Pfs*8,1.17,Likely Pathogenic,0.000
11,119077233,119077235,CBL,c.125_127del,p.H42del,1.79,Likely Benign,0.055
11,119142523,119142523,CBL,c.522T>G,p.F174L,50.91,Likely Pathogenic,
12,22814036,22814036,ETNK1,c.864A>G; c.597A>G,p.E288E; p.E199E,50.27,Benign,19.313
12,25368462,25368462,KRAS,c.451-5617G>A; c.253-5617G>A; c.376-5617G>A; c.483G>A *; c.483G>A,p.R161R,99.67,Benign,99.949
12,111856443,111856443,SH2B3,c.494C>G,p.T165S,47.79,Benign,3.489
12,111856493,111856493,SH2B3,c.544T>C,p.F182L,47.90,Benign,3.180
12,111884608,111884608,SH2B3,c.178T>C; c.784T>C,p.W60R; p.W262R,99.89,Benign,66.803
13,19751274,19751274,TUBA3C,c.849C>T,p.H283H,10.54,Uncertain Significance,0.007
13,19751289,19751289,TUBA3C,c.834C>T,p.A278A,6.42,Uncertain Significance,0.009
13,19751301,19751301,TUBA3C,c.822G>A,p.P274P,1.14,Uncertain Significance,0.038
13,19751544,19751544,TUBA3C,c.579G>A,p.T193T,48.12,Benign,27.350
13,19751586,19751586,TUBA3C,c.537G>A,p.T179T,3.13,Uncertain Significance,0.002
13,19753629,19753629,TUBA3C,c.78G>T,p.L26L,1.57,Uncertain Significance,
13,19753686,19753686,TUBA3C,c.21C>T,p.I7I,45.67,Uncertain Significance,1.653
13,28589303,28589303,FLT3,c.2744C>T; n.2942C>T,p.T915I,0.55,Uncertain Significance,
13,28609813,28609814,FLT3,c.1419-4dup; n.1485-4dup,,2.72,Uncertain Significance,0.541
13,28609814,28609814,FLT3,c.1419-4del; n.1485-4del,,10.22,Uncertain Significance,0.286
13,28610183,28610183,FLT3,n.1376-3T>C; c.1310-3T>C,,99.94,Uncertain Significance,70.039
13,28624294,28624294,FLT3,n.746C>T; c.680C>T,p.T227M,99.93,Benign,59.806
13,28636084,28636084,FLT3,n.354C>T; c.288C>T,p.D96D,99.88,Benign,98.285
13,28674628,28674628,FLT3,c.20A>G; n.86A>G,p.D7G,46.42,Benign,36.228
13,32907421,32907421,BRCA2,n.2012del; c.424+2261del; c.1444del; c.1813del,p.I605Yfs*9; p.I482Yfs*9,1.69,Pathogenic,0.003
13,32911888,32911888,BRCA2,c.3027A>G; c.1909+4364A>G; n.3595A>G; c.424+6721A>G; c.3396A>G,p.K1132K; p.K1009K,47.46,Benign,29.496
13,32912299,32912299,BRCA2,c.425-6396T>C; c.3438T>C; c.1909+4775T>C; c.3807T>C; n.4006T>C,p.V1146V; p.V1269V,50.28,Benign,17.542
13,32913055,32913055,BRCA2,c.4563A>G; n.4762A>G; c.425-5640A>G; c.4194A>G; c.1909+5531A>G,p.L1398L; p.L1521L,78.09,Benign,99.275
13,32915005,32915005,BRCA2,c.425-3690G>C; c.1910-3690G>C; c.6144G>C; c.6513G>C; n.6712G>C,p.V2048V; p.V2171V,97.06,Benign,99.253
13,32929232,32929232,BRCA2,c.7146A>G; n.7441A>G; c.825A>G; c.2310A>G; c.7242A>G; c.6873A>G,p.S2291S; p.S275S; p.S2414S; p.S770S; p.S2382S,48.46,Benign,22.575
13,32929387,32929387,BRCA2,c.980T>C; c.7301T>C; c.7028T>C; c.7397T>C; n.7596T>C; c.2465T>C,p.V2434A; p.V2343A; p.V2466A; p.V327A; p.V822A,99.96,Benign,99.343
13,32954023,32954023,BRCA2,c.2680del; c.4165del; c.9046del; c.8728del; c.9001del; c.9097del; n.9360del,p.T1389Lfs*29; p.T3033Lfs*29; p.T2910Lfs*29; p.T3016Lfs*29; p.T894Lfs*29; p.T3001Lfs*29,1.60,Pathogenic,0.001
13,48878115,48878117,RB1; RB1-DT,c.78_80del; n.-279_-277del,p.P29del,0.64,Uncertain Significance,0.034
14,86088056,86088056,FLRT2,c.198T>C,p.T66T,99.43,Benign,99.769
14,86089315,86089315,FLRT2,c.1457G>A,p.R486Q,52.15,Benign,14.909
15,66727454,66727456,MAP2K1,c.170_172delinsGAT; c.104_106delinsGAT,p.K35_Q36delinsR*; p.K57_Q58delinsR*,3.43,Uncertain Significance,
15,74328116,74328116,PML,c.*1119A>G; c.*2167A>G; c.*35+1245A>G; c.*639A>G; c.2314A>G; c.1710+1245A>G; c.1566+1245A>G; c.1255-232A>G; c.2170A>G,p.S772G; p.S724G,51.97,Benign,52.387
15,74328141,74328141,PML,c.1710+1270G>T; c.*664G>T; c.*35+1270G>T; c.2195G>T; c.1566+1270G>T; c.1255-207G>T; c.*2192G>T; c.*1144G>T; c.2339G>T,p.G732V; p.G780V,52.46,Benign,36.446
15,82558034,82558034,SAXO2,c.178G>C; c.-20G>C; c.28+2505G>C; c.53+2761G>C; c.37G>C,p.A60P; p.A13P,43.23,Benign,61.085
15,82563991,82563991,SAXO2,c.28+8462C>T; c.56C>T; c.140C>T; c.281C>T; c.233+5902C>T; c.101C>T,p.P94L; p.P47L; p.P34L; p.P19L,45.58,Benign,43.935
15,88679785,88679785,NTRK3,c.384C>T; c.678C>T *; c.678C>T,p.N226N; p.N128N,99.78,Benign,99.673
15,91295064,91295064,BLM,c.-445A>G; c.847A>G,p.T283A,1.95,Uncertain Significance,0.003
15,91304139,91304139,BLM,c.419del; c.1544del,p.N515Mfs*16; p.N140Mfs*16,4.75,Pathogenic,0.004
15,91326099,91326099,BLM,c.2603C>T; c.1478C>T,p.P493L; p.P868L,50.31,Benign,5.706
15,91337479,91337479,BLM,c.1977G>A; c.3102G>A,p.T659T; p.T1034T,51.27,Benign,15.995
15,91346923,91346923,BLM,c.3358+5356C>A; c.3531C>A; c.2406C>A,p.A1177A; p.A802A,48.90,Benign,15.345
15,91354505,91354505,BLM,c.3552C>T; c.2820C>T; c.3945C>T,p.L1315L; p.L940L; p.L1184L,48.76,Benign,15.353
15,91354521,91354521,BLM,c.3961G>A; c.3568G>A; c.2836G>A,p.V1190I; p.V946I; p.V1321I,49.48,Benign,6.828
16,3779136,3779138,CREBBP,c.5910_5912del; c.5796_5798del,p.Q1932del; p.Q1970del,0.50,Uncertain Significance,0.016
16,3808052,3808053,CREBBP,c.3370-4dup; c.3256-4dup,,3.28,Benign,12.920
16,3808053,3808055,CREBBP,c.3256-6_3256-4del; c.3370-6_3370-4del,,2.01,Uncertain Significance,0.001
16,3808053,3808054,CREBBP,c.3256-5_3256-4del; c.3370-5_3370-4del,,6.88,Likely Benign,0.205
16,3808053,3808053,CREBBP,c.3370-4del; c.3256-4del,,41.09,Benign,25.610
16,67646013,67646014,CTCF,c.950_951del; c.-32-4626_-32-4625del,p.T317Rfs*91,1.23,Likely Pathogenic,0.000
16,89805261,89805261,ZNF276; FANCA,c.4260+29T>C; c.4164T>C; n.2607A>G; c.4293T>C; n.2490A>G; c.*607A>G; n.2524A>G; c.4264+29T>C; n.2430A>G,p.H1388H; p.H1431H,46.23,Benign,70.470
16,89806347,89806347,ZNF276; FANCA,c.3934+55T>A; n.3693A>T; n.3516A>T; n.3576A>T; c.3805+55T>A; c.*1693A>T; n.3610A>T,,51.52,Benign,52.514
16,89866043,89866043,FANCA,c.700A>G; c.796A>G,p.T234A; p.T266A,48.42,Benign,52.203
17,260299,260299,C17orf97; LOC105371430; LIAT1,n.330+2621C>T; c.166G>A,p.E56K,99.85,Benign,14.941
17,263294,263294,C17orf97; LOC105371430; LIAT1,c.304+2857C>G; n.46-90G>C; c.660C>G,p.D220E,45.81,Benign,23.003
17,263636,263636,C17orf97; LOC105371430; LIAT1,c.304+3199C>T; n.45+134G>A; c.1002C>T,p.G334G,12.46,Uncertain Significance,0.002
17,263643,263643,C17orf97; LOC105371430; LIAT1,c.304+3206C>A; n.45+127G>T; c.1009C>A,p.P337T,14.06,Uncertain Significance,0.001
17,263645,263645,C17orf97; LOC105371430; LIAT1,c.304+3208C>T; n.45+125G>A; c.1011C>T,p.P337P,13.44,Likely Benign,0.001
17,263682,263682,C17orf97; LOC105371430; LIAT1,c.304+3245G>A; n.45+88C>T; c.1048G>A,p.E350K,1.37,Uncertain Significance,0.001
17,263684,263684,C17orf97; LOC105371430; LIAT1,n.45+86C>G; c.304+3247G>C; c.1050G>C,p.E350D,0.58,Uncertain Significance,
17,263711,263711,C17orf97; LOC105371430; LIAT1,n.45+59G>A; c.304+3274C>T; c.1077C>T,p.P359P,0.52,Likely Benign,
17,263712,263712,C17orf97; LOC105371430; LIAT1,c.304+3275G>A; n.45+58C>T; c.1078G>A,p.E360K,4.84,Uncertain Significance,0.001
17,1578939,1578939,PRPF8,c.2847G>A; c.2712G>A,p.P949P; p.P904P,47.63,Benign,21.339
17,1580929,1580929,PRPF8,c.1914C>G; c.1779C>G,p.L638L; p.L593L,50.46,Benign,21.727
17,1584324,1584324,PRPF8,c.891T>C,p.N297N,50.19,Benign,21.785
17,1585130,1585130,PRPF8,c.637T>C,p.L213L,49.60,Benign,18.802
17,7579472,7579472,TP53,c.98C>G; c.215C>G; c.-1020C>G; c.-939C>G; n.357C>G,p.P72R; p.P33R,48.88,Uncertain Significance,66.289
17,16842912,16842912,TNFRSF13B,c.693T>C; c.831T>C,p.S277S; p.S231S,100,Benign,49.363
17,29490295,29490295,NF1,c.380G>A,p.G127E,1.25,Likely Pathogenic,
17,29527569,29527569,NF1,c.1018T>G,p.S340A,0.83,Likely Pathogenic,
17,29528142,29528142,NF1,c.1150T>C,p.F384L,6.34,Likely Pathogenic,
17,29528148,29528148,NF1,c.1156A>G,p.I386V,1.09,Uncertain Significance,0.001
17,29541476,29541476,NF1,c.1430C>T; c.1445C>T; c.1400C>T,p.T482I; p.T477I; p.T467I,6.09,Pathogenic,
17,29553485,29553485,NF1,c.2079G>A; c.2034G>A; c.2064G>A,p.P678P; p.P693P; p.P688P,99.91,Benign,38.412
17,29554541,29554541,NF1,c.2356G>A; c.2371G>A; c.2326G>A,p.A786T; p.A791T; p.A776T,0.57,Pathogenic,
17,29554582,29554582,NF1,c.2397G>A; c.2367G>A; c.2412G>A,p.K799K; p.K789K; p.K804K,24.21,Uncertain Significance,
17,29554589,29554589,NF1,c.2419C>T; c.2374C>T; c.2404C>T,p.L802F; p.L792F; p.L807F,22.04,Pathogenic,
17,29556054,29556054,NF1,c.2467del; c.2452del; c.2422del,p.L823Ffs*13; p.L818Ffs*13; p.L808Ffs*13,0.57,Likely Pathogenic,
17,30302737,30302737,SUZ12,c.754+15del; c.823+15del,,10.52,Likely Benign,2.318
17,30323878,30323878,SUZ12,c.1856T>C; c.1787T>C,p.L596P; p.L619P,2.11,Uncertain Significance,
17,37922259,37922259,IKZF3,c.1080C>T; c.651C>T; c.1197C>T; c.1029C>T; c.912C>T; c.768C>T; c.573C>T; c.1095C>T; c.1212C>T; c.1314C>T; c.1053C>T; c.1146C>T; c.885C>T,p.S438S; p.S217S; p.S404S; p.S304S; p.S343S; p.S365S; p.S399S; p.S256S; p.S295S; p.S382S; p.S360S; p.S351S; p.S191S,95.58,Benign,40.115
17,40370235,40370236,STAT5B,c.1099dup; c.1102dup,p.Q368Pfs*9; p.Q367Pfs*9,1.16,Uncertain Significance,0.004
17,40370236,40370236,STAT5B,c.1099del; c.1102del,p.Q368Rfs*2; p.Q367Rfs*2,1.05,Uncertain Significance,0.000
17,74732507,74732507,MFSD11; SRSF2,c.-1928A>G; c.-1812A>G; c.-733A>G; c.-1623A>G; n.573T>C; n.-1694A>G; c.402T>C; c.-1530A>G; c.402T>C *; c.-1645A>G; c.-738A>G; n.-209A>G; c.-1269A>G; c.366T>C,p.S122S; p.S134S,100,Benign,99.703
17,74733099,74733099,MFSD11; MIR636; SRSF2,n.-1102G>A; c.-141G>A; n.-469C>T; c.-1336G>A; c.-1053G>A; n.315C>T; c.-938G>A; c.-146G>A; c.-1220G>A; c.-1031G>A; n.384G>A; c.144C>T; c.-677G>A,p.D48D,98.60,Benign,88.440
18,42456653,42456653,SETBP1,c.540+7405G>A; c.664G>A,p.A222T,46.72,Benign,52.534
18,42456670,42456671,SETBP1,c.540+7422_540+7423insTCTT; c.681_682insTCTT,p.T228Sfs*8,49.31,Benign,52.471
18,42529996,42529996,SETBP1,c.691G>C,p.V231L,46.87,Benign,19.023
18,42532606,42532606,SETBP1,c.3301G>A,p.V1101I,48.72,Benign,12.136
18,42532741,42532741,SETBP1,c.3436C>T,p.R1146W,1.55,Uncertain Significance,0.000
18,42532778,42532778,SETBP1,c.3473A>G,p.H1158R,0.96,Uncertain Significance,
18,42533130,42533130,SETBP1,c.3825A>G,p.S1275S,99.59,Benign,88.475
19,7711221,7711221,STXBP2,c.1443T>C; n.1458T>C; c.48T>C; c.1347T>C; c.1476T>C; c.1434T>C,p.D481D; p.D492D; p.D478D; p.D449D; p.D16D,48.48,Benign,42.083
19,7712277,7712277,STXBP2,c.1480A>G; c.1609A>G; c.1576A>G; c.1538+144A>G; n.1591A>G; c.181A>G; c.1567A>G,p.I61V; p.I494V; p.I523V; p.I526V; p.I537V,48.25,Benign,64.010
19,10262139,10262139,DNMT1,c.2152del; c.2200del; c.1837del,p.M613Cfs*59; p.M718Cfs*59; p.M734Cfs*59,0.64,Uncertain Significance,
19,10265312,10265312,DNMT1,c.1419A>G; c.1734A>G; c.1782A>G,p.T578T; p.T594T; p.T473T,99.90,Benign,99.074
19,10939792,10939792,DNM2,c.2139T>C; c.2127T>C,p.A709A; p.A713A,99.81,Benign,31.112
19,33792755,33792757,CEBPA; CEBPA-DT,c.564_566del; c.522_524del; c.207_209del; c.669_671del; n.-954_-952del,p.P175del; p.P70del; p.P189del; p.P224del,2.26,Likely Benign,0.595
19,45284236,45284236,CBLC,c.428A>G,p.K143R,11.88,Uncertain Significance,
19,56171899,56171901,U2AF2,c.259_261del,p.K87del,0.64,Uncertain Significance,0.012
19,56180968,56180968,U2AF2,c.1191C>T; c.1203C>T,p.D397D; p.D401D,99.97,Benign,86.871
20,30946592,30946594,ASXL1,c.-508_-506del; c.25_27del; c.-947_-945del,p.K9del,0.82,Likely Benign,0.035
20,31022441,31022442,ASXL1,c.1934dup; c.1751dup; c.1919dup; c.1869+65dup,p.G646Wfs*12; p.G585Wfs*12; p.G641Wfs*12,1.68,Pathogenic,0.050
20,31022959,31022959,ASXL1,c.1869+575T>C; c.2429T>C; c.2261T>C *; c.2261T>C; c.2444T>C *,p.L754P; p.P815P; p.P754P; p.L810P,95.88,Benign,99.999
20,43264927,43264927,ADA,c.-254G>A; n.128G>A; c.36G>A; c.99G>A; c.-115G>A; c.114G>A; c.-118G>A; c.111G>A,p.V33V; p.V12V; p.V37V; p.V38V,99.88,Benign,99.525
20,57478807,57478807,GNAS,c.393C>T; c.396C>T; c.*299C>T; c.174C>T; c.*296C>T; c.351C>T; c.2322C>T; c.2325C>T; c.*254C>T; c.66C>T; c.297C>T; c.*305C>T; c.219C>T; c.2277C>T; c.216C>T; c.348C>T,p.I775I; p.I117I; p.I72I; p.I116I; p.I73I; p.I759I; p.I132I; p.I131I; p.I58I; p.I22I; p.I99I; p.I774I,49.31,Benign,54.473
20,62292822,62292824,RTEL1-TNFRSF6B; RTEL1,c.-383_-381del; n.1114_1116del; c.287_289del,p.A96del,1.07,Uncertain Significance,0.025
20,62320968,62320968,RTEL1-TNFRSF6B; RTEL1,c.1992T>C; n.2819T>C; c.1323T>C; c.2064T>C,p.D688D; p.D664D; p.D441D,99.80,Benign,74.921
20,62321655,62321655,RTEL1-TNFRSF6B; RTEL1,c.2274G>A; c.1605G>A; c.2346G>A; n.3101G>A,p.A535A; p.A758A; p.A782A,99.56,Benign,74.190
20,62322288,62322288,RTEL1-TNFRSF6B; RTEL1,c.2544T>C; c.2616T>C; n.3371T>C; c.1875T>C,p.P625P; p.P848P; p.P872P,99.56,Benign,75.007
20,62324290,62324290,RTEL1-TNFRSF6B; RTEL1,c.2785G>A; c.2116G>A; n.3612G>A; c.2857G>A,p.A929T; p.A706T; p.A953T,51.32,Likely Benign,2.728
20,62326110,62326110,RTEL1-TNFRSF6B; RTEL1; TNFRSF6B,n.3953A>C; c.2457A>C; c.-2011A>C; c.3126A>C; c.3198A>C,p.Q1042H; p.Q819H; p.Q1066H,99.50,Benign,75.489
21,44513243,44513243,U2AF1; LOC102724594,c.692C>T; c.473C>T; c.578C>T,p.S231L; p.S193L; p.S158L,0.98,Uncertain Significance,0.000
22,17669306,17669306,ADA2,c.644A>G; c.398A>G; c.281A>G; c.1004A>G; c.878A>G,p.H335R; p.H215R; p.H94R; p.H133R; p.H293R,99.88,Benign,34.448
22,17690430,17690430,ADA2,c.-38-2250G>C; c.12G>C; c.138G>C,p.L46L; p.L4L,52.03,Benign,14.925
22,23627369,23627369,BCR,c.2387A>G,p.N796S,46.62,Benign,81.784
22,23631801,23631801,BCR,c.2700T>C,p.N900N,48.83,Benign,29.064
22,23631813,23631814,BCR,c.2707+12dup,,43.45,Benign,28.676
22,23651619,23651619,BCR,c.3021G>A; c.2889G>A,p.P963P; p.P1007P,33.11,Likely Benign,0.202
22,23653975,23653976,BCR,c.3143_3146dup; c.3275_3278dup,p.V1050Rfs*17; p.V1094Rfs*17,8.14,Uncertain Significance,0.280
22,29083909,29083909,CHEK2,c.1608A>G; c.1737A>G; c.948A>G; c.1335A>G; c.945A>G; c.1521A>G; c.1407A>G,p.P316P; p.P579P; p.P469P; p.P536P; p.P315P; p.P445P; p.P507P,3.74,Uncertain Significance,0.000
22,29090030,29090031,CHEK2,c.790_791delinsT; c.787_788delinsT; c.1177_1178delinsT; c.1579_1580delinsT; c.1450_1451delinsT; c.1363_1364delinsT; c.1249_1250delinsT,p.P263Cfs*8; p.P527Cfs*8; p.P455Cfs*8; p.P484Cfs*8; p.P264Cfs*8; p.P417Cfs*8; p.P393Cfs*8,0.52,Likely Pathogenic,
22,29090054,29090054,CHEK2,c.1154C>T; c.764C>T; c.1427C>T; c.1226C>T; c.1340C>T; c.1556C>T; c.767C>T,p.T256M; p.T476M; p.T255M; p.T385M; p.T409M; p.T519M; p.T447M,16.07,Uncertain Significance,0.031
22,29091142,29091142,CHEK2,c.1261G>A; c.685G>A; c.1075G>A; c.1348G>A; c.688G>A; c.1477G>A; c.1147G>A,p.E421K; p.E229K; p.E359K; p.E383K; p.E493K; p.E450K; p.E230K,11.78,Likely Pathogenic,
22,30742328,30742330,SF3A1,c.364_366del,p.Q122del,1.07,Uncertain Significance,0.006
22,41551039,41551039,EP300,c.3183T>A; c.3105T>A,p.T1061T; p.T1035T,52.38,Benign,65.695
22,41566525,41566525,EP300,c.4408del; c.4330del,p.M1444Cfs*26; p.M1470Cfs*26,1.01,Pathogenic,
X,1331495,1331495,CRLF2,c.-201C>G; c.33C>G; n.48C>G,p.A11A,51.09,Benign,21.325
X,15343205,15343205,PIGA,n.660G>T; c.216G>T; n.376G>T; c.918G>T,p.L72L; p.L306L,2.69,Uncertain Significance,
X,15838366,15838366,ZRSR2,c.864C>T; c.786C>T,p.N288N; p.N262N,50.22,Benign,52.758
X,15841311,15841311,ZRSR2,c.1317C>G; c.1395C>G,p.G465G; p.G439G,2.30,Likely Benign,
X,15841319,15841319,ZRSR2,c.1325G>A; c.1403G>A,p.R468K; p.R442K,5.50,Uncertain Significance,
X,34148806,34148844,FAM47A,c.1552_1590del,p.R518_L530del,97.89,Benign,6.145
X,39911657,39911657,BCOR,c.4977-4G>T; c.4821-4G>T; c.*45-4G>T; c.4875-4G>T,,99.61,Benign,15.014
X,39913527,39913528,BCOR,c.4800_4801del; c.4644_4645del; c.4698_4699del,p.F1566Lfs*7; p.F1548Lfs*7; p.F1600Lfs*7,41.13,Likely Pathogenic,
X,39914620,39914620,BCOR,c.4585+1G>A; c.4639+1G>A; c.4741+1G>A,,2.72,Pathogenic,
X,39933339,39933339,BCOR,c.1260T>C,p.D420D,49.40,Benign,89.920
X,44938563,44938563,KDM6A,c.2976G>A; c.2223G>A; n.3394G>A; c.3111G>A; c.2973G>A; c.3189G>A; c.3009G>A; c.3132G>A; c.3030G>A; c.2874G>A; c.3267G>A,p.Q958Q; p.Q1063Q; p.Q1010Q; p.Q741Q; p.Q1037Q; p.Q991Q; p.Q992Q; p.Q1044Q; p.Q1089Q; p.Q1003Q,51.20,Benign,24.273
X,47057647,47057647,UBA1,c.1-555A>G,,99.86,Benign,99.806
X,76937963,76937963,ATRX,c.2785C>G; c.2671C>G; c.2785G>C *; c.2671G>C *,p.Q929E; p.Q891E; p.E929Q; p.E891Q,48.98,Benign,38.534
X,123185196,123185196,STAG2,c.1149del,p.E383Dfs*9,0.68,Likely Pathogenic,
X,129147079,129147079,BCORL1,c.331T>C *; c.331T>C,p.F111L; p.L111L,98.71,Benign,99.998
X,129159222,129159224,BCORL1,c.3957_3959del,p.E1324del,0.63,Uncertain Significance,0.001
X,130678467,130678467,IGSF1; OR13H1,c.420A>G; c.-913+34175T>C,p.V140V,99.86,Benign,64.296
X,130678596,130678596,IGSF1; OR13H1,c.549C>G; c.-913+34046G>C,p.L183L,51.44,Benign,27.233
X,130678844,130678844,IGSF1; OR13H1,c.797A>C; c.-913+33798T>G,p.Y266S,98.57,Benign,64.337
X,153994596,153994596,DKC1,n.471G>T; n.948G>T; c.-241G>T; c.369G>T; c.282G>T,p.T123T; p.T94T,99.74,Benign,99.752
X,153999117,153999117,DKC1,c.960T>G; n.1697T>G; n.1471T>G; n.1578T>G; c.879T>G; c.999T>G; c.390T>G; c.912T>G,p.I333M; p.I320M; p.I304M; p.I293M; p.I130M,1.11,Uncertain Significance,
X,154005089,154005091,DKC1,n.2091_2093del; c.903_905del; n.1984_1986del; c.1425_1427del; c.*738_*740del; n.2210_2212del; c.1512_1514del; c.1392_1394del; c.1473_1475del; c.1511_1513del; c.1497_1499del; c.*471_*473del,p.R504del; p.K476del; p.K500del; p.K505del; p.K492del; p.K465del; p.K302del,1.25,Likely Benign,0.380

