Chromosome,Position,End Position,Gene Symbol,Transcript Variant,Protein Variant,1778D - Allele Fraction,Classification,gnomAD Frequency
1,12918885,12918885,PRAMEF2,c.21G>C,p.P7P,3.75,Likely Benign,0.393
1,12918891,12918891,PRAMEF2,c.27A>C,p.L9L,28.91,Benign,6.355
1,12919064,12919064,PRAMEF2,c.200T>G,p.V67G,20.89,Benign,16.656
1,12919111,12919111,PRAMEF2,c.247G>A,p.E83K,16.86,Benign,5.585
1,12919872,12919872,PRAMEF2,c.612T>G,p.I204M,21.52,Benign,5.813
1,12919891,12919891,PRAMEF2,c.631G>T,p.E211*,24.83,Benign,5.758
1,12919934,12919934,PRAMEF2,c.674A>G,p.Y225C,28.81,Benign,15.327
1,12921114,12921114,PRAMEF2,c.905G>A,p.C302Y,1.95,Uncertain Significance,0.041
1,12921119,12921119,PRAMEF2,c.910A>T,p.N304Y,2.27,Uncertain Significance,0.194
1,12921127,12921127,PRAMEF2,c.918A>G,p.L306L,30.99,Benign,26.699
1,12921136,12921137,PRAMEF2,c.927_928delinsTG,p.L310V,5.30,Likely Pathogenic,
1,12921635,12921635,PRAMEF2,c.*1G>A,,12.09,Benign,7.865
1,35250720,35250720,GJB3,c.357C>T,p.N119N,35.63,Benign,7.356
1,36937059,36937059,CSF3R,c.864T>C; c.1260T>C,p.T420T; p.T288T,49.80,Benign,55.798
1,36937065,36937065,CSF3R,c.1254T>C; c.858T>C,p.R286R; p.R418R,45.36,Benign,30.931
1,43805046,43805046,MPL,c.475A>G; c.496A>G,p.R159G; p.R166G,0.89,Uncertain Significance,
1,47685455,47685455,TAL1,c.933A>G; c.456A>G *; c.933A>G *,p.K311K; p.K152K,99.22,Benign,100.000
1,65310489,65310489,JAK1,c.2199A>G; c.2067A>G; c.2070A>G; c.2193A>G; c.2196A>G,p.P690P; p.P733P; p.P689P; p.P731P; p.P732P,42.16,Benign,30.343
1,65311214,65311214,JAK1,c.2094C>G; c.1968C>G; c.2091C>G; c.1965C>G; c.2097C>G,p.A699A; p.A655A; p.A698A; p.A656A; p.A697A,10.31,Benign,6.447
1,65321250,65321250,JAK1,c.1584C>T; c.1587C>T; c.1458C>T; c.1590C>T; c.1461C>T,p.I529I; p.I528I; p.I530I; p.I486I; p.I487I,9.98,Benign,6.435
1,65335095,65335095,JAK1,c.546A>G; c.540A>G,p.G182G; p.G180G,9.12,Benign,6.300
2,25994412,25994413,ASXL2,c.404-4dup; c.230-4dup; c.-377-4dup; c.401-4dup,,8.84,Benign,23.466
2,47656972,47656972,MSH2,n.1054C>T; c.1168C>T; c.1135C>T; n.1046C>T; c.271C>T; c.970C>T; n.1204C>T; c.748C>T; c.-189C>T; c.1018C>T; c.1108C>T,p.L324F; p.L250F; p.L379F; p.L91F; p.L390F; p.L370F; p.L340F,39.75,Benign,0.146
2,47739551,47739551,KCNK12; MSH2,n.2748A>G; n.3260A>G; c.*133A>G; c.1847A>G; n.2622A>G; c.2324A>G; n.3103A>G; n.2974A>G; n.2913A>G; c.1388A>G; n.2630A>G; c.2744A>G; n.2575A>G; c.2594A>G; c.2711A>G; n.2780A>G; c.*8495T>C,p.Q904R; p.Q915R; p.Q865R; p.Q616R; p.Q463R; p.Q775R,58.73,Benign,42.795
2,48010488,48010488,MSH6,c.-984G>A; c.-468G>A; c.116G>A; c.-69+118G>A; c.-879G>A; c.-791G>A; c.-724G>A; c.-424G>A; c.-890G>A; c.-1233G>A; c.-38+118G>A; c.-1134G>A; c.-213G>A; c.-37-7578G>A; n.205G>A; c.-695G>A; c.-794G>A; c.-467G>A; c.-813G>A; c.-621G>A; c.-1399G>A; c.-280+118G>A; c.61G>A,p.G21R; p.G39E,36.81,Benign,18.288
2,48023115,48023115,MSH6,c.-455T>C; c.238-2635T>C; c.243T>C; c.636T>C; c.-279-2635T>C; n.629T>C; c.540T>C; c.462T>C; c.372T>C; c.-363T>C; c.546T>C; c.15T>C,p.D180D; p.D212D; p.D81D; p.D182D; p.D154D; p.D5D; p.D124D,10.43,Benign,21.489
2,48025764,48025764,MSH6,n.731C>T; c.564C>T; c.648C>T; c.117C>T; c.252C>T; c.642C>T; c.474C>T; c.738C>T; c.345C>T; c.-265C>T; n.717-1213C>T; c.628-2041C>T,p.Y115Y; p.Y214Y; p.Y216Y; p.Y188Y; p.Y158Y; p.Y39Y; p.Y84Y; p.Y246Y,10.51,Benign,7.221
2,198257795,198257795,SF3B1,c.3657A>G,p.V1219V,80.10,Benign,66.086
2,198265526,198265526,SF3B1,c.2631T>C,p.G877G,81.08,Benign,66.033
2,198283305,198283305,SF3B1,c.423A>G,p.K141K,81.37,Benign,66.128
2,204732714,204732714,CTLA4,c.49A>G; c.121A>G,p.T17A; p.T41A,99.87,Uncertain Significance,41.611
3,10088266,10088266,FANCD2,c.1137G>T,p.V379V,13.21,Benign,18.180
3,10088299,10088299,FANCD2,c.1170C>T,p.S390S,18.82,Benign,25.706
3,10088308,10088308,FANCD2,c.1179T>C,p.T393T,18.96,Benign,26.856
3,10088343,10088343,FANCD2,c.1214A>G,p.N405S,20.33,Benign,25.717
3,10088404,10088404,FANCD2,c.1275C>T,p.Y425Y,21.49,Benign,4.544
3,10088408,10088412,FANCD2,c.1278+1_1278+5delinsT,,21.77,Likely Pathogenic,
3,10091084,10091084,FANCD2,c.1440T>C,p.H480H,0.75,Likely Benign,0.029
3,10107090,10107090,FANCD2,c.2181G>A; c.2070G>A,p.P690P; p.P727P,2.39,Likely Benign,0.032
3,10107113,10107113,FANCD2,c.2204G>A; c.2093G>A,p.R735Q; p.R698Q,5.71,Likely Pathogenic,0.002
3,10107147,10107147,FANCD2,c.2238C>T; c.2127C>T,p.N746N; p.N709N,8.45,Uncertain Significance,0.003
3,10107168,10107168,FANCD2,c.2148T>C; c.2259T>C,p.D753D; p.D716D,5.77,Uncertain Significance,0.003
3,10142949,10142949,FANCD2OS; FANCD2,c.*43+2933G>A; c.*3C>T,,17.63,Benign,32.842
3,37053568,37053568,MLH1,c.-172A>G; c.655A>G; c.-275A>G; c.-162A>G; c.361A>G; c.-69A>G; c.556A>G,p.I219V; p.I121V; p.I186V,49.65,Uncertain Significance,23.247
3,105389153,105389153,CBLB,n.3129T>C; c.2547T>C; n.2886T>C; c.2550T>C; n.2930T>C; n.2751T>C; c.2697T>C; n.2975T>C; c.1284T>C; n.2841T>C; c.1701T>C; c.1833T>C; n.2641T>C; c.1686T>C; c.1554T>C; c.2613T>C; c.2481T>C; c.2466T>C; c.1293T>C; c.2334T>C,p.P431P; p.P562P; p.P871P; p.P778P; p.P822P; p.P899P; p.P428P; p.P567P; p.P611P; p.P850P; p.P827P; p.P849P; p.P518P,48.95,Benign,22.367
3,105422844,105422844,CBLB,c.252G>A; c.801G>A; n.1986G>A; n.1623G>A; c.1647G>A; c.1665G>A; n.1920G>A; n.1660G>A; n.2004G>A; n.1872G>A; c.1581G>A; n.1696G>A; c.1434G>A; c.393G>A,p.T527T; p.T549T; p.T478T; p.T555T; p.T267T; p.T84T; p.T131T,50.49,Benign,72.630
3,105438957,105438957,CBLB,c.1341A>C; c.1425A>C; n.1420A>C; c.12A>C; n.1680A>C; c.1407A>C; n.1383A>C; n.1456A>C; c.153A>C; c.561A>C; c.1194A>C; n.1764A>C; n.1632A>C,p.L447L; p.L469L; p.L4L; p.L51L; p.L475L; p.L187L; p.L398L,49.74,Benign,22.577
3,105439026,105439026,CBLB,c.1356C>T; n.1351C>T; c.84C>T; n.1695C>T; n.1563C>T; c.1338C>T; n.1611C>T; n.1314C>T; c.-58C>T; c.1272C>T; n.1387C>T; c.492C>T; c.1125C>T,p.D164D; p.D375D; p.D452D; p.D424D; p.D446D; p.D28D,49.58,Benign,22.469
3,128200142,128200142,GATA2,c.1445T>C; c.1121T>C; c.1163T>C,p.M482T; p.M388T; p.M374T,37.58,Likely Pathogenic,
3,128202754,128202754,GATA2,c.966C>T; c.1248C>T,p.Y416Y; p.Y322Y,1.07,Uncertain Significance,0.001
3,128204877,128204877,GATA2,c.564G>C; c.846G>C,p.T188T; p.T282T,40.17,Benign,4.144
3,128205860,128205860,GATA2,c.297C>G; c.15C>G,p.P99P; p.P5P,60.19,Benign,66.313
3,183211906,183211906,KLHL6,c.1311T>C,p.N437N,87.33,Benign,55.874
3,183212026,183212026,KLHL6,c.1191G>A,p.S397S,49.38,Benign,17.403
3,183226072,183226072,KLHL6,c.684C>T,p.Y228Y,33.40,Benign,4.959
3,183226114,183226114,KLHL6,c.642C>A,p.P214P,11.21,Benign,9.985
3,183226186,183226186,KLHL6,c.570G>A,p.K190K,38.40,Benign,3.477
3,183226213,183226213,KLHL6,c.543T>C,p.A181A,39.04,Benign,5.800
3,187447032,187447032,LOC100131635; BCL6,n.294-3127G>A; c.1161C>T,p.N387N,59.33,Benign,64.365
4,1803704,1803704,FGFR3,c.882T>C; n.1157T>C,p.N294N,39.98,Benign,16.389
4,1807894,1807894,FGFR3,c.1956G>A; n.2379G>A; c.1959G>A; c.1953G>A; c.1617G>A,p.T651T; p.T652T; p.T539T; p.T653T,99.78,Benign,98.654
4,55141055,55141055,PDGFRA; ENSG00000282278,c.1740A>G; c.1776A>G; c.1701A>G; c.1018-37A>G,p.P580P; p.P592P; p.P567P,99.41,Benign,98.760
4,55147769,55147769,PDGFRA; ENSG00000282278,c.2323+1120C>T; c.1603+1120C>T; c.2345C>T; c.2362+1120C>T; c.2398+1120C>T,p.T782M,39.85,Benign,7.445
4,55161391,55161391,PDGFRA; ENSG00000282278,c.2502T>C; c.3261T>C; c.3222T>C; c.3297T>C,p.D834D; p.D1099D; p.D1087D; p.D1074D,99.86,Benign,99.911
4,55946171,55946171,KDR,c.4008C>T,p.T1336T,9.69,Likely Benign,2.142
4,55972974,55972974,KDR,c.1416A>T,p.Q472H,9.79,Uncertain Significance,22.255
4,57352505,57352505,SRP72,n.1120G>A; c.918G>A; c.1101G>A,p.Q306Q; p.Q367Q,8.20,Uncertain Significance,0.000
4,57352521,57352522,SRP72,n.1136_1137delinsAT; c.934_935delinsAT; c.1117_1118delinsAT,p.A312I; p.A373I,1.20,Uncertain Significance,
4,57361553,57361553,SRP72,c.1671A>G; n.1804A>G; c.1488A>G,p.K496K; p.K557K,87.77,Benign,9.222
4,106196829,106196829,TET2; TET2-AS1,c.5225T>G; n.318+58714A>C; c.5162T>G,p.L1721W; p.L1742W,29.74,Benign,11.548
4,106196951,106196951,TET2; TET2-AS1,c.5284A>G; n.318+58592T>C; c.5347A>G,p.I1762V; p.I1783V,60.61,Benign,29.475
5,1294086,1294086,TERT,c.915G>A; n.994G>A,p.A305A,39.85,Benign,27.537
5,35861068,35861068,IL7R,c.197T>C; n.284T>C,p.I66T,54.33,Benign,62.570
5,35871190,35871190,IL7R,c.412G>A; n.499G>A,p.V138I,59.70,Benign,64.899
5,35874575,35874575,IL7R,n.625-1039C>T; c.731C>T; c.706+825C>T,p.T244I,9.24,Uncertain Significance,23.062
5,35876274,35876274,IL7R,c.*183A>G; c.1066A>G; n.890A>G,p.I356V,50.15,Benign,24.367
5,149433939,149433939,CSF1R,n.2673C>T; n.2602C>T; c.2265C>T; c.2709C>T,p.F755F; p.F903F,34.09,Likely Benign,0.827
5,149447806,149447808,CSF1R,n.1723_1725del; c.1596_1598del; n.1652_1654del; c.1152_1154del,p.L537del; p.L389del,1.08,Uncertain Significance,0.005
5,149450132,149450132,CSF1R,n.1212A>G; c.1085A>G; c.892A>G; n.1141A>G; c.641A>G,p.H214R; p.H362R; p.T298A,10.40,Benign,9.706
5,149457678,149457678,CSF1R,n.853C>T; c.282C>T; c.726C>T; n.782C>T,p.T242T; p.T94T,99.63,Benign,50.924
5,149459831,149459831,CSF1R,n.432C>T; c.-69C>T; c.376C>T; n.503C>T,p.P126S,1.18,Uncertain Significance,
5,149460553,149460553,CSF1R,c.-361T>C; c.84T>C; n.211T>C; n.140T>C,p.P28P,60.83,Benign,48.014
5,176636882,176636882,NSD1,c.1062C>T; c.1173C>T; c.729C>T; c.1482C>T; c.609C>T,p.C203C; p.C354C; p.C243C; p.C494C; p.C391C,77.90,Benign,30.155
5,176637149,176637149,NSD1,c.1749G>A; c.996G>A; c.1440G>A; c.1329G>A; c.876G>A,p.E583E; p.E443E; p.E332E; p.E292E; p.E480E,77.46,Benign,17.605
5,176637240,176637240,NSD1,c.1420G>T; c.1087G>T; c.967G>T; c.1531G>T; c.1840G>T,p.V511L; p.V614L; p.V363L; p.V323L; p.V474L,79.63,Benign,17.549
5,176637576,176637576,NSD1,c.1867T>C; c.1303T>C; c.2176T>C; c.1423T>C; c.1756T>C,p.S435P; p.S623P; p.S726P; p.S475P; p.S586P,72.85,Benign,19.986
5,176721198,176721198,NSD1,c.5956T>C; c.1471T>C; c.6067T>C; c.6829T>C; c.6076T>C; c.5707T>C; c.6520T>C; c.6409T>C,p.L1986L; p.L2174L; p.L1903L; p.L491L; p.L2137L; p.L2277L; p.L2026L; p.L2023L,19.16,Benign,82.274
5,176721272,176721272,NSD1,c.6030G>C; c.6903G>C; c.6141G>C; c.6594G>C; c.6483G>C; c.6150G>C; c.5781G>C; c.1545G>C,p.G2010G; p.G2198G; p.G2050G; p.G2161G; p.G1927G; p.G515G; p.G2047G; p.G2301G,9.49,Benign,18.678
5,176940384,176940384,DDX41,c.822C>T; c.1200C>T,p.R274R; p.R400R,47.64,Benign,41.586
6,18139214,18139214,TPMT,c.474C>T; c.474C>T *,p.I158I,99.59,Benign,76.396
6,33288271,33288271,DAXX,c.1173T>C; c.912T>C; c.1137T>C,p.Y379Y; p.Y304Y; p.Y391Y,79.64,Benign,29.226
7,2946461,2946461,CARD11,c.3276A>G,p.R1092R,48.30,Benign,51.281
7,2969680,2969680,CARD11,c.1599C>T,p.D533D,49.17,Benign,18.940
7,2976767,2976767,CARD11,c.1245C>T,p.D415D,44.12,Benign,16.318
7,6026775,6026775,PMS2,c.1513A>G; c.1645A>G; c.850A>G; c.1423A>G; c.1465A>G; c.1048A>G; c.1453A>G; c.1147A>G; c.804-4153A>G; c.1303A>G; c.1618A>G; c.1255A>G; c.1108A>G; c.1312A>G; n.1708A>G; c.1807A>G; c.1285A>G; c.1621A>G; c.803+10182A>G; c.1216A>G; c.1297A>G; c.1060A>G; c.688A>G; c.1156A>G,p.K429E; p.K603E; p.K433E; p.K489E; p.K541E; p.K230E; p.K383E; p.K505E; p.K549E; p.K386E; p.K354E; p.K475E; p.K540E; p.K350E; p.K370E; p.K419E; p.K435E; p.K284E; p.K406E; p.K438E; p.K485E,97.00,Benign,84.429
7,6026942,6026942,PMS2,c.1286C>A; c.1049C>A; c.804-4320C>A; c.989C>A; c.1130C>A; c.893C>A; c.683C>A; c.1256C>A; c.1478C>A; c.1640C>A; c.1298C>A; c.980C>A; c.1454C>A; c.521C>A; c.881C>A; c.941C>A; n.1541C>A; c.1136C>A; c.1451C>A; c.803+10015C>A; c.1088C>A; c.1145C>A; c.1346C>A; c.1118C>A,p.T298K; p.T484K; p.T363K; p.T294K; p.T327K; p.T379K; p.T330K; p.T350K; p.T382K; p.T419K; p.T314K; p.T373K; p.T547K; p.T228K; p.T377K; p.T485K; p.T493K; p.T429K; p.T449K; p.T174K; p.T433K,80.49,Benign,7.760
7,6026988,6026988,PMS2,c.835C>T; c.1594C>T; c.1084C>T; c.1042C>T; c.1003C>T; c.1405C>T; c.1240C>T; n.1495C>T; c.1300C>T; c.934C>T; c.1090C>T; c.475C>T; c.1252C>T; c.803+9969C>T; c.1099C>T; c.895C>T; c.847C>T; c.1072C>T; c.1210C>T; c.943C>T; c.804-4366C>T; c.637C>T; c.1432C>T; c.1408C>T,p.P470S; p.P159S; p.P434S; p.P478S; p.P418S; p.P414S; p.P299S; p.P279S; p.P312S; p.P364S; p.P283S; p.P469S; p.P348S; p.P335S; p.P367S; p.P404S; p.P315S; p.P213S; p.P532S; p.P362S; p.P358S,9.79,Benign,38.600
7,6027002,6027002,PMS2,c.1238A>G; c.1070A>G; c.821A>G; c.920A>G; c.1058A>G; c.989A>G; c.1394A>G; c.623A>G; c.1580A>G; n.1481A>G; c.1196A>G; c.1028A>G; c.804-4380A>G; c.1076A>G; c.881A>G; c.803+9955A>G; c.1226A>G; c.461A>G; c.929A>G; c.1418A>G; c.833A>G; c.1085A>G; c.1391A>G; c.1286A>G,p.K274R; p.K294R; p.K307R; p.K359R; p.K343R; p.K278R; p.K399R; p.K464R; p.K362R; p.K310R; p.K330R; p.K208R; p.K527R; p.K357R; p.K353R; p.K409R; p.K429R; p.K413R; p.K473R; p.K465R; p.K154R,1.11,Likely Benign,0.002
7,6036980,6036980,PMS2,c.780C>G; c.966C>G; c.-154C>G; c.471C>G; c.444C>G; c.672C>G; c.267C>G; c.804C>G; c.705+1759C>G; c.132+5104C>G; c.375C>G; c.207C>G; c.612C>G; c.777C>G; n.867C>G; c.537+5104C>G; c.462C>G,p.S157S; p.S125S; p.S89S; p.S148S; p.S69S; p.S322S; p.S204S; p.S224S; p.S268S; p.S260S; p.S259S; p.S154S,99.68,Benign,80.387
7,6043386,6043386,PMS2,c.-197C>T; c.-293C>T; c.288C>T; c.-52-1119C>T; n.375C>T; c.250+217C>T; c.-132+217C>T; c.35+217C>T; c.-144C>T; c.-65C>T; c.-597C>T; c.474C>T; c.-108C>T; c.-53+217C>T; c.-118C>T; c.312C>T,p.A96A; p.A104A; p.A158A,78.40,Benign,7.716
7,6043613,6043613,PMS2,c.-113C>T; c.-245C>T; c.25C>T; c.-63C>T; c.-142C>T; n.327C>T; c.-645C>T; c.-341C>T; c.426C>T; c.-192C>T; c.-52-1346C>T; c.-156C>T; c.240C>T; c.-166C>T,p.F80F; p.F142F; p.R9*,9.10,Likely Benign,0.007
7,6043676,6043676,PMS2,c.-229G>A; c.-126G>A; c.363G>A; c.-219G>A; c.-255G>A; c.-39G>A; c.-404G>A; c.-708G>A; n.264G>A; c.-205G>A; c.-52-1409G>A; c.177G>A; c.-308G>A; c.-176G>A,p.K59K; p.K121K,4.49,Uncertain Significance,
7,6045597,6045597,Y_RNA; PMS2,c.-343A>C; n.-1581A>C; n.176A>C; c.-293A>C; c.-214A>C; c.-396A>C; c.-307A>C; c.275A>C; c.-52-1908A>C; c.-317A>C; c.-189-1908A>C; c.-218-1908A>C; c.-492A>C; c.-796A>C; c.89A>C; c.-321-1908A>C; c.-127A>C; c.-242-1908A>C; c.-264A>C,p.Q92P; p.Q30P,0.59,Pathogenic,0.000
7,50467767,50467767,IKZF1,c.573C>A; c.543C>A; c.801C>A; c.417C>A; c.711C>A; c.585C>A; c.615C>A; c.1062C>A; c.876C>A; c.1002C>A; c.312C>A; c.741C>A; c.447C>A; c.480C>A,p.P292P; p.P160P; p.P195P; p.P354P; p.P191P; p.P181P; p.P334P; p.P267P; p.P247P; p.P104P; p.P237P; p.P149P; p.P139P; p.P205P,8.15,Benign,17.935
7,55214348,55214348,EGFR,c.424+3167C>T; c.315C>T; c.89-9175C>T; c.474C>T,p.N158N; p.N105N,57.84,Benign,51.021
7,55229255,55229255,EGFR,c.1562G>A; c.1427G>A; c.761G>A; c.1403G>A,p.R476K; p.R254K; p.R468K; p.R521K,37.81,Uncertain Significance,28.542
7,55238874,55238874,EGFR,c.1752T>A; c.1086T>A; c.1887T>A; c.1728T>A,p.T584T; p.T362T; p.T629T; p.T576T,40.36,Benign,37.141
7,55266417,55266417,EGFR,c.2574T>C; c.2709T>C; c.1908T>C; c.2550T>C,p.T636T; p.T903T; p.T858T; p.T850T,66.85,Benign,89.426
7,55268916,55268916,EGFR,c.2982C>T; c.2181C>T; c.2823C>T; c.2847C>T,p.D949D; p.D941D; p.D727D; p.D994D,39.12,Benign,13.342
7,92732725,92732725,SAMD9,c.2686T>C,p.Y896H,8.49,Uncertain Significance,0.050
7,92734451,92734451,SAMD9,c.960T>C,p.Y320Y,49.85,Benign,37.879
7,92761875,92761875,SAMD9L,c.3410G>C,p.G1137A,9.50,Benign,2.446
7,92762681,92762681,SAMD9L,c.2604T>C,p.A868A,49.11,Benign,17.871
7,92764982,92764982,SAMD9L,c.303G>A,p.Q101Q,38.57,Benign,22.980
7,101837149,101837149,CUX1,c.1131G>A; c.1104G>A; c.1089G>A; c.999G>A; c.1020G>A; c.1137G>A,p.P363P; p.P340P; p.P379P; p.P368P; p.P333P; p.P377P,19.96,Benign,34.758
7,101844851,101844851,CUX1,c.1207+5968A>G; c.1117+5968A>G; c.1255+5968A>G; c.1833A>G; c.1138+5968A>G; c.2139A>G; c.2274A>G; c.1249+5968A>G; c.2307A>G,p.P713P; p.P758P; p.P769P; p.P611P,8.99,Benign,35.327
7,101892121,101892121,CUX1,c.3876G>A; c.1250-24516G>A; c.1256-24516G>A; c.1118-24516G>A; c.4182G>A; c.1139-24516G>A; c.1208-24516G>A; c.4350G>A; c.4317G>A,p.P1450P; p.P1394P; p.P1292P; p.P1439P,50.41,Benign,48.426
7,101916647,101916647,CUX1,c.1149G>A *; c.1128G>A *; c.1260A>G; c.1260G>A *; c.1149A>G; c.1218A>G; c.1266G>A *; c.1218G>A *; c.1266A>G; c.1128A>G,p.A383A; p.A422A; p.A376A; p.A420A; p.A406A,90.09,Benign,72.926
7,101917521,101917521,CUX1,c.1252G>A; c.1384G>A; c.1342G>A; c.1390G>A; c.1273G>A,p.A464T; p.A462T; p.A425T; p.A418T; p.A448T,47.90,Benign,56.358
7,103113287,103113287,RELN; SLC26A5-AS1,n.1365+26172C>T; c.10349G>A; c.10355G>A,p.R3450K; p.R3452K,8.75,Uncertain Significance,0.004
7,103205893,103205893,RELN,c.5042G>A,p.S1681N,0.74,Uncertain Significance,0.002
7,103389954,103389954,RELN,c.578-3T>C,,8.96,Benign,49.219
7,103629803,103629804,RELN,c.-6_-1dup,,83.77,Benign,26.337
7,116397572,116397572,MET,c.1944A>G; c.654A>G,p.Q648Q; p.Q218Q,79.11,Benign,18.140
7,116435768,116435768,MET,c.3858C>T; c.2568C>T; c.3912C>T,p.D856D; p.D1286D; p.D1304D,8.51,Benign,42.252
7,116436022,116436022,MET,c.4071G>A; c.4017G>A; c.2727G>A,p.A1339A; p.A1357A; p.A909A,8.28,Benign,42.426
7,116436097,116436097,MET,c.4146G>A; c.4092G>A; c.2802G>A,p.P1382P; p.P934P; p.P1364P,8.04,Benign,42.451
7,140426257,140426257,BRAF,c.*37T>C; c.2187T>C; c.2128-10421T>C,p.S729S,9.46,Benign,37.551
7,140449150,140449150,BRAF,c.1773A>G; c.1863A>G; c.2049A>G; c.1938A>G; c.1818A>G; c.1827A>G; c.1665A>G; c.1929A>G,p.G643G; p.G621G; p.G555G; p.G646G; p.G683G; p.G591G; p.G609G; p.G606G,40.35,Benign,21.181
7,140449164,140449164,BRAF,c.1849G>A; c.1651G>A; c.2035G>A; c.1759G>A; c.1915G>A; c.1804G>A; c.1813G>A; c.1924G>A,p.V587I; p.V642I; p.V679I; p.V602I; p.V605I; p.V639I; p.V617I; p.V551I,2.46,Likely Pathogenic,
7,148543694,148543694,EZH2,c.118-4del,,60.37,Benign,70.685
7,151859683,151859683,KMT2C,c.10754C>T; c.10979C>T,p.S3585L; p.S3660L,35.52,Benign,4.664
7,151860023,151860023,KMT2C,c.10639T>C; c.10414T>C,p.S3472P; p.S3547P,36.90,Likely Benign,0.232
7,151874148,151874148,KMT2C,c.8165del; c.8390del,p.K2722Rfs*26; p.K2797Rfs*26,4.54,Pathogenic,0.195
7,151882657,151882657,KMT2C,c.4843A>C; c.5068A>C,p.R1690R; p.R1615R,0.63,Benign,2.761
7,151902216,151902216,KMT2C,c.3936C>T; c.3816C>T,p.S1272S; p.S1312S,0.97,Uncertain Significance,0.002
7,151921099,151921099,KMT2C,c.3203+1G>A; c.3323+1G>A,,0.83,Likely Pathogenic,
7,151921255,151921255,KMT2C,c.3168G>A; c.3048G>A,p.W1056*; p.W1016*,12.64,Likely Pathogenic,
7,151921586,151921586,KMT2C,c.3092G>T; c.2972G>T,p.S991I; p.S1031I,1.90,Uncertain Significance,
7,151927021,151927021,KMT2C,c.2963G>T; c.2843G>T,p.C988F; p.C948F,32.01,Benign,22.612
7,151927023,151927023,KMT2C,c.2961C>G; c.2841C>G,p.Y947*; p.Y987*,21.61,Likely Pathogenic,
7,151927025,151927025,KMT2C,c.2959T>C; c.2839T>C,p.Y987H; p.Y947H,18.09,Benign,38.544
7,151927067,151927067,KMT2C,c.2797A>G; c.2917A>G,p.R973G; p.R933G,22.25,Likely Pathogenic,
7,151932908,151932908,KMT2C,c.2643A>G; c.2763A>G,p.L921L; p.L881L,6.93,Benign,42.499
7,151932923,151932923,KMT2C,c.2628C>T; c.2748C>T,p.I876I; p.I916I,1.18,Uncertain Significance,0.338
7,151932965,151932965,KMT2C,c.2706G>A; c.2586G>A,p.S902S; p.S862S,1.21,Benign,17.096
7,151935788,151935788,KMT2C,c.2652+4A>C; c.2533-2770A>C,,5.03,Uncertain Significance,
7,151935798,151935799,KMT2C,c.2645_2646delinsCA; c.2533-2781_2533-2780delinsCA,p.I882T,31.12,Uncertain Significance,
7,151935866,151935866,KMT2C,c.2533-2848C>T; c.2578C>T,p.P860S,25.66,Likely Pathogenic,
7,151935871,151935871,KMT2C,c.2533-2853G>T; c.2573G>T,p.W858L,28.15,Likely Pathogenic,
7,151935888,151935888,KMT2C,c.2556A>T; c.2533-2870A>T,p.T852T,1.17,Uncertain Significance,
7,151945007,151945007,KMT2C,c.2515G>A; c.2512G>A,p.G838S; p.G839S,47.06,Benign,49.408
7,151945071,151945072,KMT2C,c.2447dup; c.2450dup,p.Y816*; p.Y817*,23.75,Benign,48.670
7,151945140,151945140,KMT2C,c.2379G>A; c.2382G>A,p.S794S; p.S793S,12.42,Benign,43.539
7,151945167,151945167,KMT2C,c.2352C>A; c.2355C>A,p.S785S; p.S784S,29.55,Benign,47.695
7,151945215,151945215,KMT2C,c.2304A>G; c.2307A>G,p.S769S; p.S768S,10.13,Likely Benign,3.158
7,151945225,151945225,KMT2C,c.2297A>G; c.2294A>G,p.E766G; p.E765G,11.16,Uncertain Significance,0.474
7,151945256,151945256,KMT2C,c.2263C>T; c.2266C>T,p.Q756*; p.Q755*,4.46,Likely Pathogenic,0.563
7,151945313,151945313,KMT2C,c.2209T>C; c.2206T>C,p.L736L; p.L737L,2.31,Likely Benign,0.147
7,151945706,151945706,KMT2C,c.1814-1G>A; c.1817-1G>A,,0.77,Likely Pathogenic,
7,151945708,151945708,KMT2C,c.1814-3T>C; c.1817-3T>C,,0.73,Uncertain Significance,
7,151962257,151962257,KMT2C,c.1053G>A; c.1050G>A,p.P351P; p.P350P,7.07,Uncertain Significance,0.100
7,151962265,151962265,KMT2C,c.1042G>A; c.1045G>A,p.D348N; p.D349N,6.91,Uncertain Significance,0.033
7,151962269,151962269,KMT2C,c.1041G>A; c.1038G>A,p.V347V; p.V346V,2.96,Uncertain Significance,0.012
7,151962290,151962290,KMT2C,c.1020G>C; c.1017G>C,p.K339N; p.K340N,6.76,Uncertain Significance,0.008
7,151962294,151962294,KMT2C,c.1016C>T; c.1013C>T,p.S339L; p.S338L,1.58,Uncertain Significance,0.002
7,151962296,151962296,KMT2C,c.1016-2A>G; c.1013-2A>G,,1.80,Pathogenic,0.001
7,151970797,151970797,KMT2C,c.1008T>A; c.1005T>A,p.P336P; p.P335P,5.58,Uncertain Significance,0.244
7,151970856,151970856,KMT2C,c.946A>T; c.949A>T,p.T317S; p.T316S,75.35,Benign,50.094
7,151970859,151970859,KMT2C,c.946G>T; c.943G>T,p.G315C; p.G316C,3.54,Uncertain Significance,0.010
7,151970859,151970859,KMT2C,c.943G>A; c.946G>A,p.G315S; p.G316S,9.05,Likely Benign,0.425
7,151970877,151970877,KMT2C,c.925C>T; c.928C>T,p.P309S; p.P310S,5.19,Uncertain Significance,0.519
7,151970951,151970951,KMT2C,c.854G>A; c.851G>A,p.R284Q; p.R285Q,7.98,Likely Benign,0.327
8,30915971,30915971,WRN,c.15del,p.K5Nfs*15,0.69,Likely Pathogenic,0.003
8,30924557,30924557,WRN,c.513C>T,p.C171C,99.95,Benign,70.808
8,30973957,30973957,WRN,c.2361G>T,p.L787L,90.00,Benign,45.121
8,30999280,30999280,WRN,c.3222G>T,p.L1074F,88.96,Benign,45.358
8,31024654,31024654,WRN,c.4099T>C,p.C1367R,9.49,Benign,23.683
8,41794934,41794934,KAT6A,c.3192G>A,p.T1064T,39.24,Benign,20.756
8,90958422,90958422,NBN,c.1704A>G; c.2016A>G; c.1770A>G; c.1846-2828A>G; c.1947A>G,p.P568P; p.P672P; p.P649P; p.P590P,34.71,Benign,34.291
8,90967711,90967711,NBN,c.951T>C; c.1197T>C; c.885T>C,p.D295D; p.D399D; p.D317D,49.30,Benign,47.032
8,90990479,90990479,NBN,c.553G>C; c.307G>C,p.E185Q; p.E103Q,50.29,Benign,34.336
8,90995019,90995019,NBN,c.-195G>A; c.-75-1268G>A; c.102G>A,p.L34L,48.79,Benign,35.143
8,117864217,117864217,RAD21,c.1440T>C,p.A480A,10.71,Benign,17.309
9,5050706,5050706,JAK2,c.489C>T; n.890C>T; c.-632C>T; n.973C>T; c.42C>T,p.H163H; p.H14H,34.93,Benign,32.549
9,5081780,5081780,JAK2,c.2043G>A; c.1275G>A; n.2891G>A; c.2490G>A; n.2974G>A,p.L681L; p.L425L; p.L830L,48.69,Benign,53.602
9,36840623,36840623,PAX5,c.1008C>T; c.921C>T; c.810C>T; c.878C>T; c.1110C>T; c.894C>T; c.597C>T; c.981C>T; c.1023C>T; c.786C>T; n.1274C>T; c.791C>T; n.1217C>T,p.T293I; p.Y336Y; p.Y327Y; p.Y307Y; p.Y262Y; p.Y341Y; p.Y199Y; p.Y298Y; p.Y370Y; p.T264I; p.Y270Y,89.51,Benign,86.447
9,36846910,36846910,PAX5,c.884-6277G>A; c.927G>A; c.587-6277G>A; c.797G>A; c.911-6277G>A; c.900G>A; c.705G>A; n.1136G>A; c.1013-6277G>A; n.1193G>A; c.781-6277G>A; c.1029G>A; c.729G>A,p.G235G; p.G266E; p.G300G; p.G343G; p.G243G; p.G309G,10.41,Likely Benign,2.379
9,86586806,86586808,HNRNPK,c.942_944del; c.870_872del,p.P315del; p.P291del,0.81,Uncertain Significance,0.003
9,86586877,86586877,HNRNPK,c.873C>T; c.801C>T,p.P291P; p.P267P,0.95,Uncertain Significance,
9,86586890,86586890,HNRNPK,c.788G>A; c.860G>A,p.R263Q; p.R287Q,1.50,Uncertain Significance,0.000
9,86586893,86586893,HNRNPK,c.785G>A; c.857G>A,p.R262H; p.R286H,6.96,Uncertain Significance,
9,86586904,86586912,HNRNPK,c.766_774del; c.838_846del,p.Y256_D258del; p.Y280_D282del,7.69,Uncertain Significance,
9,98011497,98011497,FANCC,c.77C>T,p.S26F,40.53,Likely Benign,0.489
9,133759378,133759378,ABL1,c.1701C>T; c.1758C>T,p.A586A; p.A567A,10.11,Likely Benign,0.197
9,133761001,133761001,ABL1,c.3381A>G; c.3324A>G,p.P1108P; p.P1127P,37.01,Benign,55.454
9,139391636,139391636,NOTCH1,c.4152C>T; c.6555C>T; c.6441C>T; c.6435C>T,p.D2185D; p.D2145D; p.D1384D; p.D2147D,88.82,Benign,61.822
9,139397707,139397707,NOTCH1,c.4980C>T; c.4974C>T; c.5094C>T; c.2691C>T,p.D1660D; p.D1658D; p.D897D; p.D1698D,78.78,Benign,44.879
9,139405261,139405261,NOTCH1,c.2474-4G>A; c.2588-4G>A; c.185-4G>A,,39.91,Benign,47.788
9,139407932,139407932,NOTCH1,c.-724T>C; c.2265T>C; c.2151T>C,p.N755N; p.N717N,39.64,Benign,40.508
9,139413908,139413908,NOTCH1,c.852G>A,p.P284P,9.44,Benign,13.351
9,139418260,139418260,NOTCH1,c.312T>C,p.N104N,40.09,Benign,59.336
10,27303605,27303605,ANKRD26,c.4539T>A; c.4542T>A,p.F1514L; p.F1513L,23.05,Benign,21.930
10,27317778,27317778,ANKRD26,c.3969+3A>G; c.3972+3A>G,,9.99,Benign,11.082
10,27317840,27317840,ANKRD26,c.3910G>A; c.3913G>A,p.V1304I; p.V1305I,50.08,Benign,21.844
10,27324405,27324405,ANKRD26,c.2971C>T; c.2974C>T,p.L992L; p.L991L,41.92,Benign,1.310
10,27353007,27353007,ANKRD26,c.1273A>G,p.I425V,38.81,Benign,3.698
10,27369086,27369086,ANKRD26,c.741-996del,,1.35,Uncertain Significance,0.024
10,27381349,27381349,ANKRD26,c.624A>G,p.V208V,50.34,Benign,24.163
10,27389197,27389197,ANKRD26,c.59A>G,p.Q20R,99.41,Benign,89.948
10,27389314,27389314,ANKRD26,c.-59G>A,,9.60,Benign,7.705
10,72358577,72358577,PRF1; PALD1,c.900C>T; c.2419-67G>A; c.2250+34302G>A; c.2263-67G>A,p.H300H,10.00,Benign,64.107
10,72358655,72358655,PRF1; PALD1,c.2250+34380G>A; c.2274G>A; c.822C>T; c.2430G>A,p.A274A; p.S758S; p.S810S,9.87,Benign,16.397
10,72360387,72360387,PRF1; PALD1,c.272C>T; c.2250+36112G>A; c.*17+1547G>A,p.A91V,37.31,Likely Benign,2.916
10,89692921,89692921,PTEN,c.360A>T; c.405A>T; c.-346A>T; c.924A>T,p.I120I; p.I308I; p.I135I,1.99,Uncertain Significance,
10,89692923,89692923,PTEN,c.926G>A; c.-344G>A; c.362G>A; c.407G>A,p.C136Y; p.C309Y; p.C121Y,1.78,Pathogenic,
10,89720791,89720791,PTEN,c.1035A>G; c.897A>G; c.351A>G; c.1461A>G; c.942A>G,p.E117E; p.E314E; p.E487E; p.E345E; p.E299E,0.53,Uncertain Significance,
10,90771829,90771829,FAS,n.411T>C; n.612T>C; n.951T>C; n.538+1257T>C; n.474T>C; c.568+1257T>C; n.808T>C; c.687T>C; n.549T>C; n.561T>C; c.579T>C; c.642T>C,p.T193T; p.T229T; p.T214T,80.10,Benign,76.186
10,112361870,112361870,SMC3,c.3039A>G,p.S1013S,99.77,Benign,99.598
10,123239112,123239112,FGFR2,c.2107C>T; c.*259C>T; n.3161C>T; c.*453C>T,p.L703L,9.12,Benign,53.214
10,123298158,123298158,FGFR2,n.984A>G; c.429A>G; c.696A>G; c.351A>G,p.V232V; p.V143V; p.V117V,50.21,Benign,78.012
11,534242,534242,HRAS,c.81T>C; c.-239T>C,p.H27H,20.85,Benign,31.879
11,32417945,32417945,WT1,c.360A>G; c.1071A>G; n.1403A>G; c.420A>G; n.1454A>G; c.999A>G; c.471A>G; c.1122A>G; c.948A>G; c.-67A>G; c.447A>G; c.1116A>G,p.R157R; p.R374R; p.R149R; p.R120R; p.R357R; p.R333R; p.R140R; p.R372R; p.R316R,41.17,Benign,23.571
11,32456562,32456562,WT1-AS; WT1,c.345C>T; n.-502G>A; n.524C>T; c.-1044C>T; c.-1353C>T; n.-1023G>A,p.P115P,41.78,Benign,24.419
11,72945341,72945341,P2RY2,c.137C>T,p.P46L,98.84,Benign,92.488
11,72946020,72946020,P2RY2,c.816C>T,p.R272R,97.63,Benign,56.602
11,72946140,72946140,P2RY2,c.936G>C,p.R312S,99.18,Benign,27.787
11,85968623,85968623,EED,c.619C>T; c.514C>T; c.799C>T,p.L172L; p.L267L; p.L207L,59.25,Benign,36.301
11,102196019,102196019,BIRC3,c.779A>G,p.K260R,38.00,Benign,2.152
11,108043988,108043988,NPAT,c.1723G>A,p.V575I,80.24,Benign,60.114
11,108183167,108183167,C11orf65; ATM,c.5948A>G; c.641-3369T>C; c.*39-3369T>C; c.5948A>G *,p.N1983S; p.S1983S,99.94,Benign,100.000
11,108186750,108186750,C11orf65; ATM,c.641-6952A>G; c.6108T>C; c.*39-6952A>G,p.Y2036Y,25.94,Likely Benign,0.028
11,118307316,118307316,KMT2A; ENSG00000285827,c.89C>G; c.214-11024C>G; c.-798-32174C>G,p.A30G,37.20,Likely Benign,1.768
12,22814036,22814036,ETNK1,c.864A>G; c.597A>G,p.E288E; p.E199E,40.31,Benign,19.313
12,25368462,25368462,KRAS,c.451-5617G>A; c.253-5617G>A; c.376-5617G>A; c.483G>A *; c.483G>A,p.R161R,99.75,Benign,99.949
12,111884608,111884608,SH2B3,c.178T>C; c.784T>C,p.W60R; p.W262R,99.78,Benign,66.803
13,19748181,19748181,TUBA3C,c.1175A>T,p.D392V,2.04,Uncertain Significance,
13,19748189,19748189,TUBA3C,c.1167T>C,p.A389A,0.63,Uncertain Significance,
13,19751274,19751274,TUBA3C,c.849C>T,p.H283H,14.65,Uncertain Significance,0.007
13,19751289,19751289,TUBA3C,c.834C>T,p.A278A,2.24,Uncertain Significance,0.009
13,19751292,19751292,TUBA3C,c.831A>G,p.S277S,9.08,Uncertain Significance,0.005
13,19751301,19751301,TUBA3C,c.822G>A,p.P274P,8.87,Uncertain Significance,0.038
13,19751466,19751466,TUBA3C,c.657C>T,p.I219I,1.22,Uncertain Significance,0.002
13,19751586,19751586,TUBA3C,c.537G>A,p.T179T,4.13,Uncertain Significance,0.002
13,19753629,19753629,TUBA3C,c.78G>T,p.L26L,1.73,Uncertain Significance,
13,28610183,28610183,FLT3,n.1376-3T>C; c.1310-3T>C,,89.86,Uncertain Significance,70.039
13,28624294,28624294,FLT3,n.746C>T; c.680C>T,p.T227M,89.90,Benign,59.806
13,28636084,28636084,FLT3,n.354C>T; c.288C>T,p.D96D,99.61,Benign,98.285
13,32911888,32911888,BRCA2,c.3027A>G; c.1909+4364A>G; n.3595A>G; c.424+6721A>G; c.3396A>G,p.K1132K; p.K1009K,48.20,Benign,29.496
13,32913055,32913055,BRCA2,c.4563A>G; n.4762A>G; c.425-5640A>G; c.4194A>G; c.1909+5531A>G,p.L1398L; p.L1521L,77.41,Benign,99.275
13,32914236,32914236,BRCA2,c.1910-4459C>T; n.5943C>T; c.5744C>T; c.5375C>T; c.425-4459C>T,p.T1915M; p.T1792M,8.26,Benign,1.790
13,32914592,32914592,BRCA2,n.6299C>T; c.6100C>T; c.5731C>T; c.425-4103C>T; c.1910-4103C>T,p.R1911C; p.R2034C,36.28,Benign,0.308
13,32915005,32915005,BRCA2,c.425-3690G>C; c.1910-3690G>C; c.6144G>C; c.6513G>C; n.6712G>C,p.V2048V; p.V2171V,95.71,Benign,99.253
13,32929232,32929232,BRCA2,c.7146A>G; n.7441A>G; c.825A>G; c.2310A>G; c.7242A>G; c.6873A>G,p.S2291S; p.S275S; p.S2414S; p.S770S; p.S2382S,48.57,Benign,22.575
13,32929387,32929387,BRCA2,c.980T>C; c.7301T>C; c.7028T>C; c.7397T>C; n.7596T>C; c.2465T>C,p.V2434A; p.V2343A; p.V2466A; p.V327A; p.V822A,99.63,Benign,99.343
14,86088056,86088056,FLRT2,c.198T>C,p.T66T,98.27,Benign,99.769
14,86089747,86089747,FLRT2,c.1889C>T,p.P630L,39.36,Uncertain Significance,0.002
15,66679684,66679684,TIPIN; MAP2K1,c.-705T>C; c.-2A>G; c.-932T>C; c.-748T>C; c.-975T>C,,40.62,Benign,1.557
15,66727454,66727456,MAP2K1,c.170_172delinsGAT; c.104_106delinsGAT,p.K35_Q36delinsR*; p.K57_Q58delinsR*,3.43,Uncertain Significance,
15,74328116,74328116,PML,c.*1119A>G; c.*2167A>G; c.*35+1245A>G; c.*639A>G; c.2314A>G; c.1710+1245A>G; c.1566+1245A>G; c.1255-232A>G; c.2170A>G,p.S772G; p.S724G,98.43,Benign,52.387
15,74328141,74328141,PML,c.1710+1270G>T; c.*664G>T; c.*35+1270G>T; c.2195G>T; c.1566+1270G>T; c.1255-207G>T; c.*2192G>T; c.*1144G>T; c.2339G>T,p.G732V; p.G780V,78.70,Benign,36.446
15,74328206,74328206,PML,c.2260G>C; c.*1209G>C; c.1710+1335G>C; c.1566+1335G>C; c.*35+1335G>C; c.*729G>C; c.2404G>C; c.1255-142G>C; c.*2257G>C,p.A802P; p.A754P,8.43,Benign,12.085
15,74336656,74336656,PML,c.1812C>T; c.1956C>T,p.A604A; p.A652A,9.03,Benign,2.420
15,82558034,82558034,SAXO2,c.178G>C; c.-20G>C; c.28+2505G>C; c.53+2761G>C; c.37G>C,p.A60P; p.A13P,33.92,Benign,61.085
15,82563991,82563991,SAXO2,c.28+8462C>T; c.56C>T; c.140C>T; c.281C>T; c.233+5902C>T; c.101C>T,p.P94L; p.P47L; p.P34L; p.P19L,40.66,Benign,43.935
15,82574610,82574610,SAXO2,c.404C>T; c.584C>T; c.359C>T; c.443C>T; c.179C>T; c.*141C>T,p.S148F; p.S135F; p.S60F; p.S120F; p.S195F,0.86,Uncertain Significance,0.001
15,82574879,82574879,SAXO2,c.712T>C; c.448T>C; c.673T>C; c.853T>C; c.628T>C; c.*410T>C,p.W210R; p.W150R; p.W285R; p.W225R; p.W238R,35.25,Benign,24.845
15,88576185,88576185,NTRK3,c.1464C>G; c.1194C>G; c.1170C>G; c.1488C>G,p.A488A; p.A398A; p.A496A; p.A390A,49.18,Benign,34.875
15,88679785,88679785,NTRK3,c.384C>T; c.678C>T *; c.678C>T,p.N226N; p.N128N,99.78,Benign,99.673
15,88680684,88680684,NTRK3,c.573C>T; c.279C>T,p.N191N; p.N93N,43.19,Benign,26.061
15,90631918,90631918,IDH2,c.45del; c.279del; c.435del,p.T94Lfs*15; p.T146Lfs*15; p.T16Lfs*15,0.52,Uncertain Significance,0.000
15,91337479,91337479,BLM,c.1977G>A; c.3102G>A,p.T659T; p.T1034T,41.12,Benign,15.995
15,91346923,91346923,BLM,c.3358+5356C>A; c.3531C>A; c.2406C>A,p.A1177A; p.A802A,40.40,Benign,15.345
15,91354505,91354505,BLM,c.3552C>T; c.2820C>T; c.3945C>T,p.L1315L; p.L940L; p.L1184L,40.36,Benign,15.353
16,89805261,89805261,ZNF276; FANCA,c.4260+29T>C; c.4164T>C; n.2607A>G; c.4293T>C; n.2490A>G; c.*607A>G; n.2524A>G; c.4264+29T>C; n.2430A>G,p.H1388H; p.H1431H,77.49,Benign,70.470
16,89806347,89806347,ZNF276; FANCA,c.3934+55T>A; n.3693A>T; n.3516A>T; n.3576A>T; c.3805+55T>A; c.*1693A>T; n.3610A>T,,37.46,Benign,52.514
16,89836323,89836323,FANCA,c.2426G>A,p.G809D,40.14,Benign,47.268
16,89849480,89849480,FANCA,c.1501G>A,p.G501S,50.58,Benign,50.407
16,89866043,89866043,FANCA,c.700A>G; c.796A>G,p.T234A; p.T266A,39.80,Benign,52.203
16,89883007,89883007,FANCA,c.17T>A,p.V6D,39.99,Benign,7.458
17,260142,260142,C17orf97; LOC105371430; LIAT1,c.9G>T; n.330+2778C>A,p.T3T,9.76,Benign,31.608
17,260182,260182,C17orf97; LOC105371430; LIAT1,n.330+2738A>G; c.49T>C,p.L17L,8.60,Benign,30.542
17,260299,260299,C17orf97; LOC105371430; LIAT1,n.330+2621C>T; c.166G>A,p.E56K,39.65,Benign,14.941
17,263294,263294,C17orf97; LOC105371430; LIAT1,c.304+2857C>G; n.46-90G>C; c.660C>G,p.D220E,40.98,Benign,23.003
17,263441,263442,C17orf97; LOC105371430; LIAT1,c.304+3004_304+3005delinsCA; n.46-238_46-237delinsTG; c.807_808delinsCA,p.E270K,9.48,Uncertain Significance,
17,263472,263472,C17orf97; LOC105371430; LIAT1,c.304+3035G>A; n.46-268C>T; c.838G>A,p.E280K,11.84,Uncertain Significance,
17,263494,263494,C17orf97; LOC105371430; LIAT1,c.860T>C; n.45+276A>G; c.304+3057T>C,p.I287T,49.31,Uncertain Significance,0.174
17,7579472,7579472,TP53,c.98C>G; c.215C>G; c.-1020C>G; c.-939C>G; n.357C>G,p.P72R; p.P33R,88.74,Uncertain Significance,66.289
17,16842912,16842912,TNFRSF13B,c.693T>C; c.831T>C,p.S277S; p.S231S,48.23,Benign,49.363
17,16855878,16855878,TNFRSF13B,c.81G>A; c.62-3581G>A,p.T27T,99.60,Benign,80.823
17,29508775,29508775,NF1,c.702G>A,p.L234L,48.21,Benign,62.010
17,29527569,29527569,NF1,c.1018T>G,p.S340A,1.11,Likely Pathogenic,
17,29528142,29528142,NF1,c.1150T>C,p.F384L,4.46,Likely Pathogenic,
17,29541476,29541476,NF1,c.1430C>T; c.1445C>T; c.1400C>T,p.T482I; p.T477I; p.T467I,2.49,Pathogenic,
17,29553485,29553485,NF1,c.2079G>A; c.2034G>A; c.2064G>A,p.P678P; p.P693P; p.P688P,89.49,Benign,38.412
17,29554541,29554541,NF1,c.2356G>A; c.2371G>A; c.2326G>A,p.A786T; p.A791T; p.A776T,0.61,Pathogenic,
17,29554582,29554582,NF1,c.2397G>A; c.2367G>A; c.2412G>A,p.K799K; p.K789K; p.K804K,20.55,Uncertain Significance,
17,29554589,29554589,NF1,c.2419C>T; c.2374C>T; c.2404C>T,p.L802F; p.L792F; p.L807F,18.43,Pathogenic,
17,29652931,29652931,NF1,c.4929G>A; c.4911G>A; c.4866G>A; c.-508G>A; c.4959G>A; c.-575G>A,p.V1637V; p.V1643V; p.V1653V; p.V1622V,8.27,Likely Benign,0.610
17,30267331,30267331,SUZ12,c.301C>T,p.R101*,2.29,Likely Pathogenic,
17,30302737,30302737,SUZ12,c.754+15del; c.823+15del,,10.17,Likely Benign,2.318
17,30303572,30303572,SUZ12,c.856C>T; c.787C>T,p.R263*; p.R286*,1.81,Likely Pathogenic,
17,30310124,30310124,SUZ12,c.954+1G>C; c.1023+1G>C,,1.73,Likely Pathogenic,
17,41223094,41223094,BRCA1,c.310A>G; c.4903A>G; c.4759A>G; c.4711A>G; c.4900A>G; c.1387A>G; c.-98-20887A>G; c.1525A>G; c.3949A>G; c.4696A>G; c.1444A>G; c.4624A>G; c.5-7126A>G; c.4834A>G; c.4837A>G,p.S1587G; p.S1566G; p.S1317G; p.S104G; p.S463G; p.S482G; p.S1613G; p.S1571G; p.S1635G; p.S1634G; p.S1612G; p.S509G; p.S1542G,59.96,Benign,34.998
17,41234470,41234470,BRCA1,c.4095T>C; c.918T>C; c.-43-7932T>C; c.5-18502T>C; c.4182T>C; c.858T>C; c.-98-32263T>C; c.4308T>C; c.4167T>C; c.3420T>C; c.4230T>C; c.996T>C; c.999T>C,p.S1140S; p.S306S; p.S1394S; p.S1365S; p.S1410S; p.S1389S; p.S332S; p.S1436S; p.S333S; p.S286S,58.61,Benign,34.330
17,41244000,41244000,BRCA1,c.3470A>G; c.3422A>G; c.3335A>G; c.-43-17462A>G; c.5-28032A>G; c.707-951A>G; c.-99+33288A>G; c.3548A>G; c.3407A>G; c.647-951A>G; c.2660A>G; c.788-951A>G; c.785-951A>G,p.K1112R; p.K1157R; p.K1136R; p.K887R; p.K1183R; p.K1141R,57.83,Benign,34.855
17,41244435,41244435,BRCA1,c.-43-17897A>G; c.647-1386A>G; c.-99+32853A>G; c.2225A>G; c.3113A>G; c.2987A>G; c.5-28467A>G; c.788-1386A>G; c.785-1386A>G; c.2972A>G; c.3035A>G; c.2900A>G; c.707-1386A>G,p.E991G; p.E1038G; p.E996G; p.E742G; p.E1012G; p.E967G,58.35,Benign,34.300
17,41244936,41244936,BRCA1,c.2486C>T; c.2399C>T; c.787+1825C>T; c.2471C>T; c.646+1825C>T; c.706+1825C>T; c.5-28968C>T; c.784+1825C>T; c.1724C>T; c.2534C>T; c.-43-18398C>T; c.-99+32352C>T; c.2612C>T,p.P575L; p.P829L; p.P871L; p.P800L; p.P824L; p.P845L,59.87,Benign,41.275
17,41245237,41245237,BRCA1,c.2185T>C; c.5-29269T>C; c.706+1524T>C; c.646+1524T>C; c.784+1524T>C; c.2233T>C; c.-43-18699T>C; c.2170T>C; c.-99+32051T>C; c.2311T>C; c.1423T>C; c.2098T>C; c.787+1524T>C,p.L724L; p.L700L; p.L745L; p.L771L; p.L475L; p.L729L,59.39,Benign,34.216
17,41245466,41245466,BRCA1,c.706+1295C>T; c.1956C>T; c.1194C>T; c.1869C>T; c.2004C>T; c.-99+31822C>T; c.2082C>T; c.787+1295C>T; c.5-29498C>T; c.-43-18928C>T; c.784+1295C>T; c.646+1295C>T; c.1941C>T,p.S623S; p.S668S; p.S694S; p.S398S; p.S652S; p.S647S,52.02,Benign,34.860
17,41245471,41245471,BRCA1,c.1864G>A; c.706+1290G>A; c.-99+31817G>A; c.646+1290G>A; c.-43-18933G>A; c.5-29503G>A; c.784+1290G>A; c.2077G>A; c.1189G>A; c.1999G>A; c.787+1290G>A; c.1936G>A; c.1951G>A,p.D651N; p.D693N; p.D646N; p.D397N; p.D667N; p.D622N,21.15,Benign,5.800
17,74732507,74732507,MFSD11; SRSF2,c.-1928A>G; c.-1812A>G; c.-733A>G; c.-1623A>G; n.573T>C; n.-1694A>G; c.402T>C; c.-1530A>G; c.402T>C *; c.-1645A>G; c.-738A>G; n.-209A>G; c.-1269A>G; c.366T>C,p.S122S; p.S134S,99.68,Benign,99.703
17,74733099,74733099,MFSD11; MIR636; SRSF2,n.-1102G>A; c.-141G>A; n.-469C>T; c.-1336G>A; c.-1053G>A; n.315C>T; c.-938G>A; c.-146G>A; c.-1220G>A; c.-1031G>A; n.384G>A; c.144C>T; c.-677G>A,p.D48D,97.01,Benign,88.440
18,42456653,42456653,SETBP1,c.540+7405G>A; c.664G>A,p.A222T,59.40,Benign,52.534
18,42456670,42456671,SETBP1,c.540+7422_540+7423insTCTT; c.681_682insTCTT,p.T228Sfs*8,60.99,Benign,52.471
18,42529996,42529996,SETBP1,c.691G>C,p.V231L,35.30,Benign,19.023
18,42532606,42532606,SETBP1,c.3301G>A,p.V1101I,49.33,Benign,12.136
18,42533130,42533130,SETBP1,c.3825A>G,p.S1275S,88.27,Benign,88.475
19,7706680,7706680,STXBP2,c.510C>A; c.519C>A; c.552C>A; c.423C>A; n.559C>A,p.A170A; p.A173A; p.A184A; p.A141A,0.81,Uncertain Significance,
19,7711221,7711221,STXBP2,c.1443T>C; n.1458T>C; c.48T>C; c.1347T>C; c.1476T>C; c.1434T>C,p.D481D; p.D492D; p.D478D; p.D449D; p.D16D,38.32,Benign,42.083
19,7712277,7712277,STXBP2,c.1480A>G; c.1609A>G; c.1576A>G; c.1538+144A>G; n.1591A>G; c.181A>G; c.1567A>G,p.I61V; p.I494V; p.I523V; p.I526V; p.I537V,50.25,Benign,64.010
19,10262139,10262139,DNMT1,c.2152del; c.2200del; c.1837del,p.M613Cfs*59; p.M718Cfs*59; p.M734Cfs*59,0.60,Uncertain Significance,
19,10265312,10265312,DNMT1,c.1419A>G; c.1734A>G; c.1782A>G,p.T578T; p.T594T; p.T473T,99.55,Benign,99.074
19,10265593,10265593,DNMT1,c.1269C>A; c.1584C>A; c.1632C>A,p.I544I; p.I423I; p.I528I,9.92,Benign,7.085
19,10267077,10267077,DNMT1,c.1341A>G; c.1389A>G; c.1026A>G,p.P447P; p.P463P; p.P342P,49.36,Benign,51.810
19,10939792,10939792,DNM2,c.2139T>C; c.2127T>C,p.A709A; p.A713A,99.84,Benign,31.112
19,56180968,56180968,U2AF2,c.1191C>T; c.1203C>T,p.D397D; p.D401D,59.60,Benign,86.871
20,31022959,31022959,ASXL1,c.1869+575T>C; c.2429T>C; c.2261T>C *; c.2261T>C; c.2444T>C *,p.L754P; p.P815P; p.P754P; p.L810P,95.69,Benign,99.999
20,31024274,31024274,ASXL1,c.3576T>C; c.3744T>C; c.1869+1890T>C; c.3759T>C,p.S1253S; p.S1192S; p.S1248S,83.87,Benign,41.808
20,43264927,43264927,ADA,c.-254G>A; n.128G>A; c.36G>A; c.99G>A; c.-115G>A; c.114G>A; c.-118G>A; c.111G>A,p.V33V; p.V12V; p.V37V; p.V38V,99.91,Benign,99.525
20,57478807,57478807,GNAS,c.393C>T; c.396C>T; c.*299C>T; c.174C>T; c.*296C>T; c.351C>T; c.2322C>T; c.2325C>T; c.*254C>T; c.66C>T; c.297C>T; c.*305C>T; c.219C>T; c.2277C>T; c.216C>T; c.348C>T,p.I775I; p.I117I; p.I72I; p.I116I; p.I73I; p.I759I; p.I132I; p.I131I; p.I58I; p.I22I; p.I99I; p.I774I,49.39,Benign,54.473
20,62320929,62320929,RTEL1-TNFRSF6B; RTEL1,c.2025C>T; c.1953C>T; c.1284C>T; n.2780C>T,p.R428R; p.R651R; p.R675R,38.27,Benign,1.072
20,62321655,62321655,RTEL1-TNFRSF6B; RTEL1,c.2274G>A; c.1605G>A; c.2346G>A; n.3101G>A,p.A535A; p.A758A; p.A782A,99.02,Benign,74.190
20,62322288,62322288,RTEL1-TNFRSF6B; RTEL1,c.2544T>C; c.2616T>C; n.3371T>C; c.1875T>C,p.P625P; p.P848P; p.P872P,99.87,Benign,75.007
20,62326110,62326110,RTEL1-TNFRSF6B; RTEL1; TNFRSF6B,n.3953A>C; c.2457A>C; c.-2011A>C; c.3126A>C; c.3198A>C,p.Q1042H; p.Q819H; p.Q1066H,99.72,Benign,75.489
20,62326579,62326579,RTEL1-TNFRSF6B; RTEL1; TNFRSF6B,c.3571+5G>T; c.2830+5G>T; c.3499+5G>T; c.-1542G>T; n.4326+5G>T,,9.39,Benign,14.281
20,62327199,62327199,RTEL1-TNFRSF6B; RTEL1; TNFRSF6B,c.-922A>G; c.3891A>G; n.4718A>G; c.*61A>G,p.P1297P,10.12,Benign,5.938
21,44513243,44513243,U2AF1; LOC102724594,c.692C>T; c.473C>T; c.578C>T,p.S231L; p.S193L; p.S158L,1.70,Uncertain Significance,0.000
22,17669306,17669306,ADA2,c.644A>G; c.398A>G; c.281A>G; c.1004A>G; c.878A>G,p.H335R; p.H215R; p.H94R; p.H133R; p.H293R,48.41,Benign,34.448
22,17690409,17690409,ADA2,c.33C>T; c.-38-2229C>T; c.159C>T,p.N11N; p.N53N,47.49,Benign,43.280
22,17690430,17690430,ADA2,c.-38-2250G>C; c.12G>C; c.138G>C,p.L46L; p.L4L,39.07,Benign,14.925
22,23523630,23523630,BCR,c.483C>A,p.I161I,44.15,Benign,28.124
22,23627369,23627369,BCR,c.2387A>G,p.N796S,88.90,Benign,81.784
22,23651619,23651619,BCR,c.3021G>A; c.2889G>A,p.P963P; p.P1007P,18.56,Likely Benign,0.202
22,23653975,23653976,BCR,c.3143_3146dup; c.3275_3278dup,p.V1050Rfs*17; p.V1094Rfs*17,15.92,Uncertain Significance,0.280
22,23654017,23654017,BCR,c.3316G>A; c.3184G>A,p.D1062N; p.D1106N,14.26,Likely Pathogenic,0.024
22,29083909,29083909,CHEK2,c.1608A>G; c.1737A>G; c.948A>G; c.1335A>G; c.945A>G; c.1521A>G; c.1407A>G,p.P316P; p.P579P; p.P469P; p.P536P; p.P315P; p.P445P; p.P507P,2.30,Uncertain Significance,0.000
22,29090030,29090031,CHEK2,c.790_791delinsT; c.787_788delinsT; c.1177_1178delinsT; c.1579_1580delinsT; c.1450_1451delinsT; c.1363_1364delinsT; c.1249_1250delinsT,p.P263Cfs*8; p.P527Cfs*8; p.P455Cfs*8; p.P484Cfs*8; p.P264Cfs*8; p.P417Cfs*8; p.P393Cfs*8,1.16,Likely Pathogenic,
22,29090054,29090054,CHEK2,c.1154C>T; c.764C>T; c.1427C>T; c.1226C>T; c.1340C>T; c.1556C>T; c.767C>T,p.T256M; p.T476M; p.T255M; p.T385M; p.T409M; p.T519M; p.T447M,12.60,Uncertain Significance,0.031
22,29091142,29091142,CHEK2,c.1261G>A; c.685G>A; c.1075G>A; c.1348G>A; c.688G>A; c.1477G>A; c.1147G>A,p.E421K; p.E229K; p.E359K; p.E383K; p.E493K; p.E450K; p.E230K,7.30,Likely Pathogenic,
22,41542753,41542753,EP300,c.2064A>G; c.2054-1088A>G,p.L688L,9.03,Likely Benign,0.302
22,41548008,41548008,EP300,c.2911A>G; c.2989A>G,p.I971V; p.I997V,10.63,Benign,29.946
22,41551039,41551039,EP300,c.3183T>A; c.3105T>A,p.T1061T; p.T1035T,61.11,Benign,65.695
X,1314931,1314931,CRLF2,c.394G>A; c.730G>A; n.924G>A,p.V132M; p.V244M,40.45,Benign,6.094
X,1331495,1331495,CRLF2,c.-201C>G; c.33C>G; n.48C>G,p.A11A,39.92,Benign,21.325
X,15343205,15343205,PIGA,n.660G>T; c.216G>T; n.376G>T; c.918G>T,p.L72L; p.L306L,3.84,Uncertain Significance,
X,15838366,15838366,ZRSR2,c.864C>T; c.786C>T,p.N288N; p.N262N,88.69,Benign,52.758
X,15841230,15841231,ZRSR2,c.1338_1343dup; c.1260_1265dup,p.S447_R448dup; p.S421_R422dup,34.76,Benign,1.625
X,15841311,15841311,ZRSR2,c.1317C>G; c.1395C>G,p.G465G; p.G439G,2.72,Likely Benign,
X,15841319,15841319,ZRSR2,c.1325G>A; c.1403G>A,p.R468K; p.R442K,5.31,Uncertain Significance,
X,39911657,39911657,BCOR,c.4977-4G>T; c.4821-4G>T; c.*45-4G>T; c.4875-4G>T,,45.08,Benign,15.014
X,39932907,39932907,BCOR,c.1692A>G,p.A564A,43.82,Benign,26.095
X,39933339,39933339,BCOR,c.1260T>C,p.D420D,85.10,Benign,89.920
X,44938563,44938563,KDM6A,c.2976G>A; c.2223G>A; n.3394G>A; c.3111G>A; c.2973G>A; c.3189G>A; c.3009G>A; c.3132G>A; c.3030G>A; c.2874G>A; c.3267G>A,p.Q958Q; p.Q1063Q; p.Q1010Q; p.Q741Q; p.Q1037Q; p.Q991Q; p.Q992Q; p.Q1044Q; p.Q1089Q; p.Q1003Q,85.26,Benign,24.273
X,47057647,47057647,UBA1,c.1-555A>G,,99.77,Benign,99.806
X,76937963,76937963,ATRX,c.2785C>G; c.2671C>G; c.2785G>C *; c.2671G>C *,p.Q929E; p.Q891E; p.E929Q; p.E891Q,41.47,Benign,38.534
X,129147079,129147079,BCORL1,c.331T>C *; c.331T>C,p.F111L; p.L111L,98.21,Benign,99.998
X,130678467,130678467,IGSF1; OR13H1,c.420A>G; c.-913+34175T>C,p.V140V,88.68,Benign,64.296
X,130678596,130678596,IGSF1; OR13H1,c.549C>G; c.-913+34046G>C,p.L183L,43.64,Benign,27.233
X,130678844,130678844,IGSF1; OR13H1,c.797A>C; c.-913+33798T>G,p.Y266S,85.79,Benign,64.337
X,153994596,153994596,DKC1,n.471G>T; n.948G>T; c.-241G>T; c.369G>T; c.282G>T,p.T123T; p.T94T,99.63,Benign,99.752

