Chromosome,Position,End Position,Gene Symbol,Transcript Variant,Protein Variant,1786D - Allele Fraction,Classification,gnomAD Frequency
1,12918885,12918885,PRAMEF2,c.21G>C,p.P7P,6.06,Likely Benign,0.393
1,12918891,12918891,PRAMEF2,c.27A>C,p.L9L,4.97,Benign,6.355
1,12919994,12919994,PRAMEF2,c.734A>C,p.Y245S,0.57,Uncertain Significance,0.013
1,12921114,12921114,PRAMEF2,c.905G>A,p.C302Y,2.51,Uncertain Significance,0.041
1,12921119,12921119,PRAMEF2,c.910A>T,p.N304Y,2.81,Uncertain Significance,0.194
1,12921127,12921127,PRAMEF2,c.918A>G,p.L306L,6.12,Benign,26.699
1,12921136,12921137,PRAMEF2,c.927_928delinsTG,p.L310V,6.87,Likely Pathogenic,
1,35250819,35250819,GJB3,c.456C>T,p.L152L,2.13,Uncertain Significance,
1,36937059,36937059,CSF3R,c.864T>C; c.1260T>C,p.T420T; p.T288T,49.97,Benign,55.798
1,36937065,36937065,CSF3R,c.1254T>C; c.858T>C,p.R286R; p.R418R,46.10,Benign,30.931
1,43805046,43805046,MPL,c.475A>G; c.496A>G,p.R159G; p.R166G,0.74,Uncertain Significance,
1,47685455,47685455,TAL1,c.933A>G; c.456A>G *; c.933A>G *,p.K311K; p.K152K,98.31,Benign,100.000
1,65303659,65303659,JAK1,c.2964G>A; c.2991G>A; c.3090G>A; c.3093G>A; c.2967G>A; c.3096G>A,p.K1030K; p.K1032K; p.K1031K; p.K989K; p.K988K; p.K997K,97.32,Benign,7.703
1,65306997,65306997,JAK1,c.2451del; c.2475del; c.2448del; c.2580del; c.2577del; c.2574del,p.K816Nfs*16; p.K817Nfs*16; p.K858Nfs*16; p.K859Nfs*16; p.K860Nfs*16; p.K825Nfs*16,0.99,Pathogenic,
1,65310489,65310489,JAK1,c.2199A>G; c.2067A>G; c.2070A>G; c.2193A>G; c.2196A>G,p.P690P; p.P733P; p.P689P; p.P731P; p.P732P,99.94,Benign,30.343
1,65335062,65335062,JAK1,c.579T>C; c.573T>C,p.A191A; p.A193A,99.78,Benign,7.793
1,65339111,65339111,JAK1,c.425del,p.K142Rfs*24; p.K142Rfs*26,1.23,Likely Pathogenic,
2,25463289,25463289,DNMT3A,c.1748A>G; c.2204A>G; c.1637A>G; c.1535A>G; n.2435A>G,p.Y546C; p.Y583C; p.Y735C; p.Y512C,6.60,Likely Pathogenic,0.004
2,25469502,25469502,DNMT3A,n.1497G>A; c.597G>A; c.810G>A; c.699G>A; c.1266G>A,p.L270L; p.L422L; p.L199L; p.L233L,99.83,Benign,19.334
2,25536827,25536827,DNMT3A,c.27C>T; n.258C>T,p.P9P,99.94,Benign,9.343
2,47643457,47643457,MSH2,c.932G>A; c.-504G>A; c.905G>A; n.851G>A; c.-573G>A; c.-701G>A; c.815G>A; n.843G>A; c.767G>A; c.545G>A; c.68G>A; c.965G>A; n.1001G>A; c.-656G>A,p.G302D; p.G322D; p.G272D; p.G256D; p.G311D; p.G23D; p.G182D,50.04,Benign,1.384
2,47739551,47739551,KCNK12; MSH2,n.2748A>G; n.3260A>G; c.*133A>G; c.1847A>G; n.2622A>G; c.2324A>G; n.3103A>G; n.2974A>G; n.2913A>G; c.1388A>G; n.2630A>G; c.2744A>G; n.2575A>G; c.2594A>G; c.2711A>G; n.2780A>G; c.*8495T>C,p.Q904R; p.Q915R; p.Q865R; p.Q616R; p.Q463R; p.Q775R,49.19,Benign,42.795
2,48023115,48023115,MSH6,c.-455T>C; c.238-2635T>C; c.243T>C; c.636T>C; c.-279-2635T>C; n.629T>C; c.540T>C; c.462T>C; c.372T>C; c.-363T>C; c.546T>C; c.15T>C,p.D180D; p.D212D; p.D81D; p.D182D; p.D154D; p.D5D; p.D124D,49.84,Benign,21.489
2,48025764,48025764,MSH6,n.731C>T; c.564C>T; c.648C>T; c.117C>T; c.252C>T; c.642C>T; c.474C>T; c.738C>T; c.345C>T; c.-265C>T; n.717-1213C>T; c.628-2041C>T,p.Y115Y; p.Y214Y; p.Y216Y; p.Y188Y; p.Y158Y; p.Y39Y; p.Y84Y; p.Y246Y,50.90,Benign,7.221
2,198257795,198257795,SF3B1,c.3657A>G,p.V1219V,51.28,Benign,66.086
2,198265526,198265526,SF3B1,c.2631T>C,p.G877G,48.35,Benign,66.033
2,198283305,198283305,SF3B1,c.423A>G,p.K141K,50.18,Benign,66.128
2,204736106,204736106,CTLA4,c.457+450G>A; c.463G>A; c.110-1325G>A; c.535G>A,p.E155K; p.E179K,6.48,Uncertain Significance,
3,10088266,10088266,FANCD2,c.1137G>T,p.V379V,20.98,Benign,18.180
3,10088299,10088299,FANCD2,c.1170C>T,p.S390S,31.50,Benign,25.706
3,10088308,10088308,FANCD2,c.1179T>C,p.T393T,31.72,Benign,26.856
3,10088343,10088343,FANCD2,c.1214A>G,p.N405S,33.80,Benign,25.717
3,10088404,10088404,FANCD2,c.1275C>T,p.Y425Y,33.81,Benign,4.544
3,10088408,10088412,FANCD2,c.1278+1_1278+5delinsT,,34.11,Likely Pathogenic,
3,10089723,10089723,FANCD2,c.1401G>A,p.T467T,6.07,Benign,41.841
3,10089738,10089738,FANCD2,c.1413+3A>G,,6.45,Benign,39.278
3,10106408,10106408,FANCD2,c.2022-5C>T; c.1911-5C>T,,0.86,Likely Benign,0.051
3,10107090,10107090,FANCD2,c.2181G>A; c.2070G>A,p.P690P; p.P727P,1.79,Likely Benign,0.032
3,10107113,10107113,FANCD2,c.2204G>A; c.2093G>A,p.R735Q; p.R698Q,3.09,Likely Pathogenic,0.002
3,10107147,10107147,FANCD2,c.2238C>T; c.2127C>T,p.N746N; p.N709N,5.44,Uncertain Significance,0.003
3,10107168,10107168,FANCD2,c.2148T>C; c.2259T>C,p.D753D; p.D716D,4.43,Uncertain Significance,0.003
3,10142949,10142949,FANCD2OS; FANCD2,c.*43+2933G>A; c.*3C>T,,99.80,Benign,32.842
3,105422844,105422844,CBLB,c.252G>A; c.801G>A; n.1986G>A; n.1623G>A; c.1647G>A; c.1665G>A; n.1920G>A; n.1660G>A; n.2004G>A; n.1872G>A; c.1581G>A; n.1696G>A; c.1434G>A; c.393G>A,p.T527T; p.T549T; p.T478T; p.T555T; p.T267T; p.T84T; p.T131T,49.30,Benign,72.630
3,128205754,128205754,GATA2,c.403C>G; c.121C>G,p.P41A; p.P135A,51.90,Uncertain Significance,0.062
3,128205860,128205860,GATA2,c.297C>G; c.15C>G,p.P99P; p.P5P,49.50,Benign,66.313
3,183211906,183211906,KLHL6,c.1311T>C,p.N437N,99.92,Benign,55.874
3,183212026,183212026,KLHL6,c.1191G>A,p.S397S,50.74,Benign,17.403
3,187446211,187446211,LOC100131635; BCL6,n.294-3948C>T; c.1477G>A,p.A493T,43.54,Benign,14.993
3,187447032,187447032,LOC100131635; BCL6,n.294-3127G>A; c.1161C>T,p.N387N,51.24,Benign,64.365
4,1801511,1801511,FGFR3,c.417C>T; n.692C>T,p.D139D,49.03,Benign,3.918
4,1803704,1803704,FGFR3,c.882T>C; n.1157T>C,p.N294N,50.93,Benign,16.389
4,1807894,1807894,FGFR3,c.1956G>A; n.2379G>A; c.1959G>A; c.1953G>A; c.1617G>A,p.T651T; p.T652T; p.T539T; p.T653T,99.86,Benign,98.654
4,55130078,55130078,PDGFRA; ENSG00000282278,c.651T>C; c.612T>C; c.1018-11014T>C; c.687T>C,p.N204N; p.N217N; p.N229N,51.45,Benign,18.408
4,55133726,55133726,PDGFRA; ENSG00000282278,c.939T>G; c.1014T>G; c.1018-7366T>G; c.978T>G,p.G326G; p.G338G; p.G313G,51.25,Benign,18.274
4,55139771,55139771,PDGFRA; ENSG00000282278,c.1471T>C; c.1018-1321T>C; c.1432T>C; c.1507T>C,p.S478P; p.S491P; p.S503P,50.44,Benign,15.338
4,55141055,55141055,PDGFRA; ENSG00000282278,c.1740A>G; c.1776A>G; c.1701A>G; c.1018-37A>G,p.P580P; p.P592P; p.P567P,99.92,Benign,98.760
4,55143577,55143577,PDGFRA; ENSG00000282278,c.1089G>A; c.1848G>A; c.1809G>A; c.1884G>A,p.A363A; p.A603A; p.A628A; p.A616A,50.70,Benign,16.004
4,55152040,55152040,PDGFRA; ENSG00000282278,c.1752C>T; c.2511C>T; c.2547C>T; c.2472C>T,p.V584V; p.V824V; p.V837V; p.V849V,49.89,Benign,18.422
4,55161391,55161391,PDGFRA; ENSG00000282278,c.2502T>C; c.3261T>C; c.3222T>C; c.3297T>C,p.D834D; p.D1099D; p.D1087D; p.D1074D,99.94,Benign,99.911
4,55972946,55972946,KDR,c.1444T>C,p.C482R,48.69,Uncertain Significance,2.304
4,55972974,55972974,KDR,c.1416A>T,p.Q472H,49.82,Uncertain Significance,22.255
4,57352505,57352505,SRP72,n.1120G>A; c.918G>A; c.1101G>A,p.Q306Q; p.Q367Q,7.03,Uncertain Significance,0.000
4,57352521,57352522,SRP72,n.1136_1137delinsAT; c.934_935delinsAT; c.1117_1118delinsAT,p.A312I; p.A373I,0.54,Uncertain Significance,
4,106156163,106156163,TET2; TET2-AS1,c.1064G>A; c.1127G>A; n.319-57334C>T,p.G376D; p.G355D,47.45,Likely Benign,2.841
4,106156187,106156187,TET2; TET2-AS1,c.1088C>T; n.319-57358G>A; c.1151C>T,p.P363L; p.P384L,47.07,Benign,4.967
4,106196829,106196829,TET2; TET2-AS1,c.5225T>G; n.318+58714A>C; c.5162T>G,p.L1721W; p.L1742W,40.71,Benign,11.548
4,106196951,106196951,TET2; TET2-AS1,c.5284A>G; n.318+58592T>C; c.5347A>G,p.I1762V; p.I1783V,48.82,Benign,29.475
4,153268227,153268228,FBXW7,c.585-5dup; c.345-5dup; c.231-5dup,,3.36,Benign,6.481
4,153268228,153268229,FBXW7,c.231-6_231-5del; c.585-6_585-5del; c.345-6_345-5del,,6.45,Likely Benign,2.512
5,1294665,1294665,TERT,c.336del; n.415del,p.E113Rfs*15,2.17,Uncertain Significance,0.003
5,35861068,35861068,IL7R,c.197T>C; n.284T>C,p.I66T,44.14,Benign,62.570
5,35871190,35871190,IL7R,c.412G>A; n.499G>A,p.V138I,50.04,Benign,64.899
5,35876274,35876274,IL7R,c.*183A>G; c.1066A>G; n.890A>G,p.I356V,50.31,Benign,24.367
5,149447806,149447808,CSF1R,n.1723_1725del; c.1596_1598del; n.1652_1654del; c.1152_1154del,p.L537del; p.L389del,0.71,Uncertain Significance,0.005
5,149457678,149457678,CSF1R,n.853C>T; c.282C>T; c.726C>T; n.782C>T,p.T242T; p.T94T,99.92,Benign,50.924
5,149460553,149460553,CSF1R,c.-361T>C; c.84T>C; n.211T>C; n.140T>C,p.P28P,99.58,Benign,48.014
5,176721198,176721198,NSD1,c.5956T>C; c.1471T>C; c.6067T>C; c.6829T>C; c.6076T>C; c.5707T>C; c.6520T>C; c.6409T>C,p.L1986L; p.L2174L; p.L1903L; p.L491L; p.L2137L; p.L2277L; p.L2026L; p.L2023L,99.52,Benign,82.274
5,176940384,176940384,DDX41,c.822C>T; c.1200C>T,p.R274R; p.R400R,48.79,Benign,41.586
6,33287898,33287900,DAXX,c.1389_1391del; c.1128_1130del; c.1353_1355del,p.E457del; p.E382del; p.E469del,0.84,Uncertain Significance,0.031
7,2946461,2946461,CARD11,c.3276A>G,p.R1092R,100,Benign,51.281
7,2963941,2963943,CARD11,c.1864_1866del,p.S622del,1.33,Uncertain Significance,0.001
7,6026775,6026775,PMS2,c.1513A>G; c.1645A>G; c.850A>G; c.1423A>G; c.1465A>G; c.1048A>G; c.1453A>G; c.1147A>G; c.804-4153A>G; c.1303A>G; c.1618A>G; c.1255A>G; c.1108A>G; c.1312A>G; n.1708A>G; c.1807A>G; c.1285A>G; c.1621A>G; c.803+10182A>G; c.1216A>G; c.1297A>G; c.1060A>G; c.688A>G; c.1156A>G,p.K429E; p.K603E; p.K433E; p.K489E; p.K541E; p.K230E; p.K383E; p.K505E; p.K549E; p.K386E; p.K354E; p.K475E; p.K540E; p.K350E; p.K370E; p.K419E; p.K435E; p.K284E; p.K406E; p.K438E; p.K485E,96.73,Benign,84.429
7,6036980,6036980,PMS2,c.780C>G; c.966C>G; c.-154C>G; c.471C>G; c.444C>G; c.672C>G; c.267C>G; c.804C>G; c.705+1759C>G; c.132+5104C>G; c.375C>G; c.207C>G; c.612C>G; c.777C>G; n.867C>G; c.537+5104C>G; c.462C>G,p.S157S; p.S125S; p.S89S; p.S148S; p.S69S; p.S322S; p.S204S; p.S224S; p.S268S; p.S260S; p.S259S; p.S154S,46.63,Benign,80.387
7,6043613,6043613,PMS2,c.-113C>T; c.-245C>T; c.25C>T; c.-63C>T; c.-142C>T; n.327C>T; c.-645C>T; c.-341C>T; c.426C>T; c.-192C>T; c.-52-1346C>T; c.-156C>T; c.240C>T; c.-166C>T,p.F80F; p.F142F; p.R9*,7.91,Likely Benign,0.007
7,6043666,6043666,PMS2,c.-219G>A; c.-116G>A; c.-29G>A; c.373G>A; c.-52-1399G>A; c.-245G>A; c.-195G>A; n.274G>A; c.-166G>A; c.-298G>A; c.-209G>A; c.-394G>A; c.187G>A; c.-698G>A,p.V63M; p.V125M,2.95,Uncertain Significance,0.000
7,6045597,6045597,Y_RNA; PMS2,c.-343A>C; n.-1581A>C; n.176A>C; c.-293A>C; c.-214A>C; c.-396A>C; c.-307A>C; c.275A>C; c.-52-1908A>C; c.-317A>C; c.-189-1908A>C; c.-218-1908A>C; c.-492A>C; c.-796A>C; c.89A>C; c.-321-1908A>C; c.-127A>C; c.-242-1908A>C; c.-264A>C,p.Q92P; p.Q30P,1.17,Pathogenic,0.000
7,55214348,55214348,EGFR,c.424+3167C>T; c.315C>T; c.89-9175C>T; c.474C>T,p.N158N; p.N105N,53.12,Benign,51.021
7,55249063,55249063,EGFR-AS1; EGFR,n.1201C>T; c.2226G>A; c.1560G>A; c.2202G>A; c.2361G>A,p.Q734Q; p.Q787Q; p.Q520Q; p.Q742Q,52.43,Benign,52.144
7,55266417,55266417,EGFR,c.2574T>C; c.2709T>C; c.1908T>C; c.2550T>C,p.T636T; p.T903T; p.T858T; p.T850T,83.83,Benign,89.426
7,92734451,92734451,SAMD9,c.960T>C,p.Y320Y,47.30,Benign,37.879
7,92761875,92761875,SAMD9L,c.3410G>C,p.G1137A,48.78,Benign,2.446
7,92762681,92762681,SAMD9L,c.2604T>C,p.A868A,48.94,Benign,17.871
7,101837149,101837149,CUX1,c.1131G>A; c.1104G>A; c.1089G>A; c.999G>A; c.1020G>A; c.1137G>A,p.P363P; p.P340P; p.P379P; p.P368P; p.P333P; p.P377P,47.83,Benign,34.758
7,101844851,101844851,CUX1,c.1207+5968A>G; c.1117+5968A>G; c.1255+5968A>G; c.1833A>G; c.1138+5968A>G; c.2139A>G; c.2274A>G; c.1249+5968A>G; c.2307A>G,p.P713P; p.P758P; p.P769P; p.P611P,47.11,Benign,35.327
7,101916647,101916647,CUX1,c.1260A>G; c.1266A>G *; c.1218A>G *; c.1149A>G; c.1218A>G; c.1149A>G *; c.1266A>G; c.1128A>G *; c.1128A>G; c.1260A>G *,p.A383A; p.A422A; p.A376A; p.A420A; p.A406A,99.96,Benign,72.926
7,101917521,101917521,CUX1,c.1252G>A; c.1384G>A; c.1342G>A; c.1390G>A; c.1273G>A,p.A464T; p.A462T; p.A425T; p.A418T; p.A448T,50.06,Benign,56.358
7,103155705,103155705,RELN,c.8046T>C,p.H2682H,47.46,Benign,46.782
7,103180872,103180872,RELN,c.6702T>C,p.C2234C,51.17,Benign,7.770
7,103301977,103301977,RELN,c.1290-3del,,4.76,Likely Benign,0.024
7,103389954,103389954,RELN,c.578-3T>C,,47.72,Benign,49.219
7,103629803,103629804,RELN,c.-6_-1dup,,99.60,Benign,26.337
7,116397572,116397572,MET,c.1944A>G; c.654A>G,p.Q648Q; p.Q218Q,51.17,Benign,18.140
7,116436022,116436022,MET,c.4071G>A; c.4017G>A; c.2727G>A,p.A1339A; p.A1357A; p.A909A,48.03,Benign,42.426
7,116436097,116436097,MET,c.4146G>A; c.4092G>A; c.2802G>A,p.P1382P; p.P934P; p.P1364P,45.47,Benign,42.451
7,139094365,139094366,FMC1-LUC7L2; LUC7L2,c.754_755del; c.748_749del; c.757_758del; c.955_956del,p.E253Rfs*34; p.E250Rfs*34; p.E319Rfs*34; p.E252Rfs*34,2.77,Likely Pathogenic,1.969
7,140426257,140426257,BRAF,c.*37T>C; c.2187T>C; c.2128-10421T>C,p.S729S,100,Benign,37.551
7,140449164,140449164,BRAF,c.1849G>A; c.1651G>A; c.2035G>A; c.1759G>A; c.1915G>A; c.1804G>A; c.1813G>A; c.1924G>A,p.V587I; p.V642I; p.V679I; p.V602I; p.V605I; p.V639I; p.V617I; p.V551I,2.43,Likely Pathogenic,
7,140624411,140624411,BRAF,c.-444C>T; c.93C>T,p.A31A,1.39,Uncertain Significance,
7,148543694,148543695,EZH2,c.118-5_118-4del,,4.36,Likely Benign,0.254
7,148543694,148543694,EZH2,c.118-4del,,43.84,Benign,70.685
7,151836879,151836879,KMT2C,c.14515-3del; c.13897-3del; c.14344-3del,,1.66,Uncertain Significance,0.003
7,151874148,151874148,KMT2C,c.8165del; c.8390del,p.K2722Rfs*26; p.K2797Rfs*26,4.53,Pathogenic,0.195
7,151902216,151902216,KMT2C,c.3936C>T; c.3816C>T,p.S1272S; p.S1312S,1.26,Uncertain Significance,0.002
7,151921099,151921099,KMT2C,c.3203+1G>A; c.3323+1G>A,,1.80,Likely Pathogenic,
7,151921114,151921114,KMT2C,c.3309T>A; c.3189T>A,p.C1063*; p.C1103*,1.10,Likely Pathogenic,
7,151921255,151921255,KMT2C,c.3168G>A; c.3048G>A,p.W1056*; p.W1016*,11.01,Likely Pathogenic,
7,151921517,151921517,KMT2C,c.3038+3A>T; c.3158+3A>T,,0.75,Uncertain Significance,
7,151921586,151921586,KMT2C,c.3092G>T; c.2972G>T,p.S991I; p.S1031I,2.85,Uncertain Significance,
7,151927016,151927016,KMT2C,c.2968A>G; c.2848A>G,p.S990G; p.S950G,10.53,Likely Benign,2.562
7,151927021,151927021,KMT2C,c.2963G>T; c.2843G>T,p.C988F; p.C948F,27.88,Benign,22.612
7,151927023,151927023,KMT2C,c.2961C>G; c.2841C>G,p.Y947*; p.Y987*,19.33,Likely Pathogenic,
7,151927025,151927025,KMT2C,c.2959T>C; c.2839T>C,p.Y987H; p.Y947H,31.57,Benign,38.544
7,151927026,151927026,KMT2C,c.2838A>G; c.2958A>G,p.P986P; p.P946P,8.01,Benign,23.424
7,151927067,151927067,KMT2C,c.2797A>G; c.2917A>G,p.R973G; p.R933G,20.23,Likely Pathogenic,
7,151932916,151932916,KMT2C,c.2635G>C; c.2755G>C,p.V919L; p.V879L,1.71,Benign,8.783
7,151932923,151932923,KMT2C,c.2628C>T; c.2748C>T,p.I876I; p.I916I,0.96,Uncertain Significance,0.338
7,151935798,151935799,KMT2C,c.2645_2646delinsCA; c.2533-2781_2533-2780delinsCA,p.I882T,31.49,Uncertain Significance,
7,151935866,151935866,KMT2C,c.2533-2848C>T; c.2578C>T,p.P860S,25.91,Likely Pathogenic,
7,151935871,151935871,KMT2C,c.2533-2853G>T; c.2573G>T,p.W858L,26.08,Likely Pathogenic,
7,151935888,151935888,KMT2C,c.2556A>T; c.2533-2870A>T,p.T852T,0.63,Uncertain Significance,
7,151945007,151945007,KMT2C,c.2515G>A; c.2512G>A,p.G838S; p.G839S,48.00,Benign,49.408
7,151945071,151945072,KMT2C,c.2447dup; c.2450dup,p.Y816*; p.Y817*,23.25,Benign,48.670
7,151945101,151945101,KMT2C,c.2421C>G; c.2418C>G,p.S807S; p.S806S,1.44,Benign,20.838
7,151945140,151945140,KMT2C,c.2379G>A; c.2382G>A,p.S794S; p.S793S,19.48,Benign,43.539
7,151945215,151945215,KMT2C,c.2304A>G; c.2307A>G,p.S769S; p.S768S,13.50,Likely Benign,3.158
7,151945225,151945225,KMT2C,c.2297A>G; c.2294A>G,p.E766G; p.E765G,6.40,Uncertain Significance,0.474
7,151945256,151945256,KMT2C,c.2263C>T; c.2266C>T,p.Q756*; p.Q755*,2.91,Likely Pathogenic,0.563
7,151945313,151945313,KMT2C,c.2209T>C; c.2206T>C,p.L736L; p.L737L,0.98,Likely Benign,0.147
7,151945706,151945706,KMT2C,c.1814-1G>A; c.1817-1G>A,,0.82,Likely Pathogenic,
7,151962257,151962257,KMT2C,c.1053G>A; c.1050G>A,p.P351P; p.P350P,12.39,Uncertain Significance,0.100
7,151962265,151962265,KMT2C,c.1042G>A; c.1045G>A,p.D348N; p.D349N,11.61,Uncertain Significance,0.033
7,151962269,151962269,KMT2C,c.1041G>A; c.1038G>A,p.V347V; p.V346V,1.17,Uncertain Significance,0.012
7,151962290,151962290,KMT2C,c.1020G>C; c.1017G>C,p.K339N; p.K340N,4.24,Uncertain Significance,0.008
7,151962296,151962296,KMT2C,c.1016-2A>G; c.1013-2A>G,,0.58,Pathogenic,0.001
7,151970856,151970856,KMT2C,c.946A>T; c.949A>T,p.T317S; p.T316S,78.31,Benign,50.094
7,151970859,151970859,KMT2C,c.943G>A; c.946G>A,p.G315S; p.G316S,4.51,Likely Benign,0.425
7,151970951,151970951,KMT2C,c.854G>A; c.851G>A,p.R284Q; p.R285Q,5.06,Likely Benign,0.327
8,30915971,30915971,WRN,c.15del,p.K5Nfs*15,0.58,Likely Pathogenic,0.003
8,30924557,30924557,WRN,c.513C>T,p.C171C,99.92,Benign,70.808
8,30924590,30924590,WRN,c.546A>G,p.K182K,0.72,Uncertain Significance,
8,30938704,30938704,WRN,c.1161G>A,p.M387I,48.73,Benign,7.380
8,30973957,30973957,WRN,c.2361G>T,p.L787L,49.22,Benign,45.121
8,30982451,30982451,WRN,c.2760A>G,p.K920K,1.83,Uncertain Significance,
8,30999280,30999280,WRN,c.3222G>T,p.L1074F,48.96,Benign,45.358
8,31024638,31024638,WRN,c.4083C>T,p.S1361S,50.35,Benign,29.695
8,38285914,38285916,FGFR1,c.129_131del; c.372_374del; c.495_497del; c.396_398del,p.D44del; p.D133del; p.D125del; p.D166del,1.02,Likely Pathogenic,0.014
8,41791283,41791283,KAT6A,c.4455C>T,p.S1485S,47.54,Benign,12.018
8,41794934,41794934,KAT6A,c.3192G>A,p.T1064T,45.88,Benign,20.756
8,41798417,41798417,KAT6A,c.2982G>A,p.P994P,49.33,Benign,12.062
8,41798420,41798422,KAT6A,c.2977_2979del,p.E993del,0.83,Uncertain Significance,0.006
8,41834752,41834754,KAT6A,c.1135_1137del,p.S379del,0.68,Uncertain Significance,
8,41906095,41906095,KAT6A,c.401T>C,p.L134S,43.08,Benign,12.070
8,90958422,90958422,NBN,c.1704A>G; c.2016A>G; c.1770A>G; c.1846-2828A>G; c.1947A>G,p.P568P; p.P672P; p.P649P; p.P590P,30.19,Benign,34.291
8,90967711,90967711,NBN,c.951T>C; c.1197T>C; c.885T>C,p.D295D; p.D399D; p.D317D,50.33,Benign,47.032
8,90982659,90982659,NBN,c.583A>C; c.585-5924A>C; c.829A>C,p.N195H; p.N277H,0.55,Uncertain Significance,
8,90990479,90990479,NBN,c.553G>C; c.307G>C,p.E185Q; p.E103Q,48.36,Benign,34.336
8,90995019,90995019,NBN,c.-195G>A; c.-75-1268G>A; c.102G>A,p.L34L,51.37,Benign,35.143
8,117864952,117864953,RAD21,c.1162-6dup,,4.17,Benign,8.379
9,5050706,5050706,JAK2,c.489C>T; n.890C>T; c.-632C>T; n.973C>T; c.42C>T,p.H163H; p.H14H,82.32,Benign,32.549
9,5081780,5081780,JAK2,c.2043G>A; c.1275G>A; n.2891G>A; c.2490G>A; n.2974G>A,p.L681L; p.L425L; p.L830L,99.92,Benign,53.602
9,36840623,36840623,PAX5,c.1008C>T; c.921C>T; c.810C>T; c.878C>T; c.1110C>T; c.894C>T; c.597C>T; c.981C>T; c.1023C>T; c.786C>T; n.1274C>T; c.791C>T; n.1217C>T,p.T293I; p.Y336Y; p.Y327Y; p.Y307Y; p.Y262Y; p.Y341Y; p.Y199Y; p.Y298Y; p.Y370Y; p.T264I; p.Y270Y,99.89,Benign,86.447
9,36882049,36882049,PAX5,n.1128G>A; n.1071G>A; c.640G>A; c.911-35123G>A; c.835G>A; c.910+41303G>A; c.781-35123G>A; c.964G>A; c.781-41416G>A; c.586+41303G>A; c.713-35123G>A,p.A322T; p.A214T; p.A279T,48.90,Likely Benign,0.949
9,86586890,86586890,HNRNPK,c.788G>A; c.860G>A,p.R263Q; p.R287Q,1.71,Uncertain Significance,0.000
9,133761001,133761001,ABL1,c.3381A>G; c.3324A>G,p.P1108P; p.P1127P,45.99,Benign,55.454
9,139390945,139390947,NOTCH1,c.7124_7126del; c.7244_7246del; c.4841_4843del; c.7130_7132del,p.P2375del; p.P2415del; p.P2377del; p.P1614del,1.43,Uncertain Significance,0.003
9,139391636,139391636,NOTCH1,c.4152C>T; c.6555C>T; c.6441C>T; c.6435C>T,p.D2185D; p.D2145D; p.D1384D; p.D2147D,50.33,Benign,61.822
10,27322259,27322259,ANKRD26,c.3699del; c.3702del,p.K1233Nfs*19; p.K1234Nfs*19,0.68,Likely Pathogenic,
10,27329038,27329038,ANKRD26,c.2228del; c.2231del,p.N743Ifs*8; p.N744Ifs*8,1.03,Uncertain Significance,0.001
10,27333122,27333122,ANKRD26,c.1983-3del; c.1986-3del,,15.15,Benign,34.062
10,27337806,27337808,ANKRD26,c.1736_1738del,p.D579del,1.03,Likely Benign,0.003
10,27389197,27389197,ANKRD26,c.59A>G,p.Q20R,47.74,Benign,89.948
10,27389395,27389395,ANKRD26,c.-140C>G,,48.80,Benign,6.401
10,89692921,89692921,PTEN,c.360A>T; c.405A>T; c.-346A>T; c.924A>T,p.I120I; p.I308I; p.I135I,1.97,Uncertain Significance,
10,89692923,89692923,PTEN,c.926G>A; c.-344G>A; c.362G>A; c.407G>A,p.C136Y; p.C309Y; p.C121Y,1.96,Pathogenic,
10,90771829,90771829,FAS,n.411T>C; n.612T>C; n.951T>C; n.538+1257T>C; n.474T>C; c.568+1257T>C; n.808T>C; c.687T>C; n.549T>C; n.561T>C; c.579T>C; c.642T>C,p.T193T; p.T229T; p.T214T,48.65,Benign,76.186
10,112357944,112357944,SMC3,c.2164G>A,p.E722K,2.28,Uncertain Significance,
10,112361870,112361870,SMC3,c.3039A>G,p.S1013S,99.89,Benign,99.598
10,123298158,123298158,FGFR2,n.984A>G; c.429A>G; c.696A>G; c.351A>G,p.V232V; p.V143V; p.V117V,51.37,Benign,78.012
11,534242,534242,HRAS,c.81T>C; c.-239T>C,p.H27H,99.86,Benign,31.879
11,30034029,30034031,KCNA4,c.195_197del,p.H65del,1.23,Uncertain Significance,0.006
11,32417945,32417945,WT1,c.360A>G; c.1071A>G; n.1403A>G; c.420A>G; n.1454A>G; c.999A>G; c.471A>G; c.1122A>G; c.948A>G; c.-67A>G; c.447A>G; c.1116A>G,p.R157R; p.R374R; p.R149R; p.R120R; p.R357R; p.R333R; p.R140R; p.R372R; p.R316R,47.48,Benign,23.571
11,32456562,32456562,WT1-AS; WT1,c.345C>T; n.-502G>A; n.524C>T; c.-1044C>T; c.-1353C>T; n.-1023G>A,p.P115P,52.82,Benign,24.419
11,64534503,64534505,SF1,c.1403-61_1403-59del; c.1453_1455del; c.1104_1106del; c.1449_1451del; c.1824_1826del; c.1108_1110del; c.1371_1373del; c.1444_1446del,p.P610del; p.A370del; p.A482del; p.P485del; p.P370del; p.A485del; p.P459del,1.34,Uncertain Significance,0.186
11,72945341,72945341,P2RY2,c.137C>T,p.P46L,97.43,Benign,92.488
11,72946308,72946308,P2RY2,c.1104T>A,p.G368G,50.03,Likely Benign,2.299
11,108043988,108043988,NPAT,c.1723G>A,p.V575I,50.65,Benign,60.114
11,108119823,108119823,ATM,c.1229T>C,p.V410A,44.65,Likely Benign,0.213
11,108175462,108175462,ATM,c.5557G>A,p.D1853N,49.14,Benign,11.344
11,108183167,108183167,C11orf65; ATM,c.5948A>G; c.641-3369T>C; c.*39-3369T>C; c.5948A>G *,p.N1983S; p.S1983S,99.91,Benign,100.000
11,118307414,118307416,KMT2A; ENSG00000285827,c.200_202del; c.-798-32063_-798-32061del; c.214-10913_214-10911del,p.A67del,1.03,Benign,0.792
11,118344494,118344495,KMT2A; ENSG00000285827,c.503-391_503-390del; c.2728_2729del; c.2629_2630del; c.1399_1400del,p.D877Pfs*8; p.D467Pfs*8; p.D910Pfs*8,0.93,Likely Pathogenic,0.000
11,119077233,119077235,CBL,c.125_127del,p.H42del,1.50,Likely Benign,0.055
11,119149356,119149358,CBL,c.1380_1382del,p.D460del,1.14,Uncertain Significance,0.004
12,25362777,25362777,KRAS,c.*73T>C; c.321T>C; c.444T>C; c.519T>C,p.D173D; p.D148D; p.D107D,49.13,Benign,19.056
12,25368462,25368462,KRAS,c.451-5617G>A; c.253-5617G>A; c.376-5617G>A; c.483G>A *; c.483G>A,p.R161R,99.42,Benign,99.949
12,111884608,111884608,SH2B3,c.178T>C; c.784T>C,p.W60R; p.W262R,50.92,Benign,66.803
13,19748189,19748189,TUBA3C,c.1167T>C,p.A389A,0.72,Uncertain Significance,
13,19751274,19751274,TUBA3C,c.849C>T,p.H283H,3.84,Uncertain Significance,0.007
13,19751289,19751289,TUBA3C,c.834C>T,p.A278A,4.66,Uncertain Significance,0.009
13,19751301,19751301,TUBA3C,c.822G>A,p.P274P,1.20,Uncertain Significance,0.038
13,19751586,19751586,TUBA3C,c.537G>A,p.T179T,2.53,Uncertain Significance,0.002
13,19753629,19753629,TUBA3C,c.78G>T,p.L26L,1.43,Uncertain Significance,
13,28609813,28609814,FLT3,c.1419-4dup; n.1485-4dup,,2.25,Uncertain Significance,0.541
13,28609814,28609814,FLT3,c.1419-4del; n.1485-4del,,10.12,Uncertain Significance,0.286
13,28610183,28610183,FLT3,n.1376-3T>C; c.1310-3T>C,,99.69,Uncertain Significance,70.039
13,28624294,28624294,FLT3,n.746C>T; c.680C>T,p.T227M,49.59,Benign,59.806
13,28626716,28626716,FLT3,n.646G>A; c.580G>A,p.V194M,50.85,Likely Benign,0.493
13,28636084,28636084,FLT3,n.354C>T; c.288C>T,p.D96D,99.63,Benign,98.285
13,32907421,32907421,BRCA2,n.2012del; c.424+2261del; c.1444del; c.1813del,p.I605Yfs*9; p.I482Yfs*9,1.33,Pathogenic,0.003
13,32913055,32913055,BRCA2,c.4563A>G; n.4762A>G; c.425-5640A>G; c.4194A>G; c.1909+5531A>G,p.L1398L; p.L1521L,76.26,Benign,99.275
13,32915005,32915005,BRCA2,c.425-3690G>C; c.1910-3690G>C; c.6144G>C; c.6513G>C; n.6712G>C,p.V2048V; p.V2171V,95.06,Benign,99.253
13,32929387,32929387,BRCA2,c.980T>C; c.7301T>C; c.7028T>C; c.7397T>C; n.7596T>C; c.2465T>C,p.V2434A; p.V2343A; p.V2466A; p.V327A; p.V822A,99.87,Benign,99.343
13,32954023,32954023,BRCA2,c.2680del; c.4165del; c.9046del; c.8728del; c.9001del; c.9097del; n.9360del,p.T1389Lfs*29; p.T3033Lfs*29; p.T2910Lfs*29; p.T3016Lfs*29; p.T894Lfs*29; p.T3001Lfs*29,1.01,Pathogenic,0.001
13,48937028,48937028,RB1,c.796del,p.Q266Nfs*2,0.51,Likely Pathogenic,
14,86088056,86088056,FLRT2,c.198T>C,p.T66T,97.82,Benign,99.769
15,66727454,66727456,MAP2K1,c.170_172delinsGAT; c.104_106delinsGAT,p.K35_Q36delinsR*; p.K57_Q58delinsR*,2.70,Uncertain Significance,
15,74328116,74328116,PML,c.*1119A>G; c.*2167A>G; c.*35+1245A>G; c.*639A>G; c.2314A>G; c.1710+1245A>G; c.1566+1245A>G; c.1255-232A>G; c.2170A>G,p.S772G; p.S724G,98.36,Benign,52.387
15,74328141,74328141,PML,c.1710+1270G>T; c.*664G>T; c.*35+1270G>T; c.2195G>T; c.1566+1270G>T; c.1255-207G>T; c.*2192G>T; c.*1144G>T; c.2339G>T,p.G732V; p.G780V,97.74,Benign,36.446
15,82557918,82557918,SAXO2,c.-80A>C; c.28+2389A>C; c.62A>C; c.53+2645A>C; c.-136A>C,p.H21P,0.51,Uncertain Significance,
15,82558034,82558034,SAXO2,c.178G>C; c.-20G>C; c.28+2505G>C; c.53+2761G>C; c.37G>C,p.A60P; p.A13P,80.78,Benign,61.085
15,82563991,82563991,SAXO2,c.28+8462C>T; c.56C>T; c.140C>T; c.281C>T; c.233+5902C>T; c.101C>T,p.P94L; p.P47L; p.P34L; p.P19L,99.42,Benign,43.935
15,88679785,88679785,NTRK3,c.384C>T; c.678C>T *; c.678C>T,p.N226N; p.N128N,99.77,Benign,99.673
15,88680684,88680684,NTRK3,c.573C>T; c.279C>T,p.N191N; p.N93N,44.27,Benign,26.061
15,91295064,91295064,BLM,c.-445A>G; c.847A>G,p.T283A,1.94,Uncertain Significance,0.003
15,91304139,91304139,BLM,c.419del; c.1544del,p.N515Mfs*16; p.N140Mfs*16,3.68,Pathogenic,0.004
16,3778401,3778403,CREBBP,c.6645_6647del; c.6531_6533del,p.Q2216del; p.Q2178del,0.69,Uncertain Significance,0.003
16,3779136,3779138,CREBBP,c.5910_5912del; c.5796_5798del,p.Q1932del; p.Q1970del,1.04,Uncertain Significance,0.016
16,3779183,3779183,CREBBP,c.5865G>A; c.5751G>A,p.A1955A; p.A1917A,47.38,Likely Benign,0.051
16,3808053,3808054,CREBBP,c.3256-5_3256-4del; c.3370-5_3370-4del,,2.22,Likely Benign,0.205
16,3808053,3808053,CREBBP,c.3370-4del; c.3256-4del,,16.17,Benign,25.610
17,263294,263294,C17orf97; LOC105371430; LIAT1,c.304+2857C>G; n.46-90G>C; c.660C>G,p.D220E,0.95,Benign,23.003
17,263456,263456,C17orf97; LOC105371430; LIAT1,c.304+3019T>C; n.46-252A>G; c.822T>C,p.G274G,7.87,Likely Benign,0.016
17,263652,263652,C17orf97; LOC105371430; LIAT1,c.304+3215G>A; n.45+118C>T; c.1018G>A,p.E340K,1.23,Uncertain Significance,0.002
17,263682,263682,C17orf97; LOC105371430; LIAT1,c.304+3245G>A; n.45+88C>T; c.1048G>A,p.E350K,3.38,Uncertain Significance,0.001
17,263684,263684,C17orf97; LOC105371430; LIAT1,n.45+86C>G; c.304+3247G>C; c.1050G>C,p.E350D,1.94,Uncertain Significance,
17,263712,263712,C17orf97; LOC105371430; LIAT1,c.304+3275G>A; n.45+58C>T; c.1078G>A,p.E360K,7.33,Uncertain Significance,0.001
17,1559777,1559777,PRPF8,c.5567A>C; c.5702A>C; c.5555A>C,p.K1901T; p.K1856T; p.K1852T,0.57,Uncertain Significance,
17,16855878,16855878,TNFRSF13B,c.81G>A; c.62-3581G>A,p.T27T,99.40,Benign,80.823
17,29490295,29490295,NF1,c.380G>A,p.G127E,1.11,Likely Pathogenic,
17,29508775,29508775,NF1,c.702G>A,p.L234L,50.09,Benign,62.010
17,29528117,29528117,NF1,c.1125A>T,p.L375L,0.58,Uncertain Significance,
17,29528142,29528142,NF1,c.1150T>C,p.F384L,6.01,Likely Pathogenic,
17,29541476,29541476,NF1,c.1430C>T; c.1445C>T; c.1400C>T,p.T482I; p.T477I; p.T467I,12.73,Pathogenic,
17,29550487,29550487,NF1,c.1778del; c.1793del; c.1748del,p.K598Rfs*3; p.K583Rfs*3; p.K593Rfs*3,0.64,Likely Pathogenic,
17,29553485,29553485,NF1,c.2079G>A; c.2034G>A; c.2064G>A,p.P678P; p.P693P; p.P688P,48.04,Benign,38.412
17,29554312,29554312,NF1,c.2325+3A>G; c.2355+3A>G; c.2370+3A>G,,1.22,Pathogenic,
17,29554541,29554541,NF1,c.2356G>A; c.2371G>A; c.2326G>A,p.A786T; p.A791T; p.A776T,1.36,Pathogenic,
17,29554582,29554582,NF1,c.2397G>A; c.2367G>A; c.2412G>A,p.K799K; p.K789K; p.K804K,26.67,Uncertain Significance,
17,29554589,29554589,NF1,c.2419C>T; c.2374C>T; c.2404C>T,p.L802F; p.L792F; p.L807F,24.46,Pathogenic,
17,30267331,30267331,SUZ12,c.301C>T,p.R101*,1.01,Likely Pathogenic,
17,30302737,30302737,SUZ12,c.754+15del; c.823+15del,,11.46,Likely Benign,2.318
17,30303572,30303572,SUZ12,c.856C>T; c.787C>T,p.R263*; p.R286*,1.00,Likely Pathogenic,
17,30310124,30310124,SUZ12,c.954+1G>C; c.1023+1G>C,,1.22,Likely Pathogenic,
17,37922259,37922259,IKZF3,c.1080C>T; c.651C>T; c.1197C>T; c.1029C>T; c.912C>T; c.768C>T; c.573C>T; c.1095C>T; c.1212C>T; c.1314C>T; c.1053C>T; c.1146C>T; c.885C>T,p.S438S; p.S217S; p.S404S; p.S304S; p.S343S; p.S365S; p.S399S; p.S256S; p.S295S; p.S382S; p.S360S; p.S351S; p.S191S,45.25,Benign,40.115
17,41223094,41223094,BRCA1,c.310A>G; c.4903A>G; c.4759A>G; c.4711A>G; c.4900A>G; c.1387A>G; c.-98-20887A>G; c.1525A>G; c.3949A>G; c.4696A>G; c.1444A>G; c.4624A>G; c.5-7126A>G; c.4834A>G; c.4837A>G,p.S1587G; p.S1566G; p.S1317G; p.S104G; p.S463G; p.S482G; p.S1613G; p.S1571G; p.S1635G; p.S1634G; p.S1612G; p.S509G; p.S1542G,49.58,Benign,34.998
17,41231419,41231419,BRCA1,c.4280-2788C>T; c.1049-2791C>T; c.968-2791C>T; c.4145-2788C>T; c.4232-2788C>T; c.908-2788C>T; c.4358-2788C>T; c.1046-2788C>T; c.-98-29212C>T; c.4358-3C>T; c.3470-2788C>T; c.5-15451C>T; c.-43-4881C>T; c.4217-2788C>T; c.4358-2791C>T,,0.65,Uncertain Significance,
17,41234470,41234470,BRCA1,c.4095T>C; c.918T>C; c.-43-7932T>C; c.5-18502T>C; c.4182T>C; c.858T>C; c.-98-32263T>C; c.4308T>C; c.4167T>C; c.3420T>C; c.4230T>C; c.996T>C; c.999T>C,p.S1140S; p.S306S; p.S1394S; p.S1365S; p.S1410S; p.S1389S; p.S332S; p.S1436S; p.S333S; p.S286S,47.47,Benign,34.330
17,41244000,41244000,BRCA1,c.3470A>G; c.3422A>G; c.3335A>G; c.-43-17462A>G; c.5-28032A>G; c.707-951A>G; c.-99+33288A>G; c.3548A>G; c.3407A>G; c.647-951A>G; c.2660A>G; c.788-951A>G; c.785-951A>G,p.K1112R; p.K1157R; p.K1136R; p.K887R; p.K1183R; p.K1141R,46.94,Benign,34.855
17,41244435,41244435,BRCA1,c.-43-17897A>G; c.647-1386A>G; c.-99+32853A>G; c.2225A>G; c.3113A>G; c.2987A>G; c.5-28467A>G; c.788-1386A>G; c.785-1386A>G; c.2972A>G; c.3035A>G; c.2900A>G; c.707-1386A>G,p.E991G; p.E1038G; p.E996G; p.E742G; p.E1012G; p.E967G,46.24,Benign,34.300
17,41244936,41244936,BRCA1,c.2486C>T; c.2399C>T; c.787+1825C>T; c.2471C>T; c.646+1825C>T; c.706+1825C>T; c.5-28968C>T; c.784+1825C>T; c.1724C>T; c.2534C>T; c.-43-18398C>T; c.-99+32352C>T; c.2612C>T,p.P575L; p.P829L; p.P871L; p.P800L; p.P824L; p.P845L,44.96,Benign,41.275
17,41245237,41245237,BRCA1,c.2185T>C; c.5-29269T>C; c.706+1524T>C; c.646+1524T>C; c.784+1524T>C; c.2233T>C; c.-43-18699T>C; c.2170T>C; c.-99+32051T>C; c.2311T>C; c.1423T>C; c.2098T>C; c.787+1524T>C,p.L724L; p.L700L; p.L745L; p.L771L; p.L475L; p.L729L,49.01,Benign,34.216
17,41245466,41245466,BRCA1,c.706+1295C>T; c.1956C>T; c.1194C>T; c.1869C>T; c.2004C>T; c.-99+31822C>T; c.2082C>T; c.787+1295C>T; c.5-29498C>T; c.-43-18928C>T; c.784+1295C>T; c.646+1295C>T; c.1941C>T,p.S623S; p.S668S; p.S694S; p.S398S; p.S652S; p.S647S,43.28,Benign,34.860
17,41245587,41245587,BRCA1,c.646+1174del; c.1835del; c.1073del; c.1883del; c.1748del; c.-99+31701del; c.1961del; c.5-29619del; c.-43-19049del; c.787+1174del; c.784+1174del; c.706+1174del; c.1820del,p.K358Sfs*47; p.K583Sfs*47; p.K607Sfs*47; p.K628Sfs*47; p.K612Sfs*47; p.K654Sfs*47,1.97,Pathogenic,0.001
17,74732507,74732507,MFSD11; SRSF2,c.-1928A>G; c.-1812A>G; c.-733A>G; c.-1623A>G; n.573T>C; n.-1694A>G; c.402T>C; c.-1530A>G; c.402T>C *; c.-1645A>G; c.-738A>G; n.-209A>G; c.-1269A>G; c.366T>C,p.S122S; p.S134S,99.92,Benign,99.703
17,74733099,74733099,MFSD11; MIR636; SRSF2,n.-1102G>A; c.-141G>A; n.-469C>T; c.-1336G>A; c.-1053G>A; n.315C>T; c.-938G>A; c.-146G>A; c.-1220G>A; c.-1031G>A; n.384G>A; c.144C>T; c.-677G>A,p.D48D,97.00,Benign,88.440
18,42456653,42456653,SETBP1,c.540+7405G>A; c.664G>A,p.A222T,50.86,Benign,52.534
18,42456670,42456671,SETBP1,c.540+7422_540+7423insTCTT; c.681_682insTCTT,p.T228Sfs*8,52.12,Benign,52.471
18,42529996,42529996,SETBP1,c.691G>C,p.V231L,45.54,Benign,19.023
18,42532693,42532693,SETBP1,c.3388C>A,p.P1130T,51.90,Benign,13.296
18,42532741,42532741,SETBP1,c.3436C>T,p.R1146W,1.26,Uncertain Significance,0.000
18,42533130,42533130,SETBP1,c.3825A>G,p.S1275S,99.21,Benign,88.475
19,855966,855966,ELANE,c.606C>A,p.S202S,50.80,Benign,12.308
19,10265312,10265312,DNMT1,c.1419A>G; c.1734A>G; c.1782A>G,p.T578T; p.T594T; p.T473T,99.95,Benign,99.074
19,10912992,10912992,DNM2,c.1451C>G,p.S484C,1.20,Uncertain Significance,
19,10939792,10939792,DNM2,c.2139T>C; c.2127T>C,p.A709A; p.A713A,51.49,Benign,31.112
19,33792755,33792757,CEBPA; CEBPA-DT,c.564_566del; c.522_524del; c.207_209del; c.669_671del; n.-954_-952del,p.P175del; p.P70del; p.P189del; p.P224del,1.40,Likely Benign,0.595
19,33793008,33793010,CEBPA; CEBPA-DT,c.416_418del; c.269_271del; c.-47_-45del; n.-703_-701del; c.311_313del,p.G139del; p.G90del; p.G104del,0.53,Likely Benign,0.034
19,45284236,45284236,CBLC,c.428A>G,p.K143R,12.63,Uncertain Significance,
19,56180968,56180968,U2AF2,c.1191C>T; c.1203C>T,p.D397D; p.D401D,99.78,Benign,86.871
20,30946592,30946594,ASXL1,c.-508_-506del; c.25_27del; c.-947_-945del,p.K9del,1.22,Likely Benign,0.035
20,31022959,31022959,ASXL1,c.1869+575T>C; c.2429T>C; c.2261C>T *; c.2261T>C; c.2444C>T *,p.P815L; p.P754L; p.L754P; p.L810P,96.16,Benign,99.999
20,31024274,31024274,ASXL1,c.3576T>C; c.3744T>C; c.1869+1890T>C; c.3759T>C,p.S1253S; p.S1192S; p.S1248S,92.15,Benign,41.808
20,43264927,43264927,ADA,c.-254G>A; n.128G>A; c.36G>A; c.99G>A; c.-115G>A; c.114G>A; c.-118G>A; c.111G>A,p.V33V; p.V12V; p.V37V; p.V38V,99.85,Benign,99.525
20,57466868,57466868,GNAS,c.44-3799G>C; c.2069-3799G>C; c.-39+2909G>C; c.-39+2600G>C; c.*1-3799G>C; n.406+2995G>C; c.87G>C; c.-418G>C; c.*159-3799G>C; c.*51+1024G>C; c.*43-3799G>C; c.-38-3799G>C; c.-39+2460G>C; n.-350G>C; c.-39+2995G>C,p.Q29H,3.37,Uncertain Significance,
20,57478807,57478807,GNAS,c.393C>T; c.396C>T; c.*299C>T; c.174C>T; c.*296C>T; c.351C>T; c.2322C>T; c.2325C>T; c.*254C>T; c.66C>T; c.297C>T; c.*305C>T; c.219C>T; c.2277C>T; c.216C>T; c.348C>T,p.I775I; p.I117I; p.I72I; p.I116I; p.I73I; p.I759I; p.I132I; p.I131I; p.I58I; p.I22I; p.I99I; p.I774I,99.84,Benign,54.473
20,62320968,62320968,RTEL1-TNFRSF6B; RTEL1,c.1992T>C; n.2819T>C; c.1323T>C; c.2064T>C,p.D688D; p.D664D; p.D441D,97.97,Benign,74.921
20,62321189,62321189,RTEL1-TNFRSF6B; RTEL1,c.2112C>T; c.1443C>T; c.2184C>T; n.2939C>T,p.D481D; p.D728D; p.D704D,47.43,Benign,7.736
20,62321655,62321655,RTEL1-TNFRSF6B; RTEL1,c.2274G>A; c.1605G>A; c.2346G>A; n.3101G>A,p.A535A; p.A758A; p.A782A,98.77,Benign,74.190
20,62322288,62322288,RTEL1-TNFRSF6B; RTEL1,c.2544T>C; c.2616T>C; n.3371T>C; c.1875T>C,p.P625P; p.P848P; p.P872P,98.99,Benign,75.007
20,62326110,62326110,RTEL1-TNFRSF6B; RTEL1; TNFRSF6B,n.3953A>C; c.2457A>C; c.-2011A>C; c.3126A>C; c.3198A>C,p.Q1042H; p.Q819H; p.Q1066H,99.42,Benign,75.489
20,62326579,62326579,RTEL1-TNFRSF6B; RTEL1; TNFRSF6B,c.3571+5G>T; c.2830+5G>T; c.3499+5G>T; c.-1542G>T; n.4326+5G>T,,51.26,Benign,14.281
20,62327199,62327199,RTEL1-TNFRSF6B; RTEL1; TNFRSF6B,c.-922A>G; c.3891A>G; n.4718A>G; c.*61A>G,p.P1297P,52.80,Benign,5.938
21,36252854,36252854,RUNX1,c.508G>C; c.427G>C,p.G170R; p.G143R,52.16,Likely Pathogenic,
22,17669306,17669306,ADA2,c.644A>G; c.398A>G; c.281A>G; c.1004A>G; c.878A>G,p.H335R; p.H215R; p.H94R; p.H133R; p.H293R,46.05,Benign,34.448
22,17690409,17690409,ADA2,c.33C>T; c.-38-2229C>T; c.159C>T,p.N11N; p.N53N,49.54,Benign,43.280
22,23523630,23523630,BCR,c.483C>A,p.I161I,90.48,Benign,28.124
22,23627369,23627369,BCR,c.2387A>G,p.N796S,99.49,Benign,81.784
22,23651619,23651619,BCR,c.3021G>A; c.2889G>A,p.P963P; p.P1007P,19.29,Likely Benign,0.202
22,23653880,23653880,BCR,c.3183-4G>A; c.3051-4G>A,,48.03,Benign,38.099
22,23654012,23654012,BCR,c.3311C>G; c.3179C>G,p.A1060G; p.A1104G,3.21,Uncertain Significance,0.001
22,23654017,23654017,BCR,c.3316G>A; c.3184G>A,p.D1062N; p.D1106N,4.39,Likely Pathogenic,0.024
22,23655084,23655084,BCR,c.3333C>T; c.3201C>T,p.D1067D; p.D1111D,44.85,Benign,18.052
22,23657664,23657664,BCR,c.3771C>T; c.3639C>T,p.A1257A; p.A1213A,26.72,Likely Benign,0.336
22,29083909,29083909,CHEK2,c.1608A>G; c.1737A>G; c.948A>G; c.1335A>G; c.945A>G; c.1521A>G; c.1407A>G,p.P316P; p.P579P; p.P469P; p.P536P; p.P315P; p.P445P; p.P507P,4.62,Uncertain Significance,0.000
22,29090030,29090031,CHEK2,c.790_791delinsT; c.787_788delinsT; c.1177_1178delinsT; c.1579_1580delinsT; c.1450_1451delinsT; c.1363_1364delinsT; c.1249_1250delinsT,p.P263Cfs*8; p.P527Cfs*8; p.P455Cfs*8; p.P484Cfs*8; p.P264Cfs*8; p.P417Cfs*8; p.P393Cfs*8,0.51,Likely Pathogenic,
22,29090043,29090043,CHEK2,c.778G>A; c.1237G>A; c.1438G>A; c.1351G>A; c.1567G>A; c.1165G>A; c.775G>A,p.A451T; p.A413T; p.A523T; p.A259T; p.A389T; p.A480T; p.A260T,0.57,Uncertain Significance,0.001
22,29090054,29090054,CHEK2,c.1154C>T; c.764C>T; c.1427C>T; c.1226C>T; c.1340C>T; c.1556C>T; c.767C>T,p.T256M; p.T476M; p.T255M; p.T385M; p.T409M; p.T519M; p.T447M,15.28,Uncertain Significance,0.031
22,29090064,29090064,CHEK2,c.1417G>A; c.1216G>A; c.1330G>A; c.1546G>A; c.757G>A; c.1144G>A; c.754G>A,p.A473T; p.A253T; p.A444T; p.A406T; p.A516T; p.A252T; p.A382T,3.10,Uncertain Significance,
22,29091142,29091142,CHEK2,c.1261G>A; c.685G>A; c.1075G>A; c.1348G>A; c.688G>A; c.1477G>A; c.1147G>A,p.E421K; p.E229K; p.E359K; p.E383K; p.E493K; p.E450K; p.E230K,8.05,Likely Pathogenic,
22,30742328,30742330,SF3A1,c.364_366del,p.Q122del,1.08,Uncertain Significance,0.006
22,41551039,41551039,EP300,c.3183T>A; c.3105T>A,p.T1061T; p.T1035T,99.78,Benign,65.695
22,41566525,41566525,EP300,c.4408del; c.4330del,p.M1444Cfs*26; p.M1470Cfs*26,1.31,Pathogenic,
22,41574351,41574351,EP300,c.6558G>A; c.6636G>A,p.Q2186Q; p.Q2212Q,45.83,Likely Benign,0.194
X,1314931,1314931,CRLF2,c.394G>A; c.730G>A; n.924G>A,p.V132M; p.V244M,49.03,Benign,6.094
X,1331495,1331495,CRLF2,c.-201C>G; c.33C>G; n.48C>G,p.A11A,52.06,Benign,21.325
X,15343205,15343205,PIGA,n.660G>T; c.216G>T; n.376G>T; c.918G>T,p.L72L; p.L306L,2.83,Uncertain Significance,
X,15838366,15838366,ZRSR2,c.864C>T; c.786C>T,p.N288N; p.N262N,48.78,Benign,52.758
X,15841311,15841311,ZRSR2,c.1317C>G; c.1395C>G,p.G465G; p.G439G,2.81,Likely Benign,
X,15841319,15841319,ZRSR2,c.1325G>A; c.1403G>A,p.R468K; p.R442K,4.77,Uncertain Significance,
X,34149267,34149267,FAM47A,c.1129G>T,p.A377S,51.28,Benign,20.016
X,39922944,39922951,BCOR,c.3601_3608del; c.3757_3764del; c.3655_3662del,p.T1201Efs*21; p.T1219Efs*21; p.T1253Efs*21,1.22,Likely Pathogenic,
X,39931673,39931673,BCOR,c.2926C>T,p.R976*,3.21,Pathogenic,
X,39932000,39932000,BCOR,c.2599G>T,p.E867*,0.51,Likely Pathogenic,
X,39932085,39932085,BCOR,c.2514C>A,p.P838P,47.41,Likely Benign,0.065
X,39933339,39933339,BCOR,c.1260T>C,p.D420D,96.84,Benign,89.920
X,39933509,39933510,BCOR,c.1089dup,p.I364Dfs*17,1.69,Likely Pathogenic,
X,47057647,47057647,UBA1,c.1-555A>G,,99.83,Benign,99.806
X,47062534,47062534,UBA1; INE1,c.1340G>A; n.-1713G>A,p.R447H,49.71,Benign,18.446
X,76812945,76812947,ATRX,c.6560_6562del; c.6674_6676del; c.1772_1774del,p.K2225del; p.K2187del; p.K591del,0.55,Uncertain Significance,
X,129147079,129147079,BCORL1,c.331T>C *; c.331T>C,p.F111L; p.L111L,97.46,Benign,99.998
X,129147373,129147373,BCORL1,c.625G>A,p.G209S,49.82,Benign,7.267
X,130678467,130678467,IGSF1; OR13H1,c.420A>G; c.-913+34175T>C,p.V140V,50.98,Benign,64.296
X,130678844,130678844,IGSF1; OR13H1,c.797A>C; c.-913+33798T>G,p.Y266S,47.73,Benign,64.337
X,153994596,153994596,DKC1,n.471G>T; n.948G>T; c.-241G>T; c.369G>T; c.282G>T,p.T123T; p.T94T,99.89,Benign,99.752
X,153999117,153999117,DKC1,c.960T>G; n.1697T>G; n.1471T>G; n.1578T>G; c.879T>G; c.999T>G; c.390T>G; c.912T>G,p.I333M; p.I320M; p.I304M; p.I293M; p.I130M,0.72,Uncertain Significance,
X,154005089,154005091,DKC1,n.2091_2093del; c.903_905del; n.1984_1986del; c.1425_1427del; c.*738_*740del; n.2210_2212del; c.1512_1514del; c.1392_1394del; c.1473_1475del; c.1511_1513del; c.1497_1499del; c.*471_*473del,p.R504del; p.K476del; p.K500del; p.K505del; p.K492del; p.K465del; p.K302del,1.16,Likely Benign,0.380

