Chromosome,Position,End Position,Gene Symbol,Transcript Variant,Protein Variant,1795D - Allele Fraction,Classification,gnomAD Frequency
1,12918885,12918885,PRAMEF2,c.21G>C,p.P7P,4.19,Likely Benign,0.393
1,12918891,12918891,PRAMEF2,c.27A>C,p.L9L,3.40,Benign,6.355
1,12921114,12921114,PRAMEF2,c.905G>A,p.C302Y,2.48,Uncertain Significance,0.041
1,12921119,12921119,PRAMEF2,c.910A>T,p.N304Y,2.76,Uncertain Significance,0.194
1,12921127,12921127,PRAMEF2,c.918A>G,p.L306L,5.11,Benign,26.699
1,12921136,12921137,PRAMEF2,c.927_928delinsTG,p.L310V,5.54,Likely Pathogenic,
1,35250819,35250819,GJB3,c.456C>T,p.L152L,1.91,Uncertain Significance,
1,35251161,35251161,GJB3,c.798C>T,p.N266N,51.28,Benign,8.893
1,43805046,43805046,MPL,c.475A>G; c.496A>G,p.R159G; p.R166G,0.57,Uncertain Significance,
1,47685455,47685455,TAL1,c.933A>G; c.456A>G *; c.933A>G *,p.K311K; p.K152K,98.77,Benign,100.000
1,65306997,65306997,JAK1,c.2451del; c.2475del; c.2448del; c.2580del; c.2577del; c.2574del,p.K816Nfs*16; p.K817Nfs*16; p.K858Nfs*16; p.K859Nfs*16; p.K860Nfs*16; p.K825Nfs*16,1.00,Pathogenic,
1,65310489,65310489,JAK1,c.2199A>G; c.2067A>G; c.2070A>G; c.2193A>G; c.2196A>G,p.P690P; p.P733P; p.P689P; p.P731P; p.P732P,51.30,Benign,30.343
1,65330630,65330630,JAK1,c.887del; c.1016del; c.1010del; c.884del,p.N296Ifs*3; p.N339Ifs*3; p.N337Ifs*3; p.N295Ifs*3,0.68,Likely Pathogenic,0.000
1,65339111,65339111,JAK1,c.425del,p.K142Rfs*24; p.K142Rfs*26,1.00,Likely Pathogenic,
2,47739551,47739551,KCNK12; MSH2,n.2748A>G; n.3260A>G; c.*133A>G; c.1847A>G; n.2622A>G; c.2324A>G; n.3103A>G; n.2974A>G; n.2913A>G; c.1388A>G; n.2630A>G; c.2744A>G; n.2575A>G; c.2594A>G; c.2711A>G; n.2780A>G; c.*8495T>C,p.Q904R; p.Q915R; p.Q865R; p.Q616R; p.Q463R; p.Q775R,48.35,Benign,42.795
2,48010558,48010558,MSH6,c.-37-7508C>A; c.-743C>A; c.-143C>A; c.-280+188C>A; c.-724C>A; c.186C>A; c.-397C>A; c.-1163C>A; c.-1329C>A; n.275C>A; c.-69+188C>A; c.-721C>A; c.-354C>A; c.-38+188C>A; c.-625C>A; c.-551C>A; c.-809C>A; c.-1064C>A; c.131C>A; c.-914C>A; c.-398C>A; c.-654C>A; c.-820C>A,p.A44D; p.R62R,47.58,Benign,13.829
2,48018081,48018081,MSH6,c.108A>G; c.-653A>G; c.-68-4952A>G; c.-719A>G; c.276A>G; n.365A>G; c.237+7472A>G; c.198A>G; c.-461A>G; c.-280+7449A>G; c.-279-7669A>G; c.-627A>G; c.-308A>G; c.-22A>G; c.372A>G,p.P92P; p.P66P; p.P36P; p.P124P,50.12,Benign,13.454
2,48023115,48023115,MSH6,c.-455T>C; c.238-2635T>C; c.243T>C; c.636T>C; c.-279-2635T>C; n.629T>C; c.540T>C; c.462T>C; c.372T>C; c.-363T>C; c.546T>C; c.15T>C,p.D180D; p.D212D; p.D81D; p.D182D; p.D154D; p.D5D; p.D124D,50.30,Benign,21.489
2,48030640,48030640,MSH6,c.3093del; c.3261del; c.2355del; c.3267del; c.3183del; c.3173-2110del; c.108del; n.3451del; c.3173-86del; c.2964del; c.2397del; c.3357del; n.3522del; c.2871del; n.3350del; c.1206del; n.2191del; c.42del; c.2736del; c.1695del,p.F786Sfs*2; p.F913Sfs*2; p.F958Sfs*2; p.F1088Sfs*2; p.F37Sfs*2; p.F989Sfs*2; p.F1032Sfs*2; p.F1090Sfs*2; p.F566Sfs*2; p.F800Sfs*2; p.F1120Sfs*2; p.F403Sfs*2; p.F1062Sfs*2; p.F15Sfs*2,1.03,Pathogenic,0.001
2,61720156,61720156,XPO1,c.1278A>C; c.885A>C; c.1233A>C; c.777A>C; c.921A>C; c.1062A>C; c.1002A>C,p.K307N; p.K426N; p.K259N; p.K411N; p.K334N; p.K354N; p.K295N,2.64,Uncertain Significance,
2,198257795,198257795,SF3B1,c.3657A>G,p.V1219V,50.14,Benign,66.086
2,198265526,198265526,SF3B1,c.2631T>C,p.G877G,50.10,Benign,66.033
2,198283305,198283305,SF3B1,c.423A>G,p.K141K,47.71,Benign,66.128
2,204736106,204736106,CTLA4,c.457+450G>A; c.463G>A; c.110-1325G>A; c.535G>A,p.E155K; p.E179K,7.25,Uncertain Significance,
3,10078012,10078012,RNU6-670P; FANCD2,n.-1218del; c.486del,p.F162Lfs*19,1.23,Likely Pathogenic,
3,10088266,10088266,FANCD2,c.1137G>T,p.V379V,12.19,Benign,18.180
3,10088299,10088299,FANCD2,c.1170C>T,p.S390S,17.60,Benign,25.706
3,10088308,10088308,FANCD2,c.1179T>C,p.T393T,18.00,Benign,26.856
3,10088343,10088343,FANCD2,c.1214A>G,p.N405S,19.67,Benign,25.717
3,10089723,10089723,FANCD2,c.1401G>A,p.T467T,3.85,Benign,41.841
3,10089738,10089738,FANCD2,c.1413+3A>G,,4.09,Benign,39.278
3,10091084,10091084,FANCD2,c.1440T>C,p.H480H,0.83,Likely Benign,0.029
3,10106408,10106408,FANCD2,c.2022-5C>T; c.1911-5C>T,,0.59,Likely Benign,0.051
3,10106532,10106532,FANCD2,c.2030C>T; c.2141C>T,p.P677L; p.P714L,4.10,Benign,14.696
3,10107147,10107147,FANCD2,c.2238C>T; c.2127C>T,p.N746N; p.N709N,1.31,Uncertain Significance,0.003
3,10107168,10107168,FANCD2,c.2148T>C; c.2259T>C,p.D753D; p.D716D,1.91,Uncertain Significance,0.003
3,10142949,10142949,FANCD2OS; FANCD2,c.*43+2933G>A; c.*3C>T,,99.62,Benign,32.842
3,37053568,37053568,MLH1,c.-172A>G; c.655A>G; c.-275A>G; c.-162A>G; c.361A>G; c.-69A>G; c.556A>G,p.I219V; p.I121V; p.I186V,99.88,Uncertain Significance,23.247
3,37059049,37059049,MLH1,c.120A>C; c.-37+3014A>C; c.-139-2752A>C; c.744A>C; c.549A>C; c.843A>C; c.677+5459A>C,p.A40A; p.A248A; p.A183A; p.A281A,50.15,Likely Benign,0.010
3,105389153,105389153,CBLB,n.3129T>C; c.2547T>C; n.2886T>C; c.2550T>C; n.2930T>C; n.2751T>C; c.2697T>C; n.2975T>C; c.1284T>C; n.2841T>C; c.1701T>C; c.1833T>C; n.2641T>C; c.1686T>C; c.1554T>C; c.2613T>C; c.2481T>C; c.2466T>C; c.1293T>C; c.2334T>C,p.P431P; p.P562P; p.P871P; p.P778P; p.P822P; p.P899P; p.P428P; p.P567P; p.P611P; p.P850P; p.P827P; p.P849P; p.P518P,51.27,Benign,22.367
3,105422844,105422844,CBLB,c.252G>A; c.801G>A; n.1986G>A; n.1623G>A; c.1647G>A; c.1665G>A; n.1920G>A; n.1660G>A; n.2004G>A; n.1872G>A; c.1581G>A; n.1696G>A; c.1434G>A; c.393G>A,p.T527T; p.T549T; p.T478T; p.T555T; p.T267T; p.T84T; p.T131T,48.61,Benign,72.630
3,105438957,105438957,CBLB,c.1341A>C; c.1425A>C; n.1420A>C; c.12A>C; n.1680A>C; c.1407A>C; n.1383A>C; n.1456A>C; c.153A>C; c.561A>C; c.1194A>C; n.1764A>C; n.1632A>C,p.L447L; p.L469L; p.L4L; p.L51L; p.L475L; p.L187L; p.L398L,49.15,Benign,22.577
3,105439026,105439026,CBLB,c.1356C>T; n.1351C>T; c.84C>T; n.1695C>T; n.1563C>T; c.1338C>T; n.1611C>T; n.1314C>T; c.-58C>T; c.1272C>T; n.1387C>T; c.492C>T; c.1125C>T,p.D164D; p.D375D; p.D452D; p.D424D; p.D446D; p.D28D,49.53,Benign,22.469
3,128202131,128202131,GATA2,c.1299+572C>T; c.1017+572C>T,,49.54,Pathogenic,
3,128202754,128202754,GATA2,c.966C>T; c.1248C>T,p.Y416Y; p.Y322Y,1.39,Uncertain Significance,0.001
3,128205860,128205860,GATA2,c.297C>G; c.15C>G,p.P99P; p.P5P,47.25,Benign,66.313
3,187447032,187447032,LOC100131635; BCL6,n.294-3127G>A; c.1161C>T,p.N387N,99.62,Benign,64.365
4,1807894,1807894,FGFR3,c.1956G>A; n.2379G>A; c.1959G>A; c.1953G>A; c.1617G>A,p.T651T; p.T652T; p.T539T; p.T653T,99.96,Benign,98.654
4,55141055,55141055,PDGFRA; ENSG00000282278,c.1740A>G; c.1776A>G; c.1701A>G; c.1018-37A>G,p.P580P; p.P592P; p.P567P,99.85,Benign,98.760
4,55161391,55161391,PDGFRA; ENSG00000282278,c.2502T>C; c.3261T>C; c.3222T>C; c.3297T>C,p.D834D; p.D1099D; p.D1087D; p.D1074D,99.88,Benign,99.911
4,55593481,55593481,KIT,c.1641A>G; c.1626A>G; c.1629A>G; c.1128A>G; c.1638A>G,p.K547K; p.K546K; p.K543K; p.K542K; p.K376K,48.26,Benign,2.724
4,55972974,55972974,KDR,c.1416A>T,p.Q472H,48.89,Uncertain Significance,22.255
4,57333822,57333822,SRP72,n.40G>T; c.21G>T,p.G7G,51.85,Benign,22.522
4,57352505,57352505,SRP72,n.1120G>A; c.918G>A; c.1101G>A,p.Q306Q; p.Q367Q,7.63,Uncertain Significance,0.000
4,57352521,57352522,SRP72,n.1136_1137delinsAT; c.934_935delinsAT; c.1117_1118delinsAT,p.A312I; p.A373I,0.59,Uncertain Significance,
4,106196951,106196951,TET2; TET2-AS1,c.5284A>G; n.318+58592T>C; c.5347A>G,p.I1762V; p.I1783V,97.29,Benign,29.475
4,153268227,153268228,FBXW7,c.585-5dup; c.345-5dup; c.231-5dup,,3.90,Benign,6.481
4,153268228,153268230,FBXW7,c.345-7_345-5del; c.231-7_231-5del; c.585-7_585-5del,,1.74,Uncertain Significance,0.141
5,1294086,1294086,TERT,c.915G>A; n.994G>A,p.A305A,50.34,Benign,27.537
5,1294665,1294665,TERT,c.336del; n.415del,p.E113Rfs*15,1.48,Uncertain Significance,0.003
5,35861068,35861068,IL7R,c.197T>C; n.284T>C,p.I66T,91.73,Benign,62.570
5,35867541,35867541,IL7R,n.448del; c.361del,p.I121*,1.56,Uncertain Significance,0.000
5,35871190,35871190,IL7R,c.412G>A; n.499G>A,p.V138I,99.94,Benign,64.899
5,35871273,35871273,IL7R,c.495C>T; n.582C>T,p.H165H,48.53,Benign,12.679
5,35876251,35876251,IL7R,c.*160A>C; c.1043A>C; n.867A>C,p.N348T,47.02,Likely Benign,1.021
5,35876274,35876274,IL7R,c.*183A>G; c.1066A>G; n.890A>G,p.I356V,48.49,Benign,24.367
5,149433888,149433888,CSF1R,n.2653G>C; c.2760G>C; n.2724G>C; c.2316G>C,p.E920D; p.E772D,47.77,Likely Benign,0.278
5,149447806,149447808,CSF1R,n.1723_1725del; c.1596_1598del; n.1652_1654del; c.1152_1154del,p.L537del; p.L389del,0.87,Uncertain Significance,0.005
5,149457678,149457678,CSF1R,n.853C>T; c.282C>T; c.726C>T; n.782C>T,p.T242T; p.T94T,99.95,Benign,50.924
5,149459831,149459831,CSF1R,n.432C>T; c.-69C>T; c.376C>T; n.503C>T,p.P126S,0.89,Uncertain Significance,
5,149460553,149460553,CSF1R,c.-361T>C; c.84T>C; n.211T>C; n.140T>C,p.P28P,99.56,Benign,48.014
5,149495395,149495395,PDGFRB,c.3252A>G; c.2769A>G; c.3060A>G,p.P1084P; p.P923P; p.P1020P,47.37,Benign,34.047
5,149497177,149497177,PDGFRB,c.2945+4A>G; c.3137+4A>G; c.2654+4A>G,,52.56,Benign,34.877
5,149499672,149499672,PDGFRB,c.2601A>G; c.2118A>G; c.2409A>G,p.L706L; p.L803L; p.L867L,49.53,Benign,28.272
5,176675269,176675269,NSD1,c.4171del; c.3718del; c.3838del; c.4282del; c.4591del,p.M1240Cfs*43; p.M1280Cfs*43; p.M1428Cfs*43; p.M1391Cfs*43; p.M1531Cfs*43,0.51,Likely Pathogenic,
5,176721198,176721198,NSD1,c.5956T>C; c.1471T>C; c.6067T>C; c.6829T>C; c.6076T>C; c.5707T>C; c.6520T>C; c.6409T>C,p.L1986L; p.L2174L; p.L1903L; p.L491L; p.L2137L; p.L2277L; p.L2026L; p.L2023L,99.60,Benign,82.274
5,176940384,176940384,DDX41,c.822C>T; c.1200C>T,p.R274R; p.R400R,48.97,Benign,41.586
6,18139214,18139214,TPMT,c.474C>T; c.474T>C *,p.I158I,49.74,Benign,76.396
6,33287898,33287900,DAXX,c.1389_1391del; c.1128_1130del; c.1353_1355del,p.E457del; p.E382del; p.E469del,0.90,Uncertain Significance,0.031
7,2963941,2963943,CARD11,c.1864_1866del,p.S622del,1.11,Uncertain Significance,0.001
7,2966383,2966383,CARD11,c.1797A>G,p.L599L,0.85,Uncertain Significance,
7,6026775,6026775,PMS2,c.1513A>G; c.1645A>G; c.850A>G; c.1423A>G; c.1465A>G; c.1048A>G; c.1453A>G; c.1147A>G; c.804-4153A>G; c.1303A>G; c.1618A>G; c.1255A>G; c.1108A>G; c.1312A>G; n.1708A>G; c.1807A>G; c.1285A>G; c.1621A>G; c.803+10182A>G; c.1216A>G; c.1297A>G; c.1060A>G; c.688A>G; c.1156A>G,p.K429E; p.K603E; p.K433E; p.K489E; p.K541E; p.K230E; p.K383E; p.K505E; p.K549E; p.K386E; p.K354E; p.K475E; p.K540E; p.K350E; p.K370E; p.K419E; p.K435E; p.K284E; p.K406E; p.K438E; p.K485E,97.64,Benign,84.429
7,6026988,6026988,PMS2,c.835C>T; c.1594C>T; c.1084C>T; c.1042C>T; c.1003C>T; c.1405C>T; c.1240C>T; n.1495C>T; c.1300C>T; c.934C>T; c.1090C>T; c.475C>T; c.1252C>T; c.803+9969C>T; c.1099C>T; c.895C>T; c.847C>T; c.1072C>T; c.1210C>T; c.943C>T; c.804-4366C>T; c.637C>T; c.1432C>T; c.1408C>T,p.P470S; p.P159S; p.P434S; p.P478S; p.P418S; p.P414S; p.P299S; p.P279S; p.P312S; p.P364S; p.P283S; p.P469S; p.P348S; p.P335S; p.P367S; p.P404S; p.P315S; p.P213S; p.P532S; p.P362S; p.P358S,49.38,Benign,38.600
7,6027002,6027002,PMS2,c.1238A>G; c.1070A>G; c.821A>G; c.920A>G; c.1058A>G; c.989A>G; c.1394A>G; c.623A>G; c.1580A>G; n.1481A>G; c.1196A>G; c.1028A>G; c.804-4380A>G; c.1076A>G; c.881A>G; c.803+9955A>G; c.1226A>G; c.461A>G; c.929A>G; c.1418A>G; c.833A>G; c.1085A>G; c.1391A>G; c.1286A>G,p.K274R; p.K294R; p.K307R; p.K359R; p.K343R; p.K278R; p.K399R; p.K464R; p.K362R; p.K310R; p.K330R; p.K208R; p.K527R; p.K357R; p.K353R; p.K409R; p.K429R; p.K413R; p.K473R; p.K465R; p.K154R,1.13,Likely Benign,0.002
7,6027157,6027157,PMS2,c.468del; c.1236del; c.1425del; c.903del; c.804-4535del; c.803+9800del; c.1071del; c.921del; n.1326del; c.915del; c.1131del; c.1263del; c.873del; c.678del; c.774del; c.834del; c.765del; c.1239del; c.306del; c.666del; c.1083del; c.726del; c.930del; c.1041del,p.D103Tfs*34; p.D414Tfs*34; p.D306Tfs*34; p.D259Tfs*34; p.D279Tfs*34; p.D362Tfs*34; p.D227Tfs*34; p.D302Tfs*34; p.D292Tfs*34; p.D157Tfs*34; p.D243Tfs*34; p.D348Tfs*34; p.D378Tfs*34; p.D413Tfs*34; p.D358Tfs*34; p.D476Tfs*34; p.D223Tfs*34; p.D308Tfs*34; p.D311Tfs*34; p.D256Tfs*34; p.D422Tfs*34,1.40,Pathogenic,
7,6036980,6036980,PMS2,c.780C>G; c.966C>G; c.-154C>G; c.471C>G; c.444C>G; c.672C>G; c.267C>G; c.804C>G; c.705+1759C>G; c.132+5104C>G; c.375C>G; c.207C>G; c.612C>G; c.777C>G; n.867C>G; c.537+5104C>G; c.462C>G,p.S157S; p.S125S; p.S89S; p.S148S; p.S69S; p.S322S; p.S204S; p.S224S; p.S268S; p.S260S; p.S259S; p.S154S,99.94,Benign,80.387
7,6043613,6043613,PMS2,c.-113C>T; c.-245C>T; c.25C>T; c.-63C>T; c.-142C>T; n.327C>T; c.-645C>T; c.-341C>T; c.426C>T; c.-192C>T; c.-52-1346C>T; c.-156C>T; c.240C>T; c.-166C>T,p.F80F; p.F142F; p.R9*,5.48,Likely Benign,0.007
7,6043666,6043666,PMS2,c.-219G>A; c.-116G>A; c.-29G>A; c.373G>A; c.-52-1399G>A; c.-245G>A; c.-195G>A; n.274G>A; c.-166G>A; c.-298G>A; c.-209G>A; c.-394G>A; c.187G>A; c.-698G>A,p.V63M; p.V125M,2.05,Uncertain Significance,0.000
7,6043676,6043676,PMS2,c.-229G>A; c.-126G>A; c.363G>A; c.-219G>A; c.-255G>A; c.-39G>A; c.-404G>A; c.-708G>A; n.264G>A; c.-205G>A; c.-52-1409G>A; c.177G>A; c.-308G>A; c.-176G>A,p.K59K; p.K121K,4.34,Uncertain Significance,
7,50467767,50467767,IKZF1,c.573C>A; c.543C>A; c.801C>A; c.417C>A; c.711C>A; c.585C>A; c.615C>A; c.1062C>A; c.876C>A; c.1002C>A; c.312C>A; c.741C>A; c.447C>A; c.480C>A,p.P292P; p.P160P; p.P195P; p.P354P; p.P191P; p.P181P; p.P334P; p.P267P; p.P247P; p.P104P; p.P237P; p.P149P; p.P139P; p.P205P,99.30,Benign,17.935
7,55214348,55214348,EGFR,c.424+3167C>T; c.315C>T; c.89-9175C>T; c.474C>T,p.N158N; p.N105N,99.82,Benign,51.021
7,55249063,55249063,EGFR-AS1; EGFR,n.1201C>T; c.2226G>A; c.1560G>A; c.2202G>A; c.2361G>A,p.Q734Q; p.Q787Q; p.Q520Q; p.Q742Q,50.13,Benign,52.144
7,55266417,55266417,EGFR,c.2574T>C; c.2709T>C; c.1908T>C; c.2550T>C,p.T636T; p.T903T; p.T858T; p.T850T,87.55,Benign,89.426
7,92733975,92733975,SAMD9,c.1436C>T,p.T479M,44.41,Benign,5.826
7,92734051,92734051,SAMD9,c.1360G>A,p.A454T,44.04,Benign,5.168
7,92734451,92734451,SAMD9,c.960T>C,p.Y320Y,48.96,Benign,37.879
7,92760738,92760738,SAMD9L,c.4547del,p.N1516Mfs*10,1.25,Uncertain Significance,0.000
7,92764489,92764489,SAMD9L,c.796G>A,p.V266I,39.03,Benign,10.898
7,101837149,101837149,CUX1,c.1131G>A; c.1104G>A; c.1089G>A; c.999G>A; c.1020G>A; c.1137G>A,p.P363P; p.P340P; p.P379P; p.P368P; p.P333P; p.P377P,51.31,Benign,34.758
7,101844851,101844851,CUX1,c.1207+5968A>G; c.1117+5968A>G; c.1255+5968A>G; c.1833A>G; c.1138+5968A>G; c.2139A>G; c.2274A>G; c.1249+5968A>G; c.2307A>G,p.P713P; p.P758P; p.P769P; p.P611P,48.73,Benign,35.327
7,101916647,101916647,CUX1,c.1260A>G; c.1266A>G *; c.1218A>G *; c.1149A>G; c.1218A>G; c.1149A>G *; c.1266A>G; c.1128A>G *; c.1128A>G; c.1260A>G *,p.A383A; p.A422A; p.A376A; p.A420A; p.A406A,99.77,Benign,72.926
7,101917521,101917521,CUX1,c.1252G>A; c.1384G>A; c.1342G>A; c.1390G>A; c.1273G>A,p.A464T; p.A462T; p.A425T; p.A418T; p.A448T,49.82,Benign,56.358
7,103230238,103230238,RELN,c.3950C>T,p.A1317V,1.33,Uncertain Significance,
7,103301976,103301977,RELN,c.1290-3dup,,1.17,Benign,0.535
7,103301977,103301977,RELN,c.1290-3del,,4.86,Likely Benign,0.024
7,103389954,103389954,RELN,c.578-3T>C,,99.54,Benign,49.219
7,103629803,103629804,RELN,c.-6_-1dup,,36.13,Benign,26.337
7,103629804,103629806,RELN,c.-3_-1del,,0.87,Likely Benign,1.127
7,116435768,116435768,MET,c.3858C>T; c.2568C>T; c.3912C>T,p.D856D; p.D1286D; p.D1304D,99.88,Benign,42.252
7,116436022,116436022,MET,c.4071G>A; c.4017G>A; c.2727G>A,p.A1339A; p.A1357A; p.A909A,99.31,Benign,42.426
7,116436097,116436097,MET,c.4146G>A; c.4092G>A; c.2802G>A,p.P1382P; p.P934P; p.P1364P,99.82,Benign,42.451
7,127669857,127669857,LRRC4; SND1,c.837T>A; c.1779+38748A>T,p.S279S,51.78,Benign,30.888
7,139094365,139094366,FMC1-LUC7L2; LUC7L2,c.754_755del; c.748_749del; c.757_758del; c.955_956del,p.E253Rfs*34; p.E250Rfs*34; p.E319Rfs*34; p.E252Rfs*34,3.34,Likely Pathogenic,1.969
7,140426257,140426257,BRAF,c.*37T>C; c.2187T>C; c.2128-10421T>C,p.S729S,48.42,Benign,37.551
7,140434574,140434575,BRAF,c.2026-5dup; c.2017-5dup; c.2128-5dup; c.2062-5dup; c.1972-5dup; c.2127+5037dup; c.1864-5dup; c.2248-5dup; c.2137-5dup,,2.33,Likely Benign,
7,140449150,140449150,BRAF,c.1773A>G; c.1863A>G; c.2049A>G; c.1938A>G; c.1818A>G; c.1827A>G; c.1665A>G; c.1929A>G,p.G643G; p.G621G; p.G555G; p.G646G; p.G683G; p.G591G; p.G609G; p.G606G,49.32,Benign,21.181
7,140449164,140449164,BRAF,c.1849G>A; c.1651G>A; c.2035G>A; c.1759G>A; c.1915G>A; c.1804G>A; c.1813G>A; c.1924G>A,p.V587I; p.V642I; p.V679I; p.V602I; p.V605I; p.V639I; p.V617I; p.V551I,1.19,Likely Pathogenic,
7,140624411,140624411,BRAF,c.-444C>T; c.93C>T,p.A31A,0.89,Uncertain Significance,
7,148543694,148543695,EZH2,c.118-5_118-4del,,4.95,Likely Benign,0.254
7,148543694,148543694,EZH2,c.118-4del,,53.07,Benign,70.685
7,151836879,151836879,KMT2C,c.14515-3del; c.13897-3del; c.14344-3del,,1.56,Uncertain Significance,0.003
7,151873853,151873853,KMT2C,c.8460G>A; c.8685G>A,p.Q2895Q; p.Q2820Q,49.02,Benign,25.284
7,151874148,151874148,KMT2C,c.8165del; c.8390del,p.K2722Rfs*26; p.K2797Rfs*26,4.52,Pathogenic,0.195
7,151902216,151902216,KMT2C,c.3936C>T; c.3816C>T,p.S1272S; p.S1312S,1.17,Uncertain Significance,0.002
7,151921099,151921099,KMT2C,c.3203+1G>A; c.3323+1G>A,,1.09,Likely Pathogenic,
7,151921114,151921114,KMT2C,c.3309T>A; c.3189T>A,p.C1063*; p.C1103*,0.78,Likely Pathogenic,
7,151921255,151921255,KMT2C,c.3168G>A; c.3048G>A,p.W1056*; p.W1016*,8.45,Likely Pathogenic,
7,151921517,151921517,KMT2C,c.3038+3A>T; c.3158+3A>T,,0.72,Uncertain Significance,
7,151921586,151921586,KMT2C,c.3092G>T; c.2972G>T,p.S991I; p.S1031I,1.40,Uncertain Significance,
7,151927021,151927021,KMT2C,c.2963G>T; c.2843G>T,p.C988F; p.C948F,41.67,Benign,22.612
7,151927023,151927023,KMT2C,c.2961C>G; c.2841C>G,p.Y947*; p.Y987*,24.35,Likely Pathogenic,
7,151927025,151927025,KMT2C,c.2959T>C; c.2839T>C,p.Y987H; p.Y947H,22.47,Benign,38.544
7,151927026,151927026,KMT2C,c.2838A>G; c.2958A>G,p.P986P; p.P946P,16.69,Benign,23.424
7,151927067,151927067,KMT2C,c.2797A>G; c.2917A>G,p.R973G; p.R933G,25.03,Likely Pathogenic,
7,151932908,151932908,KMT2C,c.2643A>G; c.2763A>G,p.L921L; p.L881L,10.25,Benign,42.499
7,151932916,151932916,KMT2C,c.2635G>C; c.2755G>C,p.V919L; p.V879L,1.93,Benign,8.783
7,151932923,151932923,KMT2C,c.2628C>T; c.2748C>T,p.I876I; p.I916I,0.64,Uncertain Significance,0.338
7,151932945,151932945,KMT2C,c.2606G>A; c.2726G>A,p.R909K; p.R869K,2.61,Benign,5.100
7,151932961,151932961,KMT2C,c.2710C>T; c.2590C>T,p.R904*; p.R864*,0.55,Uncertain Significance,0.132
7,151932990,151932990,KMT2C,c.2681G>A; c.2561G>A,p.R854Q; p.R894Q,0.68,Uncertain Significance,0.127
7,151935798,151935799,KMT2C,c.2645_2646delinsCA; c.2533-2781_2533-2780delinsCA,p.I882T,29.80,Uncertain Significance,
7,151935866,151935866,KMT2C,c.2533-2848C>T; c.2578C>T,p.P860S,25.76,Likely Pathogenic,
7,151935871,151935871,KMT2C,c.2533-2853G>T; c.2573G>T,p.W858L,25.79,Likely Pathogenic,
7,151945007,151945007,KMT2C,c.2515G>A; c.2512G>A,p.G838S; p.G839S,29.08,Benign,49.408
7,151945051,151945051,KMT2C,c.2468delinsAC; c.2471delinsAC,p.I824Nfs*5; p.I823Nfs*5,0.81,Likely Pathogenic,
7,151945054,151945055,KMT2C,c.2467_2468insG; c.2464_2465insG,p.K822Rfs*6; p.K823Rfs*6,0.53,Likely Pathogenic,
7,151945071,151945072,KMT2C,c.2447dup; c.2450dup,p.Y816*; p.Y817*,30.40,Benign,48.670
7,151945101,151945101,KMT2C,c.2421C>G; c.2418C>G,p.S807S; p.S806S,3.67,Benign,20.838
7,151945140,151945140,KMT2C,c.2379G>A; c.2382G>A,p.S794S; p.S793S,16.40,Benign,43.539
7,151945215,151945215,KMT2C,c.2304A>G; c.2307A>G,p.S769S; p.S768S,12.81,Likely Benign,3.158
7,151945706,151945706,KMT2C,c.1814-1G>A; c.1817-1G>A,,0.85,Likely Pathogenic,
7,151962257,151962257,KMT2C,c.1053G>A; c.1050G>A,p.P351P; p.P350P,4.83,Uncertain Significance,0.100
7,151962265,151962265,KMT2C,c.1042G>A; c.1045G>A,p.D348N; p.D349N,4.52,Uncertain Significance,0.033
7,151970797,151970797,KMT2C,c.1008T>A; c.1005T>A,p.P336P; p.P335P,5.53,Uncertain Significance,0.244
7,151970856,151970856,KMT2C,c.946A>T; c.949A>T,p.T317S; p.T316S,76.66,Benign,50.094
8,30915971,30915971,WRN,c.15del,p.K5Nfs*15,0.92,Likely Pathogenic,0.003
8,30924557,30924557,WRN,c.513C>T,p.C171C,99.84,Benign,70.808
8,30924590,30924590,WRN,c.546A>G,p.K182K,0.63,Uncertain Significance,
8,30938704,30938704,WRN,c.1161G>A,p.M387I,46.77,Benign,7.380
8,30945377,30945379,WRN,c.1530_1532del,p.E510del,0.63,Uncertain Significance,0.017
8,30973957,30973957,WRN,c.2361G>T,p.L787L,49.77,Benign,45.121
8,30999280,30999280,WRN,c.3222G>T,p.L1074F,52.55,Benign,45.358
8,31024638,31024638,WRN,c.4083C>T,p.S1361S,50.14,Benign,29.695
8,38285914,38285916,FGFR1,c.129_131del; c.372_374del; c.495_497del; c.396_398del,p.D44del; p.D133del; p.D125del; p.D166del,1.38,Likely Pathogenic,0.014
8,41794934,41794934,KAT6A,c.3192G>A,p.T1064T,48.78,Benign,20.756
8,41798420,41798422,KAT6A,c.2977_2979del,p.E993del,0.66,Uncertain Significance,0.006
8,90982659,90982659,NBN,c.583A>C; c.585-5924A>C; c.829A>C,p.N195H; p.N277H,0.52,Uncertain Significance,
8,90983475,90983475,NBN,c.585-6740G>T; c.382G>T; c.628G>T,p.V210F; p.V128F,47.75,Uncertain Significance,0.041
8,117864217,117864217,RAD21,c.1440T>C,p.A480A,47.09,Benign,17.309
8,117864952,117864953,RAD21,c.1162-6dup,,4.81,Benign,8.379
8,128750605,128750607,MYC,c.-192_-190del; c.109_111del; c.151_153del; c.154_156del,p.Q37del; p.Q51del; p.Q52del,0.76,Uncertain Significance,0.002
9,5050706,5050706,JAK2,c.489C>T; n.890C>T; c.-632C>T; n.973C>T; c.42C>T,p.H163H; p.H14H,46.29,Benign,32.549
9,5081780,5081780,JAK2,c.2043G>A; c.1275G>A; n.2891G>A; c.2490G>A; n.2974G>A,p.L681L; p.L425L; p.L830L,48.55,Benign,53.602
9,36840623,36840623,PAX5,c.1008C>T; c.921C>T; c.810C>T; c.878C>T; c.1110C>T; c.894C>T; c.597C>T; c.981C>T; c.1023C>T; c.786C>T; n.1274C>T; c.791C>T; n.1217C>T,p.T293I; p.Y336Y; p.Y327Y; p.Y307Y; p.Y262Y; p.Y341Y; p.Y199Y; p.Y298Y; p.Y370Y; p.T264I; p.Y270Y,99.90,Benign,86.447
9,86586868,86586868,HNRNPK,c.810C>T; c.882C>T,p.P270P; p.P294P,0.85,Uncertain Significance,0.004
9,86586870,86586870,HNRNPK,c.880C>A; c.808C>A,p.P270T; p.P294T,0.82,Uncertain Significance,
9,86586872,86586872,HNRNPK,c.806C>T; c.878C>T,p.P293L; p.P269L,0.76,Uncertain Significance,0.000
9,86586877,86586877,HNRNPK,c.873C>T; c.801C>T,p.P291P; p.P267P,1.23,Uncertain Significance,
9,86586890,86586890,HNRNPK,c.788G>A; c.860G>A,p.R263Q; p.R287Q,1.44,Uncertain Significance,0.000
9,86586893,86586893,HNRNPK,c.785G>A; c.857G>A,p.R262H; p.R286H,8.16,Uncertain Significance,
9,86586904,86586912,HNRNPK,c.766_774del; c.838_846del,p.Y256_D258del; p.Y280_D282del,9.19,Uncertain Significance,
9,133761001,133761001,ABL1,c.3381A>G; c.3324A>G,p.P1108P; p.P1127P,97.94,Benign,55.454
9,139390945,139390947,NOTCH1,c.7124_7126del; c.7244_7246del; c.4841_4843del; c.7130_7132del,p.P2375del; p.P2415del; p.P2377del; p.P1614del,0.81,Uncertain Significance,0.003
9,139391636,139391636,NOTCH1,c.4152C>T; c.6555C>T; c.6441C>T; c.6435C>T,p.D2185D; p.D2145D; p.D1384D; p.D2147D,50.15,Benign,61.822
9,139413908,139413908,NOTCH1,c.852G>A,p.P284P,49.95,Benign,13.351
10,27322259,27322259,ANKRD26,c.3699del; c.3702del,p.K1233Nfs*19; p.K1234Nfs*19,0.65,Likely Pathogenic,
10,27329038,27329038,ANKRD26,c.2228del; c.2231del,p.N743Ifs*8; p.N744Ifs*8,0.95,Uncertain Significance,0.001
10,27333122,27333123,ANKRD26,c.1983-4_1983-3del; c.1986-4_1986-3del,,7.61,Uncertain Significance,0.422
10,27333122,27333122,ANKRD26,c.1983-3del; c.1986-3del,,47.62,Benign,34.062
10,27337806,27337808,ANKRD26,c.1736_1738del,p.D579del,0.78,Likely Benign,0.003
10,27369086,27369086,ANKRD26,c.741-996del,,1.38,Uncertain Significance,0.024
10,27381410,27381410,ANKRD26,c.563G>A,p.S188N,0.81,Uncertain Significance,
10,72358577,72358577,PRF1; PALD1,c.900C>T; c.2419-67G>A; c.2250+34302G>A; c.2263-67G>A,p.H300H,49.10,Benign,64.107
10,89692921,89692921,PTEN,c.360A>T; c.405A>T; c.-346A>T; c.924A>T,p.I120I; p.I308I; p.I135I,1.18,Uncertain Significance,
10,89692923,89692923,PTEN,c.926G>A; c.-344G>A; c.362G>A; c.407G>A,p.C136Y; p.C309Y; p.C121Y,1.13,Pathogenic,
10,90771829,90771829,FAS,n.411T>C; n.612T>C; n.951T>C; n.538+1257T>C; n.474T>C; c.568+1257T>C; n.808T>C; c.687T>C; n.549T>C; n.561T>C; c.579T>C; c.642T>C,p.T193T; p.T229T; p.T214T,50.31,Benign,76.186
10,112357944,112357944,SMC3,c.2164G>A,p.E722K,1.94,Uncertain Significance,
10,112361870,112361870,SMC3,c.3039A>G,p.S1013S,99.97,Benign,99.598
10,123239112,123239112,FGFR2,c.2107C>T; c.*259C>T; n.3161C>T; c.*453C>T,p.L703L,99.72,Benign,53.214
10,123298158,123298158,FGFR2,n.984A>G; c.429A>G; c.696A>G; c.351A>G,p.V232V; p.V143V; p.V117V,99.93,Benign,78.012
11,534242,534242,HRAS,c.81T>C; c.-239T>C,p.H27H,47.12,Benign,31.879
11,30033563,30033563,KCNA4,c.663del,p.F221Lfs*21,1.30,Uncertain Significance,0.000
11,30034029,30034031,KCNA4,c.195_197del,p.H65del,0.84,Uncertain Significance,0.006
11,32456694,32456694,WT1-AS; WT1,n.-891C>A; c.213G>T; c.-1176G>T; n.392G>T; c.-1485G>T; n.-370C>A,p.P71P,50.13,Benign,23.604
11,64535093,64535095,SF1,c.1665_1667del; c.945_947del; c.1290_1292del; c.1212_1214del,p.P556del; p.P316del; p.P431del; p.P405del,0.75,Uncertain Significance,0.000
11,72945341,72945341,P2RY2,c.137C>T,p.P46L,97.56,Benign,92.488
11,72946020,72946020,P2RY2,c.816C>T,p.R272R,46.87,Benign,56.602
11,72946204,72946204,P2RY2,c.1000C>T,p.R334C,49.19,Benign,15.063
11,85968623,85968623,EED,c.619C>T; c.514C>T; c.799C>T,p.L172L; p.L267L; p.L207L,47.37,Benign,36.301
11,108043483,108043483,NPAT,c.2228T>C,p.I743T,48.47,Uncertain Significance,
11,108044069,108044069,NPAT,c.1642del,p.S548Vfs*11,1.06,Uncertain Significance,
11,108044091,108044091,NPAT,c.1620A>T,p.L540F,48.66,Benign,11.752
11,108183167,108183167,C11orf65; ATM,c.5948A>G; c.641-3369T>C; c.*39-3369T>C; c.5948A>G *,p.N1983S; p.S1983S,99.94,Benign,100.000
11,118344494,118344495,KMT2A; ENSG00000285827,c.503-391_503-390del; c.2728_2729del; c.2629_2630del; c.1399_1400del,p.D877Pfs*8; p.D467Pfs*8; p.D910Pfs*8,0.67,Likely Pathogenic,0.000
11,119077233,119077235,CBL,c.125_127del,p.H42del,1.98,Likely Benign,0.055
12,11992168,11992168,ETV6,c.-7G>A; c.258G>A; c.255G>A; c.231G>A,p.T77T; p.T86T; p.T85T,50.32,Benign,14.605
12,25368462,25368462,KRAS,c.451-5617G>A; c.253-5617G>A; c.376-5617G>A; c.483G>A *; c.483G>A,p.R161R,99.81,Benign,99.949
12,111884608,111884608,SH2B3,c.178T>C; c.784T>C,p.W60R; p.W262R,51.22,Benign,66.803
12,111885352,111885356,SH2B3,c.630+24_630+28del; c.1236+24_1236+28del,,23.96,Benign,35.879
13,19751274,19751274,TUBA3C,c.849C>T,p.H283H,6.87,Uncertain Significance,0.007
13,19751289,19751289,TUBA3C,c.834C>T,p.A278A,4.31,Uncertain Significance,0.009
13,19751301,19751301,TUBA3C,c.822G>A,p.P274P,0.92,Uncertain Significance,0.038
13,19751544,19751544,TUBA3C,c.579G>A,p.T193T,49.76,Benign,27.350
13,19751586,19751586,TUBA3C,c.537G>A,p.T179T,1.93,Uncertain Significance,0.002
13,19753629,19753629,TUBA3C,c.78G>T,p.L26L,1.31,Uncertain Significance,
13,28609813,28609814,FLT3,c.1419-4dup; n.1485-4dup,,2.06,Uncertain Significance,0.541
13,28609814,28609814,FLT3,c.1419-4del; n.1485-4del,,9.63,Uncertain Significance,0.286
13,28610183,28610183,FLT3,n.1376-3T>C; c.1310-3T>C,,99.71,Uncertain Significance,70.039
13,28624294,28624294,FLT3,n.746C>T; c.680C>T,p.T227M,51.11,Benign,59.806
13,28636084,28636084,FLT3,n.354C>T; c.288C>T,p.D96D,99.84,Benign,98.285
13,28674628,28674628,FLT3,c.20A>G; n.86A>G,p.D7G,45.54,Benign,36.228
13,32906729,32906729,BRCA2,n.1313A>C; c.424+1562A>C; c.745A>C; c.1114A>C,p.N249H; p.N372H,48.17,Benign,27.333
13,32907421,32907421,BRCA2,n.2012del; c.424+2261del; c.1444del; c.1813del,p.I605Yfs*9; p.I482Yfs*9,1.46,Pathogenic,0.003
13,32911888,32911888,BRCA2,c.3027A>G; c.1909+4364A>G; n.3595A>G; c.424+6721A>G; c.3396A>G,p.K1132K; p.K1009K,47.89,Benign,29.496
13,32913055,32913055,BRCA2,c.4563A>G; n.4762A>G; c.425-5640A>G; c.4194A>G; c.1909+5531A>G,p.L1398L; p.L1521L,80.36,Benign,99.275
13,32913559,32913559,BRCA2,c.4704del; c.425-5130del; c.1910-5130del; c.5073del; n.5272del,p.K1691Nfs*15; p.K1568Nfs*15,0.76,Pathogenic,
13,32915005,32915005,BRCA2,c.425-3690G>C; c.1910-3690G>C; c.6144G>C; c.6513G>C; n.6712G>C,p.V2048V; p.V2171V,96.09,Benign,99.253
13,32929387,32929387,BRCA2,c.980T>C; c.7301T>C; c.7028T>C; c.7397T>C; n.7596T>C; c.2465T>C,p.V2434A; p.V2343A; p.V2466A; p.V327A; p.V822A,99.97,Benign,99.343
13,32954023,32954023,BRCA2,c.2680del; c.4165del; c.9046del; c.8728del; c.9001del; c.9097del; n.9360del,p.T1389Lfs*29; p.T3033Lfs*29; p.T2910Lfs*29; p.T3016Lfs*29; p.T894Lfs*29; p.T3001Lfs*29,1.36,Pathogenic,0.001
14,86088056,86088056,FLRT2,c.198T>C,p.T66T,98.34,Benign,99.769
14,86089253,86089253,FLRT2,c.1395C>T,p.I465I,49.94,Benign,3.083
14,86089508,86089508,FLRT2,c.1650G>T,p.A550A,46.13,Benign,2.984
15,66727454,66727456,MAP2K1,c.170_172delinsGAT; c.104_106delinsGAT,p.K35_Q36delinsR*; p.K57_Q58delinsR*,1.68,Uncertain Significance,
15,74328116,74328116,PML,c.*1119A>G; c.*2167A>G; c.*35+1245A>G; c.*639A>G; c.2314A>G; c.1710+1245A>G; c.1566+1245A>G; c.1255-232A>G; c.2170A>G,p.S772G; p.S724G,47.59,Benign,52.387
15,74328141,74328141,PML,c.1710+1270G>T; c.*664G>T; c.*35+1270G>T; c.2195G>T; c.1566+1270G>T; c.1255-207G>T; c.*2192G>T; c.*1144G>T; c.2339G>T,p.G732V; p.G780V,47.25,Benign,36.446
15,74336633,74336633,PML,c.1789T>C; c.1933T>C,p.F597L; p.F645L,46.70,Benign,34.517
15,82558034,82558034,SAXO2,c.178G>C; c.-20G>C; c.28+2505G>C; c.53+2761G>C; c.37G>C,p.A60P; p.A13P,41.87,Benign,61.085
15,82563991,82563991,SAXO2,c.28+8462C>T; c.56C>T; c.140C>T; c.281C>T; c.233+5902C>T; c.101C>T,p.P94L; p.P47L; p.P34L; p.P19L,48.09,Benign,43.935
15,88679785,88679785,NTRK3,c.384C>T; c.678C>T *; c.678C>T,p.N226N; p.N128N,99.76,Benign,99.673
15,91295064,91295064,BLM,c.-445A>G; c.847A>G,p.T283A,1.75,Uncertain Significance,0.003
15,91304138,91304139,BLM,c.419dup; c.1544dup,p.N140Kfs*2; p.N515Kfs*2,1.33,Pathogenic,0.009
15,91304139,91304139,BLM,c.419del; c.1544del,p.N515Mfs*16; p.N140Mfs*16,4.78,Pathogenic,0.004
15,91337479,91337479,BLM,c.1977G>A; c.3102G>A,p.T659T; p.T1034T,50.22,Benign,15.995
15,91346923,91346923,BLM,c.3358+5356C>A; c.3531C>A; c.2406C>A,p.A1177A; p.A802A,48.26,Benign,15.345
15,91354505,91354505,BLM,c.3552C>T; c.2820C>T; c.3945C>T,p.L1315L; p.L940L; p.L1184L,47.35,Benign,15.353
16,3778303,3778305,CREBBP,c.6743_6745del; c.6629_6631del,p.Q2210del; p.Q2248del,0.52,Uncertain Significance,0.002
16,3778401,3778403,CREBBP,c.6645_6647del; c.6531_6533del,p.Q2216del; p.Q2178del,0.69,Uncertain Significance,0.003
16,3808052,3808053,CREBBP,c.3370-4dup; c.3256-4dup,,5.81,Benign,12.920
16,3808053,3808053,CREBBP,c.3370-4del; c.3256-4del,,16.30,Benign,25.610
16,67646013,67646014,CTCF,c.950_951del; c.-32-4626_-32-4625del,p.T317Rfs*91,1.41,Likely Pathogenic,0.000
16,89805261,89805261,ZNF276; FANCA,c.4260+29T>C; c.4164T>C; n.2607A>G; c.4293T>C; n.2490A>G; c.*607A>G; n.2524A>G; c.4264+29T>C; n.2430A>G,p.H1388H; p.H1431H,44.85,Benign,70.470
16,89811409,89811409,FANCA,c.3584G>A; c.3455G>A,p.R1195Q; p.R1152Q,50,Likely Benign,0.048
16,89831345,89831346,FANCA,c.2730_2731del,p.W911Dfs*31,0.68,Pathogenic,
16,89849480,89849480,FANCA,c.1501G>A,p.G501S,49.67,Benign,50.407
16,89883007,89883007,FANCA,c.17T>A,p.V6D,50.56,Benign,7.458
17,260299,260299,C17orf97; LOC105371430; LIAT1,n.330+2621C>T; c.166G>A,p.E56K,49.93,Benign,14.941
17,263294,263294,C17orf97; LOC105371430; LIAT1,c.304+2857C>G; n.46-90G>C; c.660C>G,p.D220E,1.26,Benign,23.003
17,263652,263652,C17orf97; LOC105371430; LIAT1,c.304+3215G>A; n.45+118C>T; c.1018G>A,p.E340K,1.58,Uncertain Significance,0.002
17,263684,263684,C17orf97; LOC105371430; LIAT1,n.45+86C>G; c.304+3247G>C; c.1050G>C,p.E350D,1.36,Uncertain Significance,
17,263712,263712,C17orf97; LOC105371430; LIAT1,c.304+3275G>A; n.45+58C>T; c.1078G>A,p.E360K,6.50,Uncertain Significance,0.001
17,7579472,7579472,TP53,c.98C>G; c.215C>G; c.-1020C>G; c.-939C>G; n.357C>G,p.P72R; p.P33R,97.24,Uncertain Significance,66.289
17,16842912,16842912,TNFRSF13B,c.693T>C; c.831T>C,p.S277S; p.S231S,48.02,Benign,49.363
17,16842991,16842991,TNFRSF13B,c.752C>T; c.614C>T,p.P205L; p.P251L,48.21,Benign,13.813
17,16855878,16855878,TNFRSF13B,c.81G>A; c.62-3581G>A,p.T27T,99.80,Benign,80.823
17,29490295,29490295,NF1,c.380G>A,p.G127E,1.28,Likely Pathogenic,
17,29527569,29527569,NF1,c.1018T>G,p.S340A,0.61,Likely Pathogenic,
17,29528142,29528142,NF1,c.1150T>C,p.F384L,4.49,Likely Pathogenic,
17,29541476,29541476,NF1,c.1430C>T; c.1445C>T; c.1400C>T,p.T482I; p.T477I; p.T467I,8.03,Pathogenic,
17,29553485,29553485,NF1,c.2079G>A; c.2034G>A; c.2064G>A,p.P678P; p.P693P; p.P688P,99.82,Benign,38.412
17,29554541,29554541,NF1,c.2356G>A; c.2371G>A; c.2326G>A,p.A786T; p.A791T; p.A776T,0.89,Pathogenic,
17,29554582,29554582,NF1,c.2397G>A; c.2367G>A; c.2412G>A,p.K799K; p.K789K; p.K804K,12.02,Uncertain Significance,
17,29554589,29554589,NF1,c.2419C>T; c.2374C>T; c.2404C>T,p.L802F; p.L792F; p.L807F,10.84,Pathogenic,
17,30264426,30264428,SUZ12,c.175_177del,p.S59del,0.54,Likely Benign,0.222
17,30267331,30267331,SUZ12,c.301C>T,p.R101*,1.03,Likely Pathogenic,
17,30302737,30302737,SUZ12,c.754+15del; c.823+15del,,9.89,Likely Benign,2.318
17,30303572,30303572,SUZ12,c.856C>T; c.787C>T,p.R263*; p.R286*,1.27,Likely Pathogenic,
17,30310124,30310124,SUZ12,c.954+1G>C; c.1023+1G>C,,1.14,Likely Pathogenic,
17,30323878,30323878,SUZ12,c.1856T>C; c.1787T>C,p.L596P; p.L619P,2.26,Uncertain Significance,
17,37922259,37922259,IKZF3,c.1080C>T; c.651C>T; c.1197C>T; c.1029C>T; c.912C>T; c.768C>T; c.573C>T; c.1095C>T; c.1212C>T; c.1314C>T; c.1053C>T; c.1146C>T; c.885C>T,p.S438S; p.S217S; p.S404S; p.S304S; p.S343S; p.S365S; p.S399S; p.S256S; p.S295S; p.S382S; p.S360S; p.S351S; p.S191S,48.82,Benign,40.115
17,40370235,40370236,STAT5B,c.1099dup; c.1102dup,p.Q368Pfs*9; p.Q367Pfs*9,0.87,Uncertain Significance,0.004
17,40370236,40370236,STAT5B,c.1099del; c.1102del,p.Q368Rfs*2; p.Q367Rfs*2,0.79,Uncertain Significance,0.000
17,41231419,41231419,BRCA1,c.4280-2788C>T; c.1049-2791C>T; c.968-2791C>T; c.4145-2788C>T; c.4232-2788C>T; c.908-2788C>T; c.4358-2788C>T; c.1046-2788C>T; c.-98-29212C>T; c.4358-3C>T; c.3470-2788C>T; c.5-15451C>T; c.-43-4881C>T; c.4217-2788C>T; c.4358-2791C>T,,0.57,Uncertain Significance,
17,41245587,41245587,BRCA1,c.646+1174del; c.1835del; c.1073del; c.1883del; c.1748del; c.-99+31701del; c.1961del; c.5-29619del; c.-43-19049del; c.787+1174del; c.784+1174del; c.706+1174del; c.1820del,p.K358Sfs*47; p.K583Sfs*47; p.K607Sfs*47; p.K628Sfs*47; p.K612Sfs*47; p.K654Sfs*47,2.01,Pathogenic,0.001
17,74732507,74732507,MFSD11; SRSF2,c.-1928A>G; c.-1812A>G; c.-733A>G; c.-1623A>G; n.573T>C; n.-1694A>G; c.402T>C; c.-1530A>G; c.402T>C *; c.-1645A>G; c.-738A>G; n.-209A>G; c.-1269A>G; c.366T>C,p.S122S; p.S134S,99.80,Benign,99.703
17,74733099,74733099,MFSD11; MIR636; SRSF2,n.-1102G>A; c.-141G>A; n.-469C>T; c.-1336G>A; c.-1053G>A; n.315C>T; c.-938G>A; c.-146G>A; c.-1220G>A; c.-1031G>A; n.384G>A; c.144C>T; c.-677G>A,p.D48D,97.65,Benign,88.440
18,42456653,42456653,SETBP1,c.540+7405G>A; c.664G>A,p.A222T,46.33,Benign,52.534
18,42456670,42456671,SETBP1,c.540+7422_540+7423insTCTT; c.681_682insTCTT,p.T228Sfs*8,47.58,Benign,52.471
18,42532741,42532741,SETBP1,c.3436C>T,p.R1146W,1.48,Uncertain Significance,0.000
18,42532778,42532778,SETBP1,c.3473A>G,p.H1158R,1.03,Uncertain Significance,
18,42533130,42533130,SETBP1,c.3825A>G,p.S1275S,48.69,Benign,88.475
19,7706680,7706680,STXBP2,c.510C>A; c.519C>A; c.552C>A; c.423C>A; n.559C>A,p.A170A; p.A173A; p.A184A; p.A141A,0.88,Uncertain Significance,
19,7710134,7710134,STXBP2,c.1298C>T; c.1331C>T; n.1313C>T; c.1202C>T; c.-1040C>T; c.1289C>T,p.A433V; p.A444V; p.A401V; p.A430V,48.81,Benign,0.809
19,7711221,7711221,STXBP2,c.1443T>C; n.1458T>C; c.48T>C; c.1347T>C; c.1476T>C; c.1434T>C,p.D481D; p.D492D; p.D478D; p.D449D; p.D16D,48.15,Benign,42.083
19,7712277,7712277,STXBP2,c.1480A>G; c.1609A>G; c.1576A>G; c.1538+144A>G; n.1591A>G; c.181A>G; c.1567A>G,p.I61V; p.I494V; p.I523V; p.I526V; p.I537V,50.01,Benign,64.010
19,10250361,10250361,DNMT1,c.3576C>T; c.3891C>T; c.3939C>T,p.G1192G; p.G1297G; p.G1313G,52.74,Likely Benign,0.938
19,10262139,10262139,DNMT1,c.2152del; c.2200del; c.1837del,p.M613Cfs*59; p.M718Cfs*59; p.M734Cfs*59,0.74,Uncertain Significance,
19,10265312,10265312,DNMT1,c.1419A>G; c.1734A>G; c.1782A>G,p.T578T; p.T594T; p.T473T,99.52,Benign,99.074
19,10267077,10267077,DNMT1,c.1341A>G; c.1389A>G; c.1026A>G,p.P447P; p.P463P; p.P342P,99.97,Benign,51.810
19,17955112,17955112,JAK3,c.115del,p.Q39Sfs*108,0.95,Uncertain Significance,0.001
19,45284236,45284236,CBLC,c.428A>G,p.K143R,11.96,Uncertain Significance,
19,56180968,56180968,U2AF2,c.1191C>T; c.1203C>T,p.D397D; p.D401D,99.91,Benign,86.871
20,30946592,30946594,ASXL1,c.-508_-506del; c.25_27del; c.-947_-945del,p.K9del,1.53,Likely Benign,0.035
20,31022441,31022442,ASXL1,c.1934dup; c.1751dup; c.1919dup; c.1869+65dup,p.G646Wfs*12; p.G585Wfs*12; p.G641Wfs*12,1.71,Pathogenic,0.050
20,31022959,31022959,ASXL1,c.1869+575T>C; c.2429T>C; c.2261T>C *; c.2261T>C; c.2444T>C *,p.L754P; p.P815P; p.P754P; p.L810P,97.55,Benign,99.999
20,31024274,31024274,ASXL1,c.3576T>C; c.3744T>C; c.1869+1890T>C; c.3759T>C,p.S1253S; p.S1192S; p.S1248S,43.95,Benign,41.808
20,43264927,43264927,ADA,c.-254G>A; n.128G>A; c.36G>A; c.99G>A; c.-115G>A; c.114G>A; c.-118G>A; c.111G>A,p.V33V; p.V12V; p.V37V; p.V38V,99.95,Benign,99.525
20,43280227,43280227,ADA,c.-121+316G>A; c.-358G>A; c.96+514G>A; c.-268G>A; c.-118+316G>A; n.114G>A; c.22G>A,p.D8N,51.24,Benign,5.863
20,57466908,57466910,GNAS,c.*51+1073_*51+1075del; c.*159-3750_*159-3748del; c.-39+2509_-39+2511del; c.44-3750_44-3748del; c.-39+3044_-39+3046del; n.-301_-299del; c.136_138del; c.2069-3750_2069-3748del; c.*1-3750_*1-3748del; n.406+3044_406+3046del; c.-39+2958_-39+2960del; c.-38-3750_-38-3748del; c.-39+2649_-39+2651del; c.-369_-367del; c.*43-3750_*43-3748del,p.L46del,0.60,Uncertain Significance,0.007
20,57478807,57478807,GNAS,c.393C>T; c.396C>T; c.*299C>T; c.174C>T; c.*296C>T; c.351C>T; c.2322C>T; c.2325C>T; c.*254C>T; c.66C>T; c.297C>T; c.*305C>T; c.219C>T; c.2277C>T; c.216C>T; c.348C>T,p.I775I; p.I117I; p.I72I; p.I116I; p.I73I; p.I759I; p.I132I; p.I131I; p.I58I; p.I22I; p.I99I; p.I774I,48.69,Benign,54.473
21,44513243,44513243,U2AF1; LOC102724594,c.692C>T; c.473C>T; c.578C>T,p.S231L; p.S193L; p.S158L,1.23,Uncertain Significance,0.000
22,17662793,17662793,ADA2,c.1359T>C; c.636T>C; c.1233T>C; c.999T>C; c.753T>C,p.Y251Y; p.Y453Y; p.Y212Y; p.Y411Y; p.Y333Y,50.21,Benign,25.903
22,17662917,17662917,ADA2,c.1114-5C>G; c.517-5C>G; c.634-5C>G; c.1240-5C>G; c.880-5C>G,,48.86,Benign,24.953
22,17669306,17669306,ADA2,c.644A>G; c.398A>G; c.281A>G; c.1004A>G; c.878A>G,p.H335R; p.H215R; p.H94R; p.H133R; p.H293R,50.64,Benign,34.448
22,17690409,17690409,ADA2,c.33C>T; c.-38-2229C>T; c.159C>T,p.N11N; p.N53N,49.02,Benign,43.280
22,23523630,23523630,BCR,c.483C>A,p.I161I,44.61,Benign,28.124
22,23627369,23627369,BCR,c.2387A>G,p.N796S,50.63,Benign,81.784
22,23651619,23651619,BCR,c.3021G>A; c.2889G>A,p.P963P; p.P1007P,32.00,Likely Benign,0.202
22,23653971,23653971,BCR,c.3270C>T; c.3138C>T,p.R1090R; p.R1046R,8.41,Uncertain Significance,0.001
22,23653975,23653976,BCR,c.3143_3146dup; c.3275_3278dup,p.V1050Rfs*17; p.V1094Rfs*17,15.70,Uncertain Significance,0.280
22,23654017,23654017,BCR,c.3316G>A; c.3184G>A,p.D1062N; p.D1106N,15.30,Likely Pathogenic,0.024
22,29083909,29083909,CHEK2,c.1608A>G; c.1737A>G; c.948A>G; c.1335A>G; c.945A>G; c.1521A>G; c.1407A>G,p.P316P; p.P579P; p.P469P; p.P536P; p.P315P; p.P445P; p.P507P,1.70,Uncertain Significance,0.000
22,29090030,29090031,CHEK2,c.790_791delinsT; c.787_788delinsT; c.1177_1178delinsT; c.1579_1580delinsT; c.1450_1451delinsT; c.1363_1364delinsT; c.1249_1250delinsT,p.P263Cfs*8; p.P527Cfs*8; p.P455Cfs*8; p.P484Cfs*8; p.P264Cfs*8; p.P417Cfs*8; p.P393Cfs*8,0.74,Likely Pathogenic,
22,29090043,29090043,CHEK2,c.778G>A; c.1237G>A; c.1438G>A; c.1351G>A; c.1567G>A; c.1165G>A; c.775G>A,p.A451T; p.A413T; p.A523T; p.A259T; p.A389T; p.A480T; p.A260T,1.07,Uncertain Significance,0.001
22,29090054,29090054,CHEK2,c.1154C>T; c.764C>T; c.1427C>T; c.1226C>T; c.1340C>T; c.1556C>T; c.767C>T,p.T256M; p.T476M; p.T255M; p.T385M; p.T409M; p.T519M; p.T447M,10.16,Uncertain Significance,0.031
22,29091142,29091142,CHEK2,c.1261G>A; c.685G>A; c.1075G>A; c.1348G>A; c.688G>A; c.1477G>A; c.1147G>A,p.E421K; p.E229K; p.E359K; p.E383K; p.E493K; p.E450K; p.E230K,5.54,Likely Pathogenic,
22,30737771,30737771,SF3A1,c.981C>A,p.V327V,45.46,Benign,3.790
22,30742328,30742330,SF3A1,c.364_366del,p.Q122del,1.54,Uncertain Significance,0.006
22,41566525,41566525,EP300,c.4408del; c.4330del,p.M1444Cfs*26; p.M1470Cfs*26,0.82,Pathogenic,
X,1327796,1327798,CRLF2,c.83_85del; c.-154-2306_-154-2304del; n.95_97del,p.E28del,50.44,Uncertain Significance,0.002
X,1331495,1331495,CRLF2,c.-201C>G; c.33C>G; n.48C>G,p.A11A,51.54,Benign,21.325
X,15343205,15343205,PIGA,n.660G>T; c.216G>T; n.376G>T; c.918G>T,p.L72L; p.L306L,3.84,Uncertain Significance,
X,15349998,15349998,PIGA,n.171C>T; c.55C>T; c.13+3625C>T,p.R19W,100,Benign,3.006
X,15838366,15838366,ZRSR2,c.864C>T; c.786C>T,p.N288N; p.N262N,99.96,Benign,52.758
X,15841311,15841311,ZRSR2,c.1317C>G; c.1395C>G,p.G465G; p.G439G,6.71,Likely Benign,
X,15841319,15841319,ZRSR2,c.1325G>A; c.1403G>A,p.R468K; p.R442K,14.19,Uncertain Significance,
X,39933339,39933339,BCOR,c.1260T>C,p.D420D,96.87,Benign,89.920
X,44929077,44929077,KDM6A,c.1940C>A; c.2255C>A; c.2039C>A; c.2075C>A; c.2198C>A; c.2333C>A; c.2096C>A; c.1289C>A; n.2460C>A; c.2042C>A; c.2177C>A,p.T430K; p.T680K; p.T681K; p.T692K; p.T726K; p.T733K; p.T647K; p.T699K; p.T778K; p.T752K,99.82,Benign,13.199
X,47057647,47057647,UBA1,c.1-555A>G,,100,Benign,99.806
X,76907604,76907605,ATRX,c.4442_4443del; c.4556_4557del,p.E1519Gfs*5; p.E1481Gfs*5,0.55,Likely Pathogenic,
X,76931742,76931744,ATRX,c.3786_3788del; c.3672_3674del,p.D1264del; p.D1226del,0.57,Uncertain Significance,0.000
X,129147079,129147079,BCORL1,c.331T>C *; c.331T>C,p.F111L; p.L111L,97.53,Benign,99.998
X,129147373,129147373,BCORL1,c.625G>A,p.G209S,99.20,Benign,7.267
X,153994596,153994596,DKC1,n.471G>T; n.948G>T; c.-241G>T; c.369G>T; c.282G>T,p.T123T; p.T94T,99.93,Benign,99.752
X,153999117,153999117,DKC1,c.960T>G; n.1697T>G; n.1471T>G; n.1578T>G; c.879T>G; c.999T>G; c.390T>G; c.912T>G,p.I333M; p.I320M; p.I304M; p.I293M; p.I130M,0.94,Uncertain Significance,
X,154005088,154005089,DKC1,n.1984_1986dup; c.*738_*740dup; n.2210_2212dup; c.*471_*473dup; n.2091_2093dup; c.1392_1394dup; c.1473_1475dup; c.1511_1513dup; c.903_905dup; c.1497_1499dup; c.1425_1427dup; c.1512_1514dup,p.K465dup; p.K500dup; p.K302dup; p.K505dup; p.R504dup; p.K492dup; p.K476dup,0.56,Likely Benign,0.707

