Chromosome,Position,End Position,Gene Symbol,Transcript Variant,Protein Variant,1832D-Clinical24 - Allele Fraction,Classification,gnomAD Frequency
1,12918885,12918885,PRAMEF2,c.21G>C,p.P7P,0.87,Likely Benign,0.393
1,12918963,12918963,PRAMEF2,c.99G>T,p.R33S,42.34,Benign,10.577
1,12919064,12919064,PRAMEF2,c.200T>G,p.V67G,39.82,Benign,16.656
1,12919079,12919079,PRAMEF2,c.215C>G,p.T72R,41.64,Benign,10.738
1,12919587,12919587,PRAMEF2,c.327T>C,p.D109D,36.75,Benign,24.064
1,12919623,12919624,PRAMEF2,c.363_364delinsTG,p.L122V,39.00,Likely Benign,
1,12919928,12919928,PRAMEF2,c.668A>G,p.K223R,49.48,Benign,10.909
1,12919934,12919934,PRAMEF2,c.674A>G,p.Y225C,49.29,Benign,15.327
1,12919963,12919963,PRAMEF2,c.703T>G,p.C235G,48.25,Benign,11.623
1,12920067,12920067,PRAMEF2,c.807C>G,p.L269L,48.00,Benign,10.879
1,12921110,12921110,PRAMEF2,c.901A>G,p.T301A,48.87,Benign,10.748
1,12921127,12921127,PRAMEF2,c.918A>G,p.L306L,49.06,Benign,26.699
1,12921132,12921132,PRAMEF2,c.923A>G,p.E308G,47.91,Benign,10.747
1,12921136,12921137,PRAMEF2,c.927_928delinsTG,p.L310V,0.69,Likely Pathogenic,
1,12921332,12921333,PRAMEF2,c.1123_1124delinsCA,p.C375H,39.55,Uncertain Significance,
1,12921635,12921635,PRAMEF2,c.*1G>A,,25.18,Benign,7.865
1,36937059,36937059,CSF3R,c.864T>C; c.1260T>C,p.T420T; p.T288T,48.54,Benign,55.798
1,36937065,36937065,CSF3R,c.1254T>C; c.858T>C,p.R286R; p.R418R,45.21,Benign,30.931
1,47685455,47685455,TAL1,c.933A>G; c.456A>G *; c.933A>G *,p.K311K; p.K152K,97.51,Benign,100.000
1,65303659,65303659,JAK1,c.2964G>A; c.2991G>A; c.3090G>A; c.3093G>A; c.2967G>A; c.3096G>A,p.K1030K; p.K1032K; p.K1031K; p.K989K; p.K988K; p.K997K,49.42,Benign,7.703
1,65310489,65310489,JAK1,c.2199A>G; c.2067A>G; c.2070A>G; c.2193A>G; c.2196A>G,p.P690P; p.P733P; p.P689P; p.P731P; p.P732P,48.81,Benign,30.343
1,65335062,65335062,JAK1,c.579T>C; c.573T>C,p.A191A; p.A193A,50.64,Benign,7.793
2,198257795,198257795,SF3B1,c.3657A>G,p.V1219V,49.33,Benign,66.086
2,198265526,198265526,SF3B1,c.2631T>C,p.G877G,49.98,Benign,66.033
2,198283305,198283305,SF3B1,c.423A>G,p.K141K,49.34,Benign,66.128
2,204732714,204732714,CTLA4,c.49A>G; c.121A>G,p.T17A; p.T41A,99.66,Uncertain Significance,41.611
3,10085536,10085536,FANCD2,c.1122A>G,p.V374V,31.42,Benign,10.511
3,10088266,10088266,FANCD2,c.1137G>T,p.V379V,19.12,Benign,18.180
3,10088299,10088299,FANCD2,c.1170C>T,p.S390S,24.51,Benign,25.706
3,10088343,10088343,FANCD2,c.1214A>G,p.N405S,25.30,Benign,25.717
3,10088404,10088404,FANCD2,c.1275C>T,p.Y425Y,25.43,Benign,4.544
3,10088408,10088412,FANCD2,c.1278+1_1278+5delinsT,,25.47,Likely Pathogenic,
3,10089723,10089723,FANCD2,c.1401G>A,p.T467T,3.10,Benign,41.841
3,10089738,10089738,FANCD2,c.1413+3A>G,,3.21,Benign,39.278
3,10091084,10091084,FANCD2,c.1440T>C,p.H480H,10.66,Likely Benign,0.029
3,10106408,10106408,FANCD2,c.2022-5C>T; c.1911-5C>T,,1.14,Likely Benign,0.051
3,10106532,10106532,FANCD2,c.2030C>T; c.2141C>T,p.P677L; p.P714L,42.97,Benign,14.696
3,10107147,10107147,FANCD2,c.2238C>T; c.2127C>T,p.N746N; p.N709N,3.09,Uncertain Significance,0.003
3,10138069,10138069,FANCD2OS; FANCD2,c.4098T>G; c.3987T>G; c.*43+7813A>C; c.4059T>G,p.L1329L; p.L1366L; p.L1353L,48.13,Benign,18.717
3,10142949,10142949,FANCD2OS; FANCD2,c.*43+2933G>A; c.*3C>T,,97.45,Benign,32.842
3,105389153,105389153,CBLB,n.3129T>C; c.2547T>C; n.2886T>C; c.2550T>C; n.2930T>C; n.2751T>C; c.2697T>C; n.2975T>C; c.1284T>C; n.2841T>C; c.1701T>C; c.1833T>C; n.2641T>C; c.1686T>C; c.1554T>C; c.2613T>C; c.2481T>C; c.2466T>C; c.1293T>C; c.2334T>C,p.P431P; p.P562P; p.P871P; p.P778P; p.P822P; p.P899P; p.P428P; p.P567P; p.P611P; p.P850P; p.P827P; p.P849P; p.P518P,50.88,Benign,22.367
3,105438957,105438957,CBLB,c.1341A>C; c.1425A>C; n.1420A>C; c.12A>C; n.1680A>C; c.1407A>C; n.1383A>C; n.1456A>C; c.153A>C; c.561A>C; c.1194A>C; n.1764A>C; n.1632A>C,p.L447L; p.L469L; p.L4L; p.L51L; p.L475L; p.L187L; p.L398L,50.17,Benign,22.577
3,105439026,105439026,CBLB,c.1356C>T; n.1351C>T; c.84C>T; n.1695C>T; n.1563C>T; c.1338C>T; n.1611C>T; n.1314C>T; c.-58C>T; c.1272C>T; n.1387C>T; c.492C>T; c.1125C>T,p.D164D; p.D375D; p.D452D; p.D424D; p.D446D; p.D28D,50.05,Benign,22.469
3,128205860,128205860,GATA2,c.297C>G; c.15C>G,p.P99P; p.P5P,48.14,Benign,66.313
3,183211906,183211906,KLHL6,c.1311T>C,p.N437N,48.85,Benign,55.874
3,187447032,187447032,LOC100131635; BCL6,n.294-3127G>A; c.1161C>T,p.N387N,97.50,Benign,64.365
4,1807894,1807894,FGFR3,c.1956G>A; n.2379G>A; c.1959G>A; c.1953G>A; c.1617G>A,p.T651T; p.T652T; p.T539T; p.T653T,99.73,Benign,98.654
4,55141055,55141055,PDGFRA; ENSG00000282278,c.1740A>G; c.1776A>G; c.1701A>G; c.1018-37A>G,p.P580P; p.P592P; p.P567P,98.97,Benign,98.760
4,55161391,55161391,PDGFRA; ENSG00000282278,c.2502T>C; c.3261T>C; c.3222T>C; c.3297T>C,p.D834D; p.D1099D; p.D1087D; p.D1074D,99.86,Benign,99.911
4,57352505,57352505,SRP72,n.1120G>A; c.918G>A; c.1101G>A,p.Q306Q; p.Q367Q,2.14,Uncertain Significance,0.000
4,106157132,106157133,TET2; TET2-AS1,c.2034dup; c.2097dup; n.319-58304dup,p.T700Hfs*2; p.T679Hfs*2,1.40,Likely Pathogenic,
4,106196829,106196829,TET2; TET2-AS1,c.5225T>G; n.318+58714A>C; c.5162T>G,p.L1721W; p.L1742W,43.11,Benign,11.548
5,1253918,1253918,TERT,n.2996G>A; n.3032G>A; c.3324G>A; c.3135G>A,p.P1045P; p.P1108P,49.68,Likely Benign,1.817
5,1294086,1294086,TERT,c.915G>A; n.994G>A,p.A305A,47.75,Benign,27.537
5,35861068,35861068,IL7R,c.197T>C; n.284T>C,p.I66T,93.10,Benign,62.570
5,35871190,35871190,IL7R,c.412G>A; n.499G>A,p.V138I,99.86,Benign,64.899
5,35874575,35874575,IL7R,n.625-1039C>T; c.731C>T; c.706+825C>T,p.T244I,48.78,Uncertain Significance,23.062
5,35876274,35876274,IL7R,c.*183A>G; c.1066A>G; n.890A>G,p.I356V,49.08,Benign,24.367
5,140431579,140431579,PCDHB1-AS1; PCDHB1,n.357-824T>C; c.524A>G,p.N175S,48.97,Uncertain Significance,0.004
5,149450132,149450132,CSF1R,n.1212A>G; c.1085A>G; c.892A>G; n.1141A>G; c.641A>G,p.H214R; p.H362R; p.T298A,49.43,Benign,9.706
5,149457678,149457678,CSF1R,n.853C>T; c.282C>T; c.726C>T; n.782C>T,p.T242T; p.T94T,99.59,Benign,50.924
5,149460553,149460553,CSF1R,c.-361T>C; c.84T>C; n.211T>C; n.140T>C,p.P28P,51.27,Benign,48.014
5,149495395,149495395,PDGFRB,c.3252A>G; c.2769A>G; c.3060A>G,p.P1084P; p.P923P; p.P1020P,48.88,Benign,34.047
5,149497177,149497177,PDGFRB,c.2945+4A>G; c.3137+4A>G; c.2654+4A>G,,56.02,Benign,34.877
5,149497228,149497228,PDGFRB,c.2898C>T; c.3090C>T; c.2607C>T,p.P1030P; p.P869P; p.P966P,52.20,Benign,7.705
5,176721198,176721198,NSD1,c.5956T>C; c.1471T>C; c.6067T>C; c.6829T>C; c.6076T>C; c.5707T>C; c.6520T>C; c.6409T>C,p.L1986L; p.L2174L; p.L1903L; p.L491L; p.L2137L; p.L2277L; p.L2026L; p.L2023L,99.48,Benign,82.274
5,176721272,176721272,NSD1,c.6030G>C; c.6903G>C; c.6141G>C; c.6594G>C; c.6483G>C; c.6150G>C; c.5781G>C; c.1545G>C,p.G2010G; p.G2198G; p.G2050G; p.G2161G; p.G1927G; p.G515G; p.G2047G; p.G2301G,98.60,Benign,18.678
5,176940384,176940384,DDX41,c.822C>T; c.1200C>T,p.R274R; p.R400R,45.23,Benign,41.586
6,18139214,18139214,TPMT,c.474C>T; c.474C>T *,p.I158I,99.31,Benign,76.396
6,33288271,33288271,DAXX,c.1173T>C; c.912T>C; c.1137T>C,p.Y379Y; p.Y304Y; p.Y391Y,46.83,Benign,29.226
7,2966383,2966383,CARD11,c.1797A>G,p.L599L,0.79,Uncertain Significance,
7,2969680,2969680,CARD11,c.1599C>T,p.D533D,50.87,Benign,18.940
7,2976767,2976767,CARD11,c.1245C>T,p.D415D,48.93,Benign,16.318
7,6036980,6036980,PMS2,c.780C>G; c.966C>G; c.-154C>G; c.471C>G; c.444C>G; c.672C>G; c.267C>G; c.804C>G; c.705+1759C>G; c.132+5104C>G; c.375C>G; c.207C>G; c.612C>G; c.777C>G; n.867C>G; c.537+5104C>G; c.462C>G,p.S157S; p.S125S; p.S89S; p.S148S; p.S69S; p.S322S; p.S204S; p.S224S; p.S268S; p.S260S; p.S259S; p.S154S,51.93,Benign,80.387
7,6043676,6043676,PMS2,c.-229G>A; c.-126G>A; c.363G>A; c.-219G>A; c.-255G>A; c.-39G>A; c.-404G>A; c.-708G>A; n.264G>A; c.-205G>A; c.-52-1409G>A; c.177G>A; c.-308G>A; c.-176G>A,p.K59K; p.K121K,0.58,Uncertain Significance,
7,55233089,55233089,EGFR,c.1704C>T; c.1839C>T; c.1038C>T; c.1680C>T,p.A560A; p.A568A; p.A613A; p.A346A,49.56,Benign,5.190
7,55238874,55238874,EGFR,c.1752T>A; c.1086T>A; c.1887T>A; c.1728T>A,p.T584T; p.T362T; p.T629T; p.T576T,51.97,Benign,37.141
7,55249063,55249063,EGFR-AS1; EGFR,n.1201C>T; c.2226G>A; c.1560G>A; c.2202G>A; c.2361G>A,p.Q734Q; p.Q787Q; p.Q520Q; p.Q742Q,98.59,Benign,52.144
7,55266417,55266417,EGFR,c.2574T>C; c.2709T>C; c.1908T>C; c.2550T>C,p.T636T; p.T903T; p.T858T; p.T850T,87.59,Benign,89.426
7,92733766,92733766,SAMD9,c.1645G>T,p.V549L,46.94,Benign,9.129
7,92734451,92734451,SAMD9,c.960T>C,p.Y320Y,47.49,Benign,37.879
7,92734983,92734983,SAMD9,c.428T>C,p.I143T,47.62,Benign,12.070
7,92760738,92760738,SAMD9L,c.4547A>C,p.N1516T,47.53,Benign,6.091
7,92764982,92764982,SAMD9L,c.303G>A,p.Q101Q,48.47,Benign,22.980
7,101916647,101916647,CUX1,c.1149G>A *; c.1128G>A *; c.1260A>G; c.1260G>A *; c.1149A>G; c.1218A>G; c.1266G>A *; c.1218G>A *; c.1266A>G; c.1128A>G,p.A383A; p.A422A; p.A376A; p.A420A; p.A406A,47.49,Benign,72.926
7,103155705,103155705,RELN,c.8046T>C,p.H2682H,48.43,Benign,46.782
7,103155864,103155864,RELN,c.7887T>C,p.P2629P,49.75,Benign,18.014
7,103294550,103294550,RELN,c.1544C>T,p.S515F,1.28,Uncertain Significance,
7,103389954,103389954,RELN,c.578-3T>C,,47.21,Benign,49.219
7,103629803,103629804,RELN,c.-6_-1dup,,16.25,Benign,26.337
7,116397572,116397572,MET,c.1944A>G; c.654A>G,p.Q648Q; p.Q218Q,49.31,Benign,18.140
7,116411990,116411990,MET,c.2975C>T; c.3029C>T; c.1685C>T,p.T992I; p.T1010I; p.T562I,48.45,Uncertain Significance,0.825
7,140426257,140426257,BRAF,c.*37T>C; c.2187T>C; c.2128-10421T>C,p.S729S,47.91,Benign,37.551
7,148543694,148543694,EZH2,c.118-4del,,90.14,Benign,70.685
7,151921099,151921099,KMT2C,c.3203+1G>A; c.3323+1G>A,,0.90,Likely Pathogenic,
7,151921255,151921255,KMT2C,c.3168G>A; c.3048G>A,p.W1056*; p.W1016*,3.27,Likely Pathogenic,
7,151927021,151927021,KMT2C,c.2963G>T; c.2843G>T,p.C988F; p.C948F,36.82,Benign,22.612
7,151927023,151927023,KMT2C,c.2961C>G; c.2841C>G,p.Y947*; p.Y987*,30.43,Likely Pathogenic,
7,151927025,151927025,KMT2C,c.2959T>C; c.2839T>C,p.Y987H; p.Y947H,29.14,Benign,38.544
7,151927026,151927026,KMT2C,c.2838A>G; c.2958A>G,p.P986P; p.P946P,6.17,Benign,23.424
7,151927067,151927067,KMT2C,c.2797A>G; c.2917A>G,p.R973G; p.R933G,30.74,Likely Pathogenic,
7,151932908,151932908,KMT2C,c.2643A>G; c.2763A>G,p.L921L; p.L881L,2.56,Benign,42.499
7,151932923,151932923,KMT2C,c.2628C>T; c.2748C>T,p.I876I; p.I916I,0.67,Uncertain Significance,0.338
7,151935798,151935799,KMT2C,c.2645_2646delinsCA; c.2533-2781_2533-2780delinsCA,p.I882T,38.70,Uncertain Significance,
7,151935866,151935866,KMT2C,c.2533-2848C>T; c.2578C>T,p.P860S,29.09,Likely Pathogenic,
7,151935871,151935871,KMT2C,c.2533-2853G>T; c.2573G>T,p.W858L,29.34,Likely Pathogenic,
7,151945007,151945007,KMT2C,c.2515G>A; c.2512G>A,p.G838S; p.G839S,35.38,Benign,49.408
7,151945071,151945072,KMT2C,c.2447dup; c.2450dup,p.Y816*; p.Y817*,33.23,Benign,48.670
7,151945140,151945140,KMT2C,c.2379G>A; c.2382G>A,p.S794S; p.S793S,24.37,Benign,43.539
7,151945215,151945215,KMT2C,c.2304A>G; c.2307A>G,p.S769S; p.S768S,4.26,Likely Benign,3.158
7,151962257,151962257,KMT2C,c.1053G>A; c.1050G>A,p.P351P; p.P350P,5.19,Uncertain Significance,0.100
7,151962265,151962265,KMT2C,c.1042G>A; c.1045G>A,p.D348N; p.D349N,5.05,Uncertain Significance,0.033
7,151970797,151970797,KMT2C,c.1008T>A; c.1005T>A,p.P336P; p.P335P,5.54,Uncertain Significance,0.244
7,151970859,151970859,KMT2C,c.946G>T; c.943G>T,p.G315C; p.G316C,3.54,Uncertain Significance,0.010
7,151970877,151970877,KMT2C,c.925C>T; c.928C>T,p.P309S; p.P310S,7.12,Uncertain Significance,0.519
7,151970931,151970931,KMT2C,c.871C>T; c.874C>T,p.L291F; p.L292F,63.18,Benign,49.945
8,30924557,30924557,WRN,c.513C>T,p.C171C,99.93,Benign,70.808
8,30938704,30938704,WRN,c.1161G>A,p.M387I,46.65,Benign,7.380
8,30973957,30973957,WRN,c.2361G>T,p.L787L,50.06,Benign,45.121
8,30999280,30999280,WRN,c.3222G>T,p.L1074F,49.09,Benign,45.358
8,31024638,31024638,WRN,c.4083C>T,p.S1361S,47.41,Benign,29.695
8,41791283,41791283,KAT6A,c.4455C>T,p.S1485S,48.30,Benign,12.018
8,41798417,41798417,KAT6A,c.2982G>A,p.P994P,50.68,Benign,12.062
8,41906095,41906095,KAT6A,c.401T>C,p.L134S,46.38,Benign,12.070
8,90967711,90967711,NBN,c.951T>C; c.1197T>C; c.885T>C,p.D295D; p.D399D; p.D317D,49.44,Benign,47.032
9,5050706,5050706,JAK2,c.489C>T; n.890C>T; c.-632C>T; n.973C>T; c.42C>T,p.H163H; p.H14H,43.60,Benign,32.549
9,5081780,5081780,JAK2,c.2043G>A; c.1275G>A; n.2891G>A; c.2490G>A; n.2974G>A,p.L681L; p.L425L; p.L830L,99.67,Benign,53.602
9,5126343,5126343,INSL6; JAK2,c.*11-1832C>T; c.3188G>A; c.1973G>A; n.3589G>A; n.3672G>A; c.2741G>A,p.R1063H; p.R658H; p.R914H,46.04,Uncertain Significance,0.470
9,21970916,21970916,CDKN2A,c.442G>A; c.*86G>A; c.289G>A; c.*365G>A,p.A148T; p.A97T,50.18,Benign,2.066
9,36840623,36840623,PAX5,c.1008C>T; c.921C>T; c.810C>T; c.878C>T; c.1110C>T; c.894C>T; c.597C>T; c.981C>T; c.1023C>T; c.786C>T; n.1274C>T; c.791C>T; n.1217C>T,p.T293I; p.Y336Y; p.Y327Y; p.Y307Y; p.Y262Y; p.Y341Y; p.Y199Y; p.Y298Y; p.Y370Y; p.T264I; p.Y270Y,98.64,Benign,86.447
9,133759546,133759546,ABL1,c.1869G>A; c.1926G>A,p.E642E; p.E623E,48.69,Benign,2.160
9,133760592,133760592,ABL1,c.2915C>T; c.2972C>T,p.S972L; p.S991L,47.23,Benign,2.167
9,133761001,133761001,ABL1,c.3381A>G; c.3324A>G,p.P1108P; p.P1127P,46.28,Benign,55.454
9,139391636,139391636,NOTCH1,c.4152C>T; c.6555C>T; c.6441C>T; c.6435C>T,p.D2185D; p.D2145D; p.D1384D; p.D2147D,48.67,Benign,61.822
9,139397707,139397707,NOTCH1,c.4980C>T; c.4974C>T; c.5094C>T; c.2691C>T,p.D1660D; p.D1658D; p.D897D; p.D1698D,50.56,Benign,44.879
9,139418260,139418260,NOTCH1,c.312T>C,p.N104N,48.85,Benign,59.336
10,27303605,27303605,ANKRD26,c.4539T>A; c.4542T>A,p.F1514L; p.F1513L,21.20,Benign,21.930
10,27317840,27317840,ANKRD26,c.3910G>A; c.3913G>A,p.V1304I; p.V1305I,50.65,Benign,21.844
10,27333122,27333122,ANKRD26,c.1983-3del; c.1986-3del,,45.08,Benign,34.062
10,27381349,27381349,ANKRD26,c.624A>G,p.V208V,50.34,Benign,24.163
10,27389197,27389197,ANKRD26,c.59A>G,p.Q20R,49.14,Benign,89.948
10,27389395,27389395,ANKRD26,c.-140C>G,,48.22,Benign,6.401
10,72358577,72358577,PRF1; PALD1,c.900C>T; c.2419-67G>A; c.2250+34302G>A; c.2263-67G>A,p.H300H,99.15,Benign,64.107
10,90771829,90771829,FAS,n.411T>C; n.612T>C; n.951T>C; n.538+1257T>C; n.474T>C; c.568+1257T>C; n.808T>C; c.687T>C; n.549T>C; n.561T>C; c.579T>C; c.642T>C,p.T193T; p.T229T; p.T214T,53.58,Benign,76.186
10,112361870,112361870,SMC3,c.3039A>G,p.S1013S,99.47,Benign,99.598
10,123239112,123239112,FGFR2,c.2107C>T; c.*259C>T; n.3161C>T; c.*453C>T,p.L703L,49.47,Benign,53.214
10,123298158,123298158,FGFR2,n.984A>G; c.429A>G; c.696A>G; c.351A>G,p.V232V; p.V143V; p.V117V,99.73,Benign,78.012
11,534242,534242,HRAS,c.81T>C; c.-239T>C,p.H27H,48.47,Benign,31.879
11,30033191,30033191,KCNA4,c.1035C>T,p.G345G,46.92,Benign,17.601
11,32417945,32417945,WT1,c.360A>G; c.1071A>G; n.1403A>G; c.420A>G; n.1454A>G; c.999A>G; c.471A>G; c.1122A>G; c.948A>G; c.-67A>G; c.447A>G; c.1116A>G,p.R157R; p.R374R; p.R149R; p.R120R; p.R357R; p.R333R; p.R140R; p.R372R; p.R316R,51.51,Benign,23.571
11,32456694,32456694,WT1-AS; WT1,n.-891C>A; c.213G>T; c.-1176G>T; n.392G>T; c.-1485G>T; n.-370C>A,p.P71P,48.40,Benign,23.604
11,72945341,72945341,P2RY2,c.137C>T,p.P46L,95.61,Benign,92.488
11,72946020,72946020,P2RY2,c.816C>T,p.R272R,95.14,Benign,56.602
11,72946140,72946140,P2RY2,c.936G>C,p.R312S,49.02,Benign,27.787
11,72946204,72946204,P2RY2,c.1000C>T,p.R334C,43.01,Benign,15.063
11,72946279,72946279,P2RY2,c.1075T>C,p.S359P,48.74,Uncertain Significance,3.549
11,85968623,85968623,EED,c.619C>T; c.514C>T; c.799C>T,p.L172L; p.L267L; p.L207L,51.22,Benign,36.301
11,108043988,108043988,NPAT,c.1723G>A,p.V575I,49.07,Benign,60.114
11,108119726,108119726,ATM,c.1132A>G,p.S378G,49.88,Likely Pathogenic,0.000
11,108163474,108163474,ATM,c.4565G>A,p.G1522D,5.17,Uncertain Significance,
11,108175462,108175462,ATM,c.5557G>A,p.D1853N,50.93,Benign,11.344
11,108183167,108183167,C11orf65; ATM,c.5948A>G; c.641-3369T>C; c.*39-3369T>C; c.5948A>G *,p.N1983S; p.S1983S,99.94,Benign,100.000
11,118307279,118307281,KMT2A; ENSG00000285827,c.214-11050_214-11048del; c.63_65del; c.-798-32200_-798-32198del,p.G23del,0.66,Uncertain Significance,0.009
12,11992168,11992168,ETV6,c.-7G>A; c.258G>A; c.255G>A; c.231G>A,p.T77T; p.T86T; p.T85T,48.21,Benign,14.605
12,25362777,25362777,KRAS,c.*73T>C; c.321T>C; c.444T>C; c.519T>C,p.D173D; p.D148D; p.D107D,99.76,Benign,19.056
12,25368462,25368462,KRAS,c.451-5617G>A; c.253-5617G>A; c.376-5617G>A; c.483G>A *; c.483G>A,p.R161R,99.14,Benign,99.949
12,111884608,111884608,SH2B3,c.178T>C; c.784T>C,p.W60R; p.W262R,49.76,Benign,66.803
13,19751274,19751274,TUBA3C,c.849C>T,p.H283H,1.20,Uncertain Significance,0.007
13,19751544,19751544,TUBA3C,c.579G>A,p.T193T,42.82,Benign,27.350
13,28610183,28610183,FLT3,n.1376-3T>C; c.1310-3T>C,,47.53,Uncertain Significance,70.039
13,28636084,28636084,FLT3,n.354C>T; c.288C>T,p.D96D,98.51,Benign,98.285
13,32912299,32912299,BRCA2,c.425-6396T>C; c.3438T>C; c.1909+4775T>C; c.3807T>C; n.4006T>C,p.V1146V; p.V1269V,97.12,Benign,17.542
13,32913055,32913055,BRCA2,c.4563A>G; n.4762A>G; c.425-5640A>G; c.4194A>G; c.1909+5531A>G,p.L1398L; p.L1521L,82.35,Benign,99.275
13,32915005,32915005,BRCA2,c.425-3690G>C; c.1910-3690G>C; c.6144G>C; c.6513G>C; n.6712G>C,p.V2048V; p.V2171V,96.16,Benign,99.253
13,32929387,32929387,BRCA2,c.980T>C; c.7301T>C; c.7028T>C; c.7397T>C; n.7596T>C; c.2465T>C,p.V2434A; p.V2343A; p.V2466A; p.V327A; p.V822A,99.33,Benign,99.343
14,86088056,86088056,FLRT2,c.198T>C,p.T66T,97.25,Benign,99.769
14,90651033,90651033,KCNK13,c.913G>A,p.G305R,47.28,Benign,8.605
15,74328116,74328116,PML,c.*1119A>G; c.*2167A>G; c.*35+1245A>G; c.*639A>G; c.2314A>G; c.1710+1245A>G; c.1566+1245A>G; c.1255-232A>G; c.2170A>G,p.S772G; p.S724G,52.08,Benign,52.387
15,74328141,74328141,PML,c.1710+1270G>T; c.*664G>T; c.*35+1270G>T; c.2195G>T; c.1566+1270G>T; c.1255-207G>T; c.*2192G>T; c.*1144G>T; c.2339G>T,p.G732V; p.G780V,51.40,Benign,36.446
15,74336633,74336633,PML,c.1789T>C; c.1933T>C,p.F597L; p.F645L,46.99,Benign,34.517
15,82555242,82555242,EFL1; SAXO2,c.-170A>G; c.-784T>C; c.-260A>G; c.-54A>G; c.-307T>C; n.-167T>C; c.-1011T>C; n.84A>G; c.-376A>G; c.-432A>G; c.22A>G; c.-176A>G,p.S8G,48.83,Benign,19.105
15,82558034,82558034,SAXO2,c.178G>C; c.-20G>C; c.28+2505G>C; c.53+2761G>C; c.37G>C,p.A60P; p.A13P,83.41,Benign,61.085
15,82563991,82563991,SAXO2,c.28+8462C>T; c.56C>T; c.140C>T; c.281C>T; c.233+5902C>T; c.101C>T,p.P94L; p.P47L; p.P34L; p.P19L,99.58,Benign,43.935
15,82574879,82574879,SAXO2,c.712T>C; c.448T>C; c.673T>C; c.853T>C; c.628T>C; c.*410T>C,p.W210R; p.W150R; p.W285R; p.W225R; p.W238R,47.97,Benign,24.845
15,88576185,88576185,NTRK3,c.1464C>G; c.1194C>G; c.1170C>G; c.1488C>G,p.A488A; p.A398A; p.A496A; p.A390A,48.56,Benign,34.875
15,88679785,88679785,NTRK3,c.384C>T; c.678C>T *; c.678C>T,p.N226N; p.N128N,98.98,Benign,99.673
15,88680684,88680684,NTRK3,c.573C>T; c.279C>T,p.N191N; p.N93N,46.68,Benign,26.061
16,89805261,89805261,ZNF276; FANCA,c.4260+29T>C; c.4164T>C; n.2607A>G; c.4293T>C; n.2490A>G; c.*607A>G; n.2524A>G; c.4264+29T>C; n.2430A>G,p.H1388H; p.H1431H,94.64,Benign,70.470
16,89806347,89806347,ZNF276; FANCA,c.3934+55T>A; n.3693A>T; n.3516A>T; n.3576A>T; c.3805+55T>A; c.*1693A>T; n.3610A>T,,48.98,Benign,52.514
16,89836323,89836323,FANCA,c.2426G>A,p.G809D,48.22,Benign,47.268
16,89838086,89838086,FANCA,c.2151G>T,p.M717I,50.53,Likely Benign,2.167
16,89849480,89849480,FANCA,c.1501G>A,p.G501S,51.84,Benign,50.407
16,89866043,89866043,FANCA,c.700A>G; c.796A>G,p.T234A; p.T266A,49.42,Benign,52.203
17,260142,260142,C17orf97; LOC105371430; LIAT1,c.9G>T; n.330+2778C>A,p.T3T,48.37,Benign,31.608
17,260182,260182,C17orf97; LOC105371430; LIAT1,n.330+2738A>G; c.49T>C,p.L17L,43.33,Benign,30.542
17,263735,263735,C17orf97; LOC105371430; LIAT1,n.45+35A>G; c.1101T>C; c.304+3298T>C,p.T367T,2.48,Likely Benign,0.000
17,1555039,1555039,PRPF8; RILP,c.6266A>C; c.-1941A>C; c.6413A>C; c.6278A>C,p.Q2089P; p.Q2138P; p.Q2093P,50.83,Likely Pathogenic,
17,1578939,1578939,PRPF8,c.2847G>A; c.2712G>A,p.P949P; p.P904P,46.48,Benign,21.339
17,1580929,1580929,PRPF8,c.1914C>G; c.1779C>G,p.L638L; p.L593L,51.70,Benign,21.727
17,1584324,1584324,PRPF8,c.891T>C,p.N297N,46.66,Benign,21.785
17,1585130,1585130,PRPF8,c.637T>C,p.L213L,50,Benign,18.802
17,7579472,7579472,TP53,c.98C>G; c.215C>G; c.-1020C>G; c.-939C>G; n.357C>G,p.P72R; p.P33R,95.37,Uncertain Significance,66.289
17,16842912,16842912,TNFRSF13B,c.693T>C; c.831T>C,p.S277S; p.S231S,48.95,Benign,49.363
17,16852206,16852206,TNFRSF13B,c.291T>G; c.153T>G,p.P97P; p.P51P,49.77,Benign,4.075
17,16855878,16855878,TNFRSF13B,c.81G>A; c.62-3581G>A,p.T27T,99.54,Benign,80.823
17,29508775,29508775,NF1,c.702G>A,p.L234L,99.17,Benign,62.010
17,29528142,29528142,NF1,c.1150T>C,p.F384L,1.21,Likely Pathogenic,
17,29541476,29541476,NF1,c.1430C>T; c.1445C>T; c.1400C>T,p.T482I; p.T477I; p.T467I,0.58,Pathogenic,
17,29554582,29554582,NF1,c.2397G>A; c.2367G>A; c.2412G>A,p.K799K; p.K789K; p.K804K,9.32,Uncertain Significance,
17,29554589,29554589,NF1,c.2419C>T; c.2374C>T; c.2404C>T,p.L802F; p.L792F; p.L807F,9.05,Pathogenic,
17,30267331,30267331,SUZ12,c.301C>T,p.R101*,3.61,Likely Pathogenic,
17,30303572,30303572,SUZ12,c.856C>T; c.787C>T,p.R263*; p.R286*,1.37,Likely Pathogenic,
17,41223094,41223094,BRCA1,c.310A>G; c.4903A>G; c.4759A>G; c.4711A>G; c.4900A>G; c.1387A>G; c.-98-20887A>G; c.1525A>G; c.3949A>G; c.4696A>G; c.1444A>G; c.4624A>G; c.5-7126A>G; c.4834A>G; c.4837A>G,p.S1587G; p.S1566G; p.S1317G; p.S104G; p.S463G; p.S482G; p.S1613G; p.S1571G; p.S1635G; p.S1634G; p.S1612G; p.S509G; p.S1542G,99.24,Benign,34.998
17,41234470,41234470,BRCA1,c.4095T>C; c.918T>C; c.-43-7932T>C; c.5-18502T>C; c.4182T>C; c.858T>C; c.-98-32263T>C; c.4308T>C; c.4167T>C; c.3420T>C; c.4230T>C; c.996T>C; c.999T>C,p.S1140S; p.S306S; p.S1394S; p.S1365S; p.S1410S; p.S1389S; p.S332S; p.S1436S; p.S333S; p.S286S,99.58,Benign,34.330
17,41244000,41244000,BRCA1,c.3470A>G; c.3422A>G; c.3335A>G; c.-43-17462A>G; c.5-28032A>G; c.707-951A>G; c.-99+33288A>G; c.3548A>G; c.3407A>G; c.647-951A>G; c.2660A>G; c.788-951A>G; c.785-951A>G,p.K1112R; p.K1157R; p.K1136R; p.K887R; p.K1183R; p.K1141R,96.33,Benign,34.855
17,41244435,41244435,BRCA1,c.-43-17897A>G; c.647-1386A>G; c.-99+32853A>G; c.2225A>G; c.3113A>G; c.2987A>G; c.5-28467A>G; c.788-1386A>G; c.785-1386A>G; c.2972A>G; c.3035A>G; c.2900A>G; c.707-1386A>G,p.E991G; p.E1038G; p.E996G; p.E742G; p.E1012G; p.E967G,89.88,Benign,34.300
17,41244936,41244936,BRCA1,c.2486C>T; c.2399C>T; c.787+1825C>T; c.2471C>T; c.646+1825C>T; c.706+1825C>T; c.5-28968C>T; c.784+1825C>T; c.1724C>T; c.2534C>T; c.-43-18398C>T; c.-99+32352C>T; c.2612C>T,p.P575L; p.P829L; p.P871L; p.P800L; p.P824L; p.P845L,94.73,Benign,41.275
17,41245237,41245237,BRCA1,c.2185T>C; c.5-29269T>C; c.706+1524T>C; c.646+1524T>C; c.784+1524T>C; c.2233T>C; c.-43-18699T>C; c.2170T>C; c.-99+32051T>C; c.2311T>C; c.1423T>C; c.2098T>C; c.787+1524T>C,p.L724L; p.L700L; p.L745L; p.L771L; p.L475L; p.L729L,99.55,Benign,34.216
17,41245466,41245466,BRCA1,c.706+1295C>T; c.1956C>T; c.1194C>T; c.1869C>T; c.2004C>T; c.-99+31822C>T; c.2082C>T; c.787+1295C>T; c.5-29498C>T; c.-43-18928C>T; c.784+1295C>T; c.646+1295C>T; c.1941C>T,p.S623S; p.S668S; p.S694S; p.S398S; p.S652S; p.S647S,90.85,Benign,34.860
17,74732507,74732507,MFSD11; SRSF2,c.-1928A>G; c.-1812A>G; c.-733A>G; c.-1623A>G; n.573T>C; n.-1694A>G; c.402T>C; c.-1530A>G; c.402T>C *; c.-1645A>G; c.-738A>G; n.-209A>G; c.-1269A>G; c.366T>C,p.S122S; p.S134S,99.73,Benign,99.703
17,74733099,74733099,MFSD11; MIR636; SRSF2,n.-1102G>A; c.-141G>A; n.-469C>T; c.-1336G>A; c.-1053G>A; n.315C>T; c.-938G>A; c.-146G>A; c.-1220G>A; c.-1031G>A; n.384G>A; c.144C>T; c.-677G>A,p.D48D,95.07,Benign,88.440
18,42456653,42456653,SETBP1,c.540+7405G>A; c.664G>A,p.A222T,98.65,Benign,52.534
18,42456670,42456671,SETBP1,c.540+7422_540+7423insTCTT; c.681_682insTCTT,p.T228Sfs*8,98.30,Benign,52.471
18,42529996,42529996,SETBP1,c.691G>C,p.V231L,43.40,Benign,19.023
18,42533130,42533130,SETBP1,c.3825A>G,p.S1275S,46.39,Benign,88.475
19,7712277,7712277,STXBP2,c.1480A>G; c.1609A>G; c.1576A>G; c.1538+144A>G; n.1591A>G; c.181A>G; c.1567A>G,p.I61V; p.I494V; p.I523V; p.I526V; p.I537V,47.08,Benign,64.010
19,10265312,10265312,DNMT1,c.1419A>G; c.1734A>G; c.1782A>G,p.T578T; p.T594T; p.T473T,99.33,Benign,99.074
19,10267077,10267077,DNMT1,c.1341A>G; c.1389A>G; c.1026A>G,p.P447P; p.P463P; p.P342P,99.96,Benign,51.810
19,45284236,45284236,CBLC,c.428A>G,p.K143R,8.88,Uncertain Significance,
19,56180968,56180968,U2AF2,c.1191C>T; c.1203C>T,p.D397D; p.D401D,51.34,Benign,86.871
20,31022959,31022959,ASXL1,c.1869+575T>C; c.2429T>C; c.2261C>T *; c.2261T>C; c.2444C>T *,p.P815L; p.P754L; p.L754P; p.L810P,97.93,Benign,99.999
20,43264927,43264927,ADA,c.-254G>A; n.128G>A; c.36G>A; c.99G>A; c.-115G>A; c.114G>A; c.-118G>A; c.111G>A,p.V33V; p.V12V; p.V37V; p.V38V,99.21,Benign,99.525
20,43280227,43280227,ADA,c.-121+316G>A; c.-358G>A; c.96+514G>A; c.-268G>A; c.-118+316G>A; n.114G>A; c.22G>A,p.D8N,46.95,Benign,5.863
20,57478807,57478807,GNAS,c.393C>T; c.396C>T; c.*299C>T; c.174C>T; c.*296C>T; c.351C>T; c.2322C>T; c.2325C>T; c.*254C>T; c.66C>T; c.297C>T; c.*305C>T; c.219C>T; c.2277C>T; c.216C>T; c.348C>T,p.I775I; p.I117I; p.I72I; p.I116I; p.I73I; p.I759I; p.I132I; p.I131I; p.I58I; p.I22I; p.I99I; p.I774I,99.50,Benign,54.473
20,62321189,62321189,RTEL1-TNFRSF6B; RTEL1,c.2112C>T; c.1443C>T; c.2184C>T; n.2939C>T,p.D481D; p.D728D; p.D704D,49.82,Benign,7.736
20,62321655,62321655,RTEL1-TNFRSF6B; RTEL1,c.2274G>A; c.1605G>A; c.2346G>A; n.3101G>A,p.A535A; p.A758A; p.A782A,97.12,Benign,74.190
20,62322288,62322288,RTEL1-TNFRSF6B; RTEL1,c.2544T>C; c.2616T>C; n.3371T>C; c.1875T>C,p.P625P; p.P848P; p.P872P,99.65,Benign,75.007
20,62326110,62326110,RTEL1-TNFRSF6B; RTEL1; TNFRSF6B,n.3953A>C; c.2457A>C; c.-2011A>C; c.3126A>C; c.3198A>C,p.Q1042H; p.Q819H; p.Q1066H,99.64,Benign,75.489
20,62326579,62326579,RTEL1-TNFRSF6B; RTEL1; TNFRSF6B,c.3571+5G>T; c.2830+5G>T; c.3499+5G>T; c.-1542G>T; n.4326+5G>T,,47.83,Benign,14.281
20,62327199,62327199,RTEL1-TNFRSF6B; RTEL1; TNFRSF6B,c.-922A>G; c.3891A>G; n.4718A>G; c.*61A>G,p.P1297P,48.94,Benign,5.938
21,36231782,36231782,RUNX1,c.602G>A; c.521G>A,p.R201Q; p.R174Q,47.15,Pathogenic,
22,17662793,17662793,ADA2,c.1359T>C; c.636T>C; c.1233T>C; c.999T>C; c.753T>C,p.Y251Y; p.Y453Y; p.Y212Y; p.Y411Y; p.Y333Y,49.15,Benign,25.903
22,17662917,17662917,ADA2,c.1114-5C>G; c.517-5C>G; c.634-5C>G; c.1240-5C>G; c.880-5C>G,,47.44,Benign,24.953
22,17690430,17690430,ADA2,c.-38-2250G>C; c.12G>C; c.138G>C,p.L46L; p.L4L,47.63,Benign,14.925
22,23523630,23523630,BCR,c.483C>A,p.I161I,44.30,Benign,28.124
22,23627369,23627369,BCR,c.2387A>G,p.N796S,99.11,Benign,81.784
22,23631801,23631801,BCR,c.2700T>C,p.N900N,46.83,Benign,29.064
22,23631813,23631814,BCR,c.2707+12dup,,35.56,Benign,28.676
22,23653880,23653880,BCR,c.3183-4G>A; c.3051-4G>A,,47.61,Benign,38.099
22,23654017,23654017,BCR,c.3316G>A; c.3184G>A,p.D1062N; p.D1106N,1.92,Likely Pathogenic,0.024
22,29083909,29083909,CHEK2,c.1608A>G; c.1737A>G; c.948A>G; c.1335A>G; c.945A>G; c.1521A>G; c.1407A>G,p.P316P; p.P579P; p.P469P; p.P536P; p.P315P; p.P445P; p.P507P,0.65,Uncertain Significance,0.000
22,29090054,29090054,CHEK2,c.1154C>T; c.764C>T; c.1427C>T; c.1226C>T; c.1340C>T; c.1556C>T; c.767C>T,p.T256M; p.T476M; p.T255M; p.T385M; p.T409M; p.T519M; p.T447M,3.29,Uncertain Significance,0.031
22,29091142,29091142,CHEK2,c.1261G>A; c.685G>A; c.1075G>A; c.1348G>A; c.688G>A; c.1477G>A; c.1147G>A,p.E421K; p.E229K; p.E359K; p.E383K; p.E493K; p.E450K; p.E230K,1.96,Likely Pathogenic,
22,41548008,41548008,EP300,c.2911A>G; c.2989A>G,p.I971V; p.I997V,50.55,Benign,29.946
22,41551039,41551039,EP300,c.3183T>A; c.3105T>A,p.T1061T; p.T1035T,48.22,Benign,65.695
X,1331495,1331495,CRLF2,c.-201C>G; c.33C>G; n.48C>G,p.A11A,48.24,Benign,21.325
X,15838366,15838366,ZRSR2,c.864C>T; c.786C>T,p.N288N; p.N262N,49.30,Benign,52.758
X,15841230,15841231,ZRSR2,c.1338_1343dup; c.1260_1265dup,p.S447_R448dup; p.S421_R422dup,37.24,Benign,1.625
X,34148877,34148877,FAM47A,c.1519G>C,p.E507Q,1.19,Uncertain Significance,0.009
X,34148882,34148882,FAM47A,c.1514G>A,p.R505H,0.92,Uncertain Significance,0.001
X,34148894,34148894,FAM47A,c.1502C>G,p.T501R,0.84,Uncertain Significance,0.007
X,34148902,34148902,FAM47A,c.1494T>A,p.T498T,0.67,Likely Benign,
X,39933339,39933339,BCOR,c.1260T>C,p.D420D,87.53,Benign,89.920
X,47057647,47057647,UBA1,c.1-555A>G,,99.71,Benign,99.806
X,129147079,129147079,BCORL1,c.331T>C *; c.331T>C,p.F111L; p.L111L,94.79,Benign,99.998
X,130678467,130678467,IGSF1; OR13H1,c.420A>G; c.-913+34175T>C,p.V140V,99.39,Benign,64.296
X,130678596,130678596,IGSF1; OR13H1,c.549C>G; c.-913+34046G>C,p.L183L,49.88,Benign,27.233
X,130678844,130678844,IGSF1; OR13H1,c.797A>C; c.-913+33798T>G,p.Y266S,96.38,Benign,64.337
X,153994596,153994596,DKC1,n.471G>T; n.948G>T; c.-241G>T; c.369G>T; c.282G>T,p.T123T; p.T94T,99.53,Benign,99.752

