Chromosome,Position,End Position,Gene Symbol,Transcript Variant,Protein Variant,1845D - Allele Fraction,Classification,gnomAD Frequency
1,12918885,12918885,PRAMEF2,c.21G>C,p.P7P,2.18,Likely Benign,0.393
1,12918891,12918891,PRAMEF2,c.27A>C,p.L9L,1.12,Benign,6.355
1,12918963,12918963,PRAMEF2,c.99G>T,p.R33S,43.57,Benign,10.577
1,12919064,12919064,PRAMEF2,c.200T>G,p.V67G,37.56,Benign,16.656
1,12919079,12919079,PRAMEF2,c.215C>G,p.T72R,39.19,Benign,10.738
1,12919587,12919587,PRAMEF2,c.327T>C,p.D109D,37.31,Benign,24.064
1,12919623,12919624,PRAMEF2,c.363_364delinsTG,p.L122V,40.83,Likely Benign,
1,12919928,12919928,PRAMEF2,c.668A>G,p.K223R,49.81,Benign,10.909
1,12919934,12919934,PRAMEF2,c.674A>G,p.Y225C,50.01,Benign,15.327
1,12919963,12919963,PRAMEF2,c.703T>G,p.C235G,49.34,Benign,11.623
1,12920067,12920067,PRAMEF2,c.807C>G,p.L269L,49.31,Benign,10.879
1,12921110,12921110,PRAMEF2,c.901A>G,p.T301A,48.19,Benign,10.748
1,12921119,12921119,PRAMEF2,c.910A>T,p.N304Y,0.62,Uncertain Significance,0.194
1,12921127,12921127,PRAMEF2,c.918A>G,p.L306L,48.95,Benign,26.699
1,12921132,12921132,PRAMEF2,c.923A>G,p.E308G,47.23,Benign,10.747
1,12921136,12921137,PRAMEF2,c.927_928delinsTG,p.L310V,1.50,Likely Pathogenic,
1,35250819,35250819,GJB3,c.456C>T,p.L152L,1.48,Uncertain Significance,
1,36937059,36937059,CSF3R,c.864T>C; c.1260T>C,p.T420T; p.T288T,50.71,Benign,55.798
1,47685455,47685455,TAL1,c.933A>G; c.456A>G *; c.933A>G *,p.K311K; p.K152K,98.34,Benign,100.000
1,65303659,65303659,JAK1,c.2964G>A; c.2991G>A; c.3090G>A; c.3093G>A; c.2967G>A; c.3096G>A,p.K1030K; p.K1032K; p.K1031K; p.K989K; p.K988K; p.K997K,52.54,Benign,7.703
1,65306997,65306997,JAK1,c.2451del; c.2475del; c.2448del; c.2580del; c.2577del; c.2574del,p.K816Nfs*16; p.K817Nfs*16; p.K858Nfs*16; p.K859Nfs*16; p.K860Nfs*16; p.K825Nfs*16,0.88,Pathogenic,
1,65310489,65310489,JAK1,c.2199A>G; c.2067A>G; c.2070A>G; c.2193A>G; c.2196A>G,p.P690P; p.P733P; p.P689P; p.P731P; p.P732P,49.65,Benign,30.343
1,65335062,65335062,JAK1,c.579T>C; c.573T>C,p.A191A; p.A193A,49.23,Benign,7.793
1,65339111,65339111,JAK1,c.425del,p.K142Rfs*24; p.K142Rfs*26,1.04,Likely Pathogenic,
1,115258747,115258747,NRAS,c.35G>A,p.G12D,13.95,Pathogenic,0.001
2,25469502,25469502,DNMT3A,n.1497G>A; c.597G>A; c.810G>A; c.699G>A; c.1266G>A,p.L270L; p.L422L; p.L199L; p.L233L,48.71,Benign,19.334
2,47643457,47643457,MSH2,c.932G>A; c.-504G>A; c.905G>A; n.851G>A; c.-573G>A; c.-701G>A; c.815G>A; n.843G>A; c.767G>A; c.545G>A; c.68G>A; c.965G>A; n.1001G>A; c.-656G>A,p.G302D; p.G322D; p.G272D; p.G256D; p.G311D; p.G23D; p.G182D,49.12,Benign,1.384
2,47739551,47739551,KCNK12; MSH2,n.2748A>G; n.3260A>G; c.*133A>G; c.1847A>G; n.2622A>G; c.2324A>G; n.3103A>G; n.2974A>G; n.2913A>G; c.1388A>G; n.2630A>G; c.2744A>G; n.2575A>G; c.2594A>G; c.2711A>G; n.2780A>G; c.*8495T>C,p.Q904R; p.Q915R; p.Q865R; p.Q616R; p.Q463R; p.Q775R,96.33,Benign,42.795
2,48010488,48010488,MSH6,c.-984G>A; c.-468G>A; c.116G>A; c.-69+118G>A; c.-879G>A; c.-791G>A; c.-724G>A; c.-424G>A; c.-890G>A; c.-1233G>A; c.-38+118G>A; c.-1134G>A; c.-213G>A; c.-37-7578G>A; n.205G>A; c.-695G>A; c.-794G>A; c.-467G>A; c.-813G>A; c.-621G>A; c.-1399G>A; c.-280+118G>A; c.61G>A,p.G21R; p.G39E,45.65,Benign,18.288
2,48030639,48030640,MSH6,c.2355dup; c.2871dup; c.42dup; n.3451dup; n.3522dup; c.2397dup; c.108dup; n.3350dup; c.1206dup; c.3267dup; c.3173-86dup; n.2191dup; c.3357dup; c.2736dup; c.3183dup; c.3173-2110dup; c.3093dup; c.1695dup; c.2964dup; c.3261dup,p.F403Lfs*5; p.F15Lfs*5; p.F1032Lfs*5; p.F1062Lfs*5; p.F1088Lfs*5; p.F800Lfs*5; p.F913Lfs*5; p.F958Lfs*5; p.F1090Lfs*5; p.F989Lfs*5; p.F1120Lfs*5; p.F786Lfs*5; p.F37Lfs*5; p.F566Lfs*5,1.03,Pathogenic,0.006
2,48030640,48030640,MSH6,c.3093del; c.3261del; c.2355del; c.3267del; c.3183del; c.3173-2110del; c.108del; n.3451del; c.3173-86del; c.2964del; c.2397del; c.3357del; n.3522del; c.2871del; n.3350del; c.1206del; n.2191del; c.42del; c.2736del; c.1695del,p.F786Sfs*2; p.F913Sfs*2; p.F958Sfs*2; p.F1088Sfs*2; p.F37Sfs*2; p.F989Sfs*2; p.F1032Sfs*2; p.F1090Sfs*2; p.F566Sfs*2; p.F800Sfs*2; p.F1120Sfs*2; p.F403Sfs*2; p.F1062Sfs*2; p.F15Sfs*2,0.89,Pathogenic,0.001
2,61720156,61720156,XPO1,c.1278A>C; c.885A>C; c.1233A>C; c.777A>C; c.921A>C; c.1062A>C; c.1002A>C,p.K307N; p.K426N; p.K259N; p.K411N; p.K334N; p.K354N; p.K295N,1.67,Uncertain Significance,
2,198257795,198257795,SF3B1,c.3657A>G,p.V1219V,50.25,Benign,66.086
2,198265526,198265526,SF3B1,c.2631T>C,p.G877G,48.03,Benign,66.033
2,198283305,198283305,SF3B1,c.423A>G,p.K141K,47.24,Benign,66.128
2,204736106,204736106,CTLA4,c.457+450G>A; c.463G>A; c.110-1325G>A; c.535G>A,p.E155K; p.E179K,2.99,Uncertain Significance,
3,10077993,10077993,RNU6-670P; FANCD2,n.-1243T>C; c.461T>C,p.F154S,48.45,Uncertain Significance,0.001
3,10088266,10088266,FANCD2,c.1137G>T,p.V379V,10.29,Benign,18.180
3,10088299,10088299,FANCD2,c.1170C>T,p.S390S,14.24,Benign,25.706
3,10088308,10088308,FANCD2,c.1179T>C,p.T393T,14.69,Benign,26.856
3,10088343,10088343,FANCD2,c.1214A>G,p.N405S,14.95,Benign,25.717
3,10088404,10088404,FANCD2,c.1275C>T,p.Y425Y,14.02,Benign,4.544
3,10088408,10088412,FANCD2,c.1278+1_1278+5delinsT,,14.00,Likely Pathogenic,
3,10106532,10106532,FANCD2,c.2030C>T; c.2141C>T,p.P677L; p.P714L,2.25,Benign,14.696
3,10107168,10107168,FANCD2,c.2148T>C; c.2259T>C,p.D753D; p.D716D,0.55,Uncertain Significance,0.003
3,10142949,10142949,FANCD2OS; FANCD2,c.*43+2933G>A; c.*3C>T,,51.90,Benign,32.842
3,105422844,105422844,CBLB,c.252G>A; c.801G>A; n.1986G>A; n.1623G>A; c.1647G>A; c.1665G>A; n.1920G>A; n.1660G>A; n.2004G>A; n.1872G>A; c.1581G>A; n.1696G>A; c.1434G>A; c.393G>A,p.T527T; p.T549T; p.T478T; p.T555T; p.T267T; p.T84T; p.T131T,99.79,Benign,72.630
3,128204877,128204877,GATA2,c.564G>C; c.846G>C,p.T188T; p.T282T,51.00,Benign,4.144
3,128205878,128205880,GATA2,c.277_279del; c.-6_-4del,p.P93del,0.65,Uncertain Significance,0.002
3,183211906,183211906,KLHL6,c.1311T>C,p.N437N,50.55,Benign,55.874
3,183212026,183212026,KLHL6,c.1191G>A,p.S397S,49.67,Benign,17.403
3,187447032,187447032,LOC100131635; BCL6,n.294-3127G>A; c.1161C>T,p.N387N,49.24,Benign,64.365
4,1807894,1807894,FGFR3,c.1956G>A; n.2379G>A; c.1959G>A; c.1953G>A; c.1617G>A,p.T651T; p.T652T; p.T539T; p.T653T,99.80,Benign,98.654
4,55141055,55141055,PDGFRA; ENSG00000282278,c.1740A>G; c.1776A>G; c.1701A>G; c.1018-37A>G,p.P580P; p.P592P; p.P567P,99.73,Benign,98.760
4,55161325,55161325,PDGFRA; ENSG00000282278,c.3195G>A; c.3231G>A; c.2436G>A; c.3156G>A,p.T1052T; p.T1065T; p.T812T; p.T1077T,47.39,Likely Benign,0.077
4,55161391,55161391,PDGFRA; ENSG00000282278,c.2502T>C; c.3261T>C; c.3222T>C; c.3297T>C,p.D834D; p.D1099D; p.D1087D; p.D1074D,99.93,Benign,99.911
4,55593481,55593481,KIT,c.1641A>G; c.1626A>G; c.1629A>G; c.1128A>G; c.1638A>G,p.K547K; p.K546K; p.K543K; p.K542K; p.K376K,46.82,Benign,2.724
4,55972974,55972974,KDR,c.1416A>T,p.Q472H,51.82,Uncertain Significance,22.255
4,55979558,55979558,KDR,c.889G>A,p.V297I,49.99,Benign,10.959
4,57333822,57333822,SRP72,n.40G>T; c.21G>T,p.G7G,47.41,Benign,22.522
4,57352505,57352505,SRP72,n.1120G>A; c.918G>A; c.1101G>A,p.Q306Q; p.Q367Q,3.52,Uncertain Significance,0.000
4,57361553,57361553,SRP72,c.1671A>G; n.1804A>G; c.1488A>G,p.K496K; p.K557K,51.52,Benign,9.222
4,106156163,106156163,TET2; TET2-AS1,c.1064G>A; c.1127G>A; n.319-57334C>T,p.G376D; p.G355D,94.70,Likely Benign,2.841
4,106164087,106164087,TET2; TET2-AS1,n.319-65258T>G; c.3657+3A>C; c.3594+3A>C,,0.59,Uncertain Significance,
4,106196951,106196951,TET2; TET2-AS1,c.5284A>G; n.318+58592T>C; c.5347A>G,p.I1762V; p.I1783V,95.93,Benign,29.475
4,153268227,153268228,FBXW7,c.585-5dup; c.345-5dup; c.231-5dup,,3.33,Benign,6.481
4,153268228,153268228,FBXW7,c.231-5del; c.345-5del; c.585-5del,,23.19,Benign,31.142
5,1255520,1255520,TERT,c.2850C>T; n.2711C>T; c.3039C>T; n.2747C>T,p.H950H; p.H1013H,50.09,Benign,12.529
5,1294086,1294086,TERT,c.915G>A; n.994G>A,p.A305A,49.59,Benign,27.537
5,1294665,1294665,TERT,c.336del; n.415del,p.E113Rfs*15,1.57,Uncertain Significance,0.003
5,35861068,35861068,IL7R,c.197T>C; n.284T>C,p.I66T,93.71,Benign,62.570
5,35871190,35871190,IL7R,c.412G>A; n.499G>A,p.V138I,100,Benign,64.899
5,35874575,35874575,IL7R,n.625-1039C>T; c.731C>T; c.706+825C>T,p.T244I,49.19,Uncertain Significance,23.062
5,35876274,35876274,IL7R,c.*183A>G; c.1066A>G; n.890A>G,p.I356V,50.38,Benign,24.367
5,149447806,149447808,CSF1R,n.1723_1725del; c.1596_1598del; n.1652_1654del; c.1152_1154del,p.L537del; p.L389del,0.68,Uncertain Significance,0.005
5,149457678,149457678,CSF1R,n.853C>T; c.282C>T; c.726C>T; n.782C>T,p.T242T; p.T94T,99.83,Benign,50.924
5,149459831,149459831,CSF1R,n.432C>T; c.-69C>T; c.376C>T; n.503C>T,p.P126S,2.07,Uncertain Significance,
5,149460553,149460553,CSF1R,c.-361T>C; c.84T>C; n.211T>C; n.140T>C,p.P28P,99.70,Benign,48.014
5,149495395,149495395,PDGFRB,c.3252A>G; c.2769A>G; c.3060A>G,p.P1084P; p.P923P; p.P1020P,47.86,Benign,34.047
5,149497177,149497177,PDGFRB,c.2945+4A>G; c.3137+4A>G; c.2654+4A>G,,50.09,Benign,34.877
5,149499672,149499672,PDGFRB,c.2601A>G; c.2118A>G; c.2409A>G,p.L706L; p.L803L; p.L867L,49.28,Benign,28.272
5,176675269,176675269,NSD1,c.4171del; c.3718del; c.3838del; c.4282del; c.4591del,p.M1240Cfs*43; p.M1280Cfs*43; p.M1428Cfs*43; p.M1391Cfs*43; p.M1531Cfs*43,0.53,Likely Pathogenic,
5,176721198,176721198,NSD1,c.5956T>C; c.1471T>C; c.6067T>C; c.6829T>C; c.6076T>C; c.5707T>C; c.6520T>C; c.6409T>C,p.L1986L; p.L2174L; p.L1903L; p.L491L; p.L2137L; p.L2277L; p.L2026L; p.L2023L,99.19,Benign,82.274
5,176940384,176940384,DDX41,c.822C>T; c.1200C>T,p.R274R; p.R400R,48.40,Benign,41.586
6,18139214,18139214,TPMT,c.474C>T; c.474T>C *,p.I158I,50.05,Benign,76.396
6,33287898,33287900,DAXX,c.1389_1391del; c.1128_1130del; c.1353_1355del,p.E457del; p.E382del; p.E469del,0.85,Uncertain Significance,0.031
6,33288271,33288271,DAXX,c.1173T>C; c.912T>C; c.1137T>C,p.Y379Y; p.Y304Y; p.Y391Y,99.23,Benign,29.226
7,2946461,2946461,CARD11,c.3276A>G,p.R1092R,46.52,Benign,51.281
7,2963941,2963943,CARD11,c.1864_1866del,p.S622del,1.32,Uncertain Significance,0.001
7,2969680,2969680,CARD11,c.1599C>T,p.D533D,49.33,Benign,18.940
7,2976767,2976767,CARD11,c.1245C>T,p.D415D,49.59,Benign,16.318
7,2985586,2985586,CARD11,c.225G>C,p.R75R,40.17,Benign,2.484
7,6026775,6026775,PMS2,c.1513A>G; c.1645A>G; c.850A>G; c.1423A>G; c.1465A>G; c.1048A>G; c.1453A>G; c.1147A>G; c.804-4153A>G; c.1303A>G; c.1618A>G; c.1255A>G; c.1108A>G; c.1312A>G; n.1708A>G; c.1807A>G; c.1285A>G; c.1621A>G; c.803+10182A>G; c.1216A>G; c.1297A>G; c.1060A>G; c.688A>G; c.1156A>G,p.K429E; p.K603E; p.K433E; p.K489E; p.K541E; p.K230E; p.K383E; p.K505E; p.K549E; p.K386E; p.K354E; p.K475E; p.K540E; p.K350E; p.K370E; p.K419E; p.K435E; p.K284E; p.K406E; p.K438E; p.K485E,96.55,Benign,84.429
7,6026959,6026959,PMS2,c.963C>G; c.924C>G; c.1032C>G; c.1119C>G; c.864C>G; n.1524C>G; c.1239C>G; c.1623C>G; c.1461C>G; c.666C>G; c.972C>G; c.1437C>G; c.504C>G; c.804-4337C>G; c.803+9998C>G; c.1101C>G; c.1329C>G; c.1113C>G; c.1281C>G; c.1434C>G; c.876C>G; c.1128C>G; c.1071C>G; c.1269C>G,p.H423Q; p.H479Q; p.H427Q; p.H168Q; p.H443Q; p.H487Q; p.H367Q; p.H541Q; p.H371Q; p.H222Q; p.H324Q; p.H413Q; p.H308Q; p.H376Q; p.H344Q; p.H478Q; p.H357Q; p.H373Q; p.H288Q; p.H321Q; p.H292Q,48.55,Benign,0.456
7,6026988,6026988,PMS2,c.835C>T; c.1594C>T; c.1084C>T; c.1042C>T; c.1003C>T; c.1405C>T; c.1240C>T; n.1495C>T; c.1300C>T; c.934C>T; c.1090C>T; c.475C>T; c.1252C>T; c.803+9969C>T; c.1099C>T; c.895C>T; c.847C>T; c.1072C>T; c.1210C>T; c.943C>T; c.804-4366C>T; c.637C>T; c.1432C>T; c.1408C>T,p.P470S; p.P159S; p.P434S; p.P478S; p.P418S; p.P414S; p.P299S; p.P279S; p.P312S; p.P364S; p.P283S; p.P469S; p.P348S; p.P335S; p.P367S; p.P404S; p.P315S; p.P213S; p.P532S; p.P362S; p.P358S,97.63,Benign,38.600
7,6027002,6027002,PMS2,c.1238A>G; c.1070A>G; c.821A>G; c.920A>G; c.1058A>G; c.989A>G; c.1394A>G; c.623A>G; c.1580A>G; n.1481A>G; c.1196A>G; c.1028A>G; c.804-4380A>G; c.1076A>G; c.881A>G; c.803+9955A>G; c.1226A>G; c.461A>G; c.929A>G; c.1418A>G; c.833A>G; c.1085A>G; c.1391A>G; c.1286A>G,p.K274R; p.K294R; p.K307R; p.K359R; p.K343R; p.K278R; p.K399R; p.K464R; p.K362R; p.K310R; p.K330R; p.K208R; p.K527R; p.K357R; p.K353R; p.K409R; p.K429R; p.K413R; p.K473R; p.K465R; p.K154R,0.58,Likely Benign,0.002
7,6036980,6036980,PMS2,c.780C>G; c.966C>G; c.-154C>G; c.471C>G; c.444C>G; c.672C>G; c.267C>G; c.804C>G; c.705+1759C>G; c.132+5104C>G; c.375C>G; c.207C>G; c.612C>G; c.777C>G; n.867C>G; c.537+5104C>G; c.462C>G,p.S157S; p.S125S; p.S89S; p.S148S; p.S69S; p.S322S; p.S204S; p.S224S; p.S268S; p.S260S; p.S259S; p.S154S,99.91,Benign,80.387
7,6043676,6043676,PMS2,c.-229G>A; c.-126G>A; c.363G>A; c.-219G>A; c.-255G>A; c.-39G>A; c.-404G>A; c.-708G>A; n.264G>A; c.-205G>A; c.-52-1409G>A; c.177G>A; c.-308G>A; c.-176G>A,p.K59K; p.K121K,0.67,Uncertain Significance,
7,50467767,50467767,IKZF1,c.573C>A; c.543C>A; c.801C>A; c.417C>A; c.711C>A; c.585C>A; c.615C>A; c.1062C>A; c.876C>A; c.1002C>A; c.312C>A; c.741C>A; c.447C>A; c.480C>A,p.P292P; p.P160P; p.P195P; p.P354P; p.P191P; p.P181P; p.P334P; p.P267P; p.P247P; p.P104P; p.P237P; p.P149P; p.P139P; p.P205P,50.97,Benign,17.935
7,55214348,55214348,EGFR,c.424+3167C>T; c.315C>T; c.89-9175C>T; c.474C>T,p.N158N; p.N105N,48.10,Benign,51.021
7,55229255,55229255,EGFR,c.1562G>A; c.1427G>A; c.761G>A; c.1403G>A,p.R476K; p.R254K; p.R468K; p.R521K,50.62,Uncertain Significance,28.542
7,55238874,55238874,EGFR,c.1752T>A; c.1086T>A; c.1887T>A; c.1728T>A,p.T584T; p.T362T; p.T629T; p.T576T,46.78,Benign,37.141
7,55266417,55266417,EGFR,c.2574T>C; c.2709T>C; c.1908T>C; c.2550T>C,p.T636T; p.T903T; p.T858T; p.T850T,44.32,Benign,89.426
7,55268916,55268916,EGFR,c.2982C>T; c.2181C>T; c.2823C>T; c.2847C>T,p.D949D; p.D941D; p.D727D; p.D994D,50.32,Benign,13.342
7,92735188,92735188,SAMD9,c.223C>T,p.R75W,46.62,Likely Benign,1.960
7,92760738,92760738,SAMD9L,c.4547del,p.N1516Mfs*10,1.26,Uncertain Significance,0.000
7,101837149,101837149,CUX1,c.1131G>A; c.1104G>A; c.1089G>A; c.999G>A; c.1020G>A; c.1137G>A,p.P363P; p.P340P; p.P379P; p.P368P; p.P333P; p.P377P,50.88,Benign,34.758
7,101844851,101844851,CUX1,c.1207+5968A>G; c.1117+5968A>G; c.1255+5968A>G; c.1833A>G; c.1138+5968A>G; c.2139A>G; c.2274A>G; c.1249+5968A>G; c.2307A>G,p.P713P; p.P758P; p.P769P; p.P611P,46.18,Benign,35.327
7,101892121,101892121,CUX1,c.3876G>A; c.1250-24516G>A; c.1256-24516G>A; c.1118-24516G>A; c.4182G>A; c.1139-24516G>A; c.1208-24516G>A; c.4350G>A; c.4317G>A,p.P1450P; p.P1394P; p.P1292P; p.P1439P,48.01,Benign,48.426
7,101892133,101892135,CUX1,c.1250-24491_1250-24489del; c.1208-24491_1208-24489del; c.1139-24491_1139-24489del; c.4375_4377del; c.1256-24491_1256-24489del; c.3901_3903del; c.4207_4209del; c.1118-24491_1118-24489del; c.4342_4344del,p.S1301del; p.S1403del; p.S1448del; p.S1459del,0.73,Likely Benign,0.370
7,101916647,101916647,CUX1,c.1149G>A *; c.1128G>A *; c.1260A>G; c.1260G>A *; c.1149A>G; c.1218A>G; c.1266G>A *; c.1218G>A *; c.1266A>G; c.1128A>G,p.A383A; p.A422A; p.A376A; p.A420A; p.A406A,50.71,Benign,72.926
7,101917521,101917521,CUX1,c.1252G>A; c.1384G>A; c.1342G>A; c.1390G>A; c.1273G>A,p.A464T; p.A462T; p.A425T; p.A418T; p.A448T,45.09,Benign,56.358
7,101923357,101923357,CUX1,c.1703G>A; c.1592G>A; c.1709G>A; c.1661G>A; c.1571G>A,p.R570Q; p.R554Q; p.R531Q; p.R524Q; p.R568Q,50.92,Uncertain Significance,0.009
7,103206002,103206002,RELN,c.4937-4del,,9.52,Benign,2.943
7,103230238,103230238,RELN,c.3950C>T,p.A1317V,0.61,Uncertain Significance,
7,103301976,103301977,RELN,c.1290-3dup,,1.67,Benign,0.535
7,103301977,103301977,RELN,c.1290-3del,,4.27,Likely Benign,0.024
7,103389954,103389954,RELN,c.578-3T>C,,48.97,Benign,49.219
7,103629803,103629804,RELN,c.-15_-1dup,,40.48,Likely Benign,1.044
7,103629804,103629806,RELN,c.-3_-1del,,0.90,Likely Benign,1.127
7,116397572,116397572,MET,c.1944A>G; c.654A>G,p.Q648Q; p.Q218Q,50.15,Benign,18.140
7,116435768,116435768,MET,c.3858C>T; c.2568C>T; c.3912C>T,p.D856D; p.D1286D; p.D1304D,49.43,Benign,42.252
7,116436022,116436022,MET,c.4071G>A; c.4017G>A; c.2727G>A,p.A1339A; p.A1357A; p.A909A,51.06,Benign,42.426
7,116436097,116436097,MET,c.4146G>A; c.4092G>A; c.2802G>A,p.P1382P; p.P934P; p.P1364P,45.24,Benign,42.451
7,127669857,127669857,LRRC4; SND1,c.837T>A; c.1779+38748A>T,p.S279S,49.40,Benign,30.888
7,139094365,139094366,FMC1-LUC7L2; LUC7L2,c.754_755del; c.748_749del; c.757_758del; c.955_956del,p.E253Rfs*34; p.E250Rfs*34; p.E319Rfs*34; p.E252Rfs*34,3.13,Likely Pathogenic,1.969
7,140426257,140426257,BRAF,c.*37T>C; c.2187T>C; c.2128-10421T>C,p.S729S,49.20,Benign,37.551
7,140434574,140434575,BRAF,c.2026-5dup; c.2017-5dup; c.2128-5dup; c.2062-5dup; c.1972-5dup; c.2127+5037dup; c.1864-5dup; c.2248-5dup; c.2137-5dup,,2.32,Likely Benign,
7,140434575,140434576,BRAF,c.2017-6_2017-5del; c.2137-6_2137-5del; c.2128-6_2128-5del; c.1864-6_1864-5del; c.2127+5036_2127+5037del; c.1972-6_1972-5del; c.2062-6_2062-5del; c.2026-6_2026-5del; c.2248-6_2248-5del,,1.58,Uncertain Significance,
7,140449164,140449164,BRAF,c.1849G>A; c.1651G>A; c.2035G>A; c.1759G>A; c.1915G>A; c.1804G>A; c.1813G>A; c.1924G>A,p.V587I; p.V642I; p.V679I; p.V602I; p.V605I; p.V639I; p.V617I; p.V551I,1.31,Likely Pathogenic,
7,148511171,148511171,EZH2,c.1716G>A; c.1731G>A; c.1599G>A; c.1689G>A; c.1563G>A,p.P577P; p.P533P; p.P521P; p.P563P; p.P572P,50.51,Likely Benign,1.055
7,148543693,148543694,EZH2,c.118-4dup,,1.96,Uncertain Significance,0.078
7,148543694,148543695,EZH2,c.118-5_118-4del,,4.34,Likely Benign,0.254
7,148543694,148543694,EZH2,c.118-4del,,46.89,Benign,70.685
7,151836879,151836879,KMT2C,c.14515-3del; c.13897-3del; c.14344-3del,,1.52,Uncertain Significance,0.003
7,151873853,151873853,KMT2C,c.8460G>A; c.8685G>A,p.Q2895Q; p.Q2820Q,50.24,Benign,25.284
7,151874148,151874148,KMT2C,c.8165del; c.8390del,p.K2722Rfs*26; p.K2797Rfs*26,3.87,Pathogenic,0.195
7,151875100,151875101,KMT2C,c.7443-9_7443-6dup; c.7218-9_7218-6dup,,0.94,Uncertain Significance,
7,151921586,151921586,KMT2C,c.3092G>T; c.2972G>T,p.S991I; p.S1031I,0.85,Uncertain Significance,
7,151927021,151927021,KMT2C,c.2963G>T; c.2843G>T,p.C988F; p.C948F,30.44,Benign,22.612
7,151927025,151927025,KMT2C,c.2959T>C; c.2839T>C,p.Y987H; p.Y947H,33.19,Benign,38.544
7,151927026,151927026,KMT2C,c.2838A>G; c.2958A>G,p.P986P; p.P946P,6.16,Benign,23.424
7,151945007,151945007,KMT2C,c.2515G>A; c.2512G>A,p.G838S; p.G839S,41.01,Benign,49.408
7,151945071,151945072,KMT2C,c.2447dup; c.2450dup,p.Y816*; p.Y817*,26.65,Benign,48.670
7,151945101,151945101,KMT2C,c.2421C>G; c.2418C>G,p.S807S; p.S806S,3.37,Benign,20.838
7,151945140,151945140,KMT2C,c.2379G>A; c.2382G>A,p.S794S; p.S793S,19.51,Benign,43.539
7,151945215,151945215,KMT2C,c.2304A>G; c.2307A>G,p.S769S; p.S768S,14.96,Likely Benign,3.158
7,151945256,151945256,KMT2C,c.2263C>T; c.2266C>T,p.Q756*; p.Q755*,3.12,Likely Pathogenic,0.563
7,151945291,151945291,KMT2C,c.2228C>T; c.2231C>T,p.P743L; p.P744L,2.16,Uncertain Significance,0.001
7,151962257,151962257,KMT2C,c.1053G>A; c.1050G>A,p.P351P; p.P350P,4.88,Uncertain Significance,0.100
7,151962265,151962265,KMT2C,c.1042G>A; c.1045G>A,p.D348N; p.D349N,4.81,Uncertain Significance,0.033
7,151970856,151970856,KMT2C,c.946A>T; c.949A>T,p.T317S; p.T316S,74.59,Benign,50.094
7,151970951,151970951,KMT2C,c.854G>A; c.851G>A,p.R284Q; p.R285Q,8.48,Likely Benign,0.327
8,30915971,30915971,WRN,c.15del,p.K5Nfs*15,0.81,Likely Pathogenic,0.003
8,30924557,30924557,WRN,c.513C>T,p.C171C,99.95,Benign,70.808
8,30945377,30945379,WRN,c.1530_1532del,p.E510del,0.64,Uncertain Significance,0.017
8,30973957,30973957,WRN,c.2361G>T,p.L787L,50.18,Benign,45.121
8,30977943,30977943,WRN,c.2630+10del,,1.24,Uncertain Significance,0.002
8,30982451,30982451,WRN,c.2760A>G,p.K920K,1.26,Uncertain Significance,
8,30999280,30999280,WRN,c.3222G>T,p.L1074F,49.27,Benign,45.358
8,31024638,31024638,WRN,c.4083C>T,p.S1361S,48.29,Benign,29.695
8,38271466,38271466,FGFR1,c.1989G>A; c.2262G>A; c.2256G>A; c.1995G>A; c.2442G>A; c.2355G>A; c.1983G>A; c.2250G>A; c.2232G>A,p.L744L; p.L665L; p.L754L; p.L663L; p.L752L; p.L785L; p.L661L; p.L750L; p.L814L,50.14,Likely Benign,0.656
8,90967711,90967711,NBN,c.951T>C; c.1197T>C; c.885T>C,p.D295D; p.D399D; p.D317D,47.16,Benign,47.032
8,128750605,128750607,MYC,c.-192_-190del; c.109_111del; c.151_153del; c.154_156del,p.Q37del; p.Q51del; p.Q52del,0.94,Uncertain Significance,0.002
9,36840623,36840623,PAX5,c.1008C>T; c.921C>T; c.810C>T; c.878C>T; c.1110C>T; c.894C>T; c.597C>T; c.981C>T; c.1023C>T; c.786C>T; n.1274C>T; c.791C>T; n.1217C>T,p.T293I; p.Y336Y; p.Y327Y; p.Y307Y; p.Y262Y; p.Y341Y; p.Y199Y; p.Y298Y; p.Y370Y; p.T264I; p.Y270Y,99.97,Benign,86.447
9,86586890,86586890,HNRNPK,c.788G>A; c.860G>A,p.R263Q; p.R287Q,0.79,Uncertain Significance,0.000
9,133755528,133755528,ABL1,c.1497A>G; c.1554A>G,p.E499E; p.E518E,49.28,Benign,6.636
9,133760029,133760029,ABL1,c.2352C>G; c.2409C>G,p.P784P; p.P803P,48.66,Benign,7.162
9,133761001,133761001,ABL1,c.3381A>G; c.3324A>G,p.P1108P; p.P1127P,94.96,Benign,55.454
9,139390945,139390947,NOTCH1,c.7124_7126del; c.7244_7246del; c.4841_4843del; c.7130_7132del,p.P2375del; p.P2415del; p.P2377del; p.P1614del,1.22,Uncertain Significance,0.003
9,139391636,139391636,NOTCH1,c.4152C>T; c.6555C>T; c.6441C>T; c.6435C>T,p.D2185D; p.D2145D; p.D1384D; p.D2147D,48.31,Benign,61.822
9,139397707,139397707,NOTCH1,c.4980C>T; c.4974C>T; c.5094C>T; c.2691C>T,p.D1660D; p.D1658D; p.D897D; p.D1698D,50.78,Benign,44.879
9,139405261,139405261,NOTCH1,c.2474-4G>A; c.2588-4G>A; c.185-4G>A,,48.16,Benign,47.788
9,139407932,139407932,NOTCH1,c.-724T>C; c.2265T>C; c.2151T>C,p.N755N; p.N717N,49.46,Benign,40.508
9,139418260,139418260,NOTCH1,c.312T>C,p.N104N,99.88,Benign,59.336
10,27322259,27322259,ANKRD26,c.3699del; c.3702del,p.K1233Nfs*19; p.K1234Nfs*19,0.68,Likely Pathogenic,
10,27329038,27329038,ANKRD26,c.2228del; c.2231del,p.N743Ifs*8; p.N744Ifs*8,1.11,Uncertain Significance,0.001
10,27333121,27333122,ANKRD26,c.1983-3dup; c.1986-3dup,,4.95,Benign,7.165
10,27333122,27333123,ANKRD26,c.1983-4_1983-3del; c.1986-4_1986-3del,,1.94,Uncertain Significance,0.422
10,27333122,27333122,ANKRD26,c.1983-3del; c.1986-3del,,14.42,Benign,34.062
10,27337806,27337808,ANKRD26,c.1736_1738del,p.D579del,0.55,Likely Benign,0.003
10,27369086,27369086,ANKRD26,c.741-996del,,1.61,Uncertain Significance,0.024
10,27389197,27389197,ANKRD26,c.59A>G,p.Q20R,99.29,Benign,89.948
10,72358577,72358577,PRF1; PALD1,c.900C>T; c.2419-67G>A; c.2250+34302G>A; c.2263-67G>A,p.H300H,49.32,Benign,64.107
10,90767482,90767482,FAS,n.388A>G; n.531A>G; n.301A>G; n.276-2814A>G; c.267A>G; n.363-2814A>G; c.222A>G,p.T89T; p.T74T,49.84,Benign,6.007
10,90771829,90771829,FAS,n.411T>C; n.612T>C; n.951T>C; n.538+1257T>C; n.474T>C; c.568+1257T>C; n.808T>C; c.687T>C; n.549T>C; n.561T>C; c.579T>C; c.642T>C,p.T193T; p.T229T; p.T214T,48.88,Benign,76.186
10,112357944,112357944,SMC3,c.2164G>A,p.E722K,1.19,Uncertain Significance,
10,112361870,112361870,SMC3,c.3039A>G,p.S1013S,99.90,Benign,99.598
10,123239112,123239112,FGFR2,c.2107C>T; c.*259C>T; n.3161C>T; c.*453C>T,p.L703L,99.79,Benign,53.214
10,123298158,123298158,FGFR2,n.984A>G; c.429A>G; c.696A>G; c.351A>G,p.V232V; p.V143V; p.V117V,99.94,Benign,78.012
11,30032886,30032886,KCNA4,c.1340G>A,p.R447H,2.21,Uncertain Significance,
11,30033563,30033563,KCNA4,c.663del,p.F221Lfs*21,0.78,Uncertain Significance,0.000
11,30034029,30034031,KCNA4,c.195_197del,p.H65del,1.36,Uncertain Significance,0.006
11,32417945,32417945,WT1,c.360A>G; c.1071A>G; n.1403A>G; c.420A>G; n.1454A>G; c.999A>G; c.471A>G; c.1122A>G; c.948A>G; c.-67A>G; c.447A>G; c.1116A>G,p.R157R; p.R374R; p.R149R; p.R120R; p.R357R; p.R333R; p.R140R; p.R372R; p.R316R,50.51,Benign,23.571
11,64534503,64534505,SF1,c.1403-61_1403-59del; c.1453_1455del; c.1104_1106del; c.1449_1451del; c.1824_1826del; c.1108_1110del; c.1371_1373del; c.1444_1446del,p.P610del; p.A370del; p.A482del; p.P485del; p.P370del; p.A485del; p.P459del,1.21,Uncertain Significance,0.186
11,72945341,72945341,P2RY2,c.137C>T,p.P46L,94.57,Benign,92.488
11,72946020,72946020,P2RY2,c.816C>T,p.R272R,47.09,Benign,56.602
11,72946140,72946140,P2RY2,c.936G>C,p.R312S,47.56,Benign,27.787
11,85968623,85968623,EED,c.619C>T; c.514C>T; c.799C>T,p.L172L; p.L267L; p.L207L,50.20,Benign,36.301
11,108043988,108043988,NPAT,c.1723G>A,p.V575I,49.43,Benign,60.114
11,108183167,108183167,C11orf65; ATM,c.5948A>G; c.641-3369T>C; c.*39-3369T>C; c.5948A>G *,p.N1983S; p.S1983S,100,Benign,100.000
11,108196957,108196958,C11orf65; ATM,c.6975+13dup; c.*38+8989dup; c.641-17160dup,,0.70,Likely Benign,0.009
11,118307414,118307416,KMT2A; ENSG00000285827,c.200_202del; c.-798-32063_-798-32061del; c.214-10913_214-10911del,p.A67del,0.81,Benign,0.792
11,119077233,119077235,CBL,c.125_127del,p.H42del,1.63,Likely Benign,0.055
11,119149356,119149358,CBL,c.1380_1382del,p.D460del,0.83,Uncertain Significance,0.004
12,22814036,22814036,ETNK1,c.864A>G; c.597A>G,p.E288E; p.E199E,49.01,Benign,19.313
12,25368462,25368462,KRAS,c.451-5617G>A; c.253-5617G>A; c.376-5617G>A; c.483G>A *; c.483G>A,p.R161R,99.61,Benign,99.949
12,111884608,111884608,SH2B3,c.178T>C; c.784T>C,p.W60R; p.W262R,50.97,Benign,66.803
12,111885352,111885356,SH2B3,c.630+24_630+28del; c.1236+24_1236+28del,,22.76,Benign,35.879
13,19748181,19748181,TUBA3C,c.1175A>T,p.D392V,2.09,Uncertain Significance,
13,19751274,19751274,TUBA3C,c.849C>T,p.H283H,12.91,Uncertain Significance,0.007
13,19751292,19751292,TUBA3C,c.831A>G,p.S277S,12.84,Uncertain Significance,0.005
13,19751301,19751301,TUBA3C,c.822G>A,p.P274P,11.79,Uncertain Significance,0.038
13,19751462,19751463,TUBA3C,c.660_661delinsAA,p.R221S,1.06,Uncertain Significance,
13,19751466,19751466,TUBA3C,c.657C>T,p.I219I,1.51,Uncertain Significance,0.002
13,19751586,19751586,TUBA3C,c.537G>A,p.T179T,0.75,Uncertain Significance,0.002
13,28609813,28609814,FLT3,c.1419-4dup; n.1485-4dup,,2.56,Uncertain Significance,0.541
13,28609814,28609814,FLT3,c.1419-4del; n.1485-4del,,9.16,Uncertain Significance,0.286
13,28610183,28610183,FLT3,n.1376-3T>C; c.1310-3T>C,,99.81,Uncertain Significance,70.039
13,28624294,28624294,FLT3,n.746C>T; c.680C>T,p.T227M,99.97,Benign,59.806
13,28636084,28636084,FLT3,n.354C>T; c.288C>T,p.D96D,99.57,Benign,98.285
13,32907421,32907421,BRCA2,n.2012del; c.424+2261del; c.1444del; c.1813del,p.I605Yfs*9; p.I482Yfs*9,1.44,Pathogenic,0.003
13,32911888,32911888,BRCA2,c.3027A>G; c.1909+4364A>G; n.3595A>G; c.424+6721A>G; c.3396A>G,p.K1132K; p.K1009K,93.12,Benign,29.496
13,32913055,32913055,BRCA2,c.4563A>G; n.4762A>G; c.425-5640A>G; c.4194A>G; c.1909+5531A>G,p.L1398L; p.L1521L,80.65,Benign,99.275
13,32913559,32913559,BRCA2,c.4704del; c.425-5130del; c.1910-5130del; c.5073del; n.5272del,p.K1691Nfs*15; p.K1568Nfs*15,0.69,Pathogenic,
13,32915005,32915005,BRCA2,c.425-3690G>C; c.1910-3690G>C; c.6144G>C; c.6513G>C; n.6712G>C,p.V2048V; p.V2171V,95.00,Benign,99.253
13,32929232,32929232,BRCA2,c.7146A>G; n.7441A>G; c.825A>G; c.2310A>G; c.7242A>G; c.6873A>G,p.S2291S; p.S275S; p.S2414S; p.S770S; p.S2382S,45.66,Benign,22.575
13,32929387,32929387,BRCA2,c.980T>C; c.7301T>C; c.7028T>C; c.7397T>C; n.7596T>C; c.2465T>C,p.V2434A; p.V2343A; p.V2466A; p.V327A; p.V822A,99.92,Benign,99.343
13,32954023,32954023,BRCA2,c.2680del; c.4165del; c.9046del; c.8728del; c.9001del; c.9097del; n.9360del,p.T1389Lfs*29; p.T3033Lfs*29; p.T2910Lfs*29; p.T3016Lfs*29; p.T894Lfs*29; p.T3001Lfs*29,1.22,Pathogenic,0.001
14,86088056,86088056,FLRT2,c.198T>C,p.T66T,96.79,Benign,99.769
14,86089315,86089315,FLRT2,c.1457G>A,p.R486Q,49.75,Benign,14.909
14,90650514,90650514,KCNK13,c.394C>T,p.L132F,49.26,Uncertain Significance,0.409
14,90651285,90651285,KCNK13,c.1171del,p.V391Wfs*7,0.59,Uncertain Significance,0.000
15,66727454,66727456,MAP2K1,c.170_172delinsGAT; c.104_106delinsGAT,p.K35_Q36delinsR*; p.K57_Q58delinsR*,1.14,Uncertain Significance,
15,74328116,74328116,PML,c.*1119A>G; c.*2167A>G; c.*35+1245A>G; c.*639A>G; c.2314A>G; c.1710+1245A>G; c.1566+1245A>G; c.1255-232A>G; c.2170A>G,p.S772G; p.S724G,47.75,Benign,52.387
15,74328141,74328141,PML,c.1710+1270G>T; c.*664G>T; c.*35+1270G>T; c.2195G>T; c.1566+1270G>T; c.1255-207G>T; c.*2192G>T; c.*1144G>T; c.2339G>T,p.G732V; p.G780V,46.54,Benign,36.446
15,74336633,74336633,PML,c.1789T>C; c.1933T>C,p.F597L; p.F645L,49.01,Benign,34.517
15,82555242,82555242,EFL1; SAXO2,c.-170A>G; c.-784T>C; c.-260A>G; c.-54A>G; c.-307T>C; n.-167T>C; c.-1011T>C; n.84A>G; c.-376A>G; c.-432A>G; c.22A>G; c.-176A>G,p.S8G,48.18,Benign,19.105
15,82558034,82558034,SAXO2,c.178G>C; c.-20G>C; c.28+2505G>C; c.53+2761G>C; c.37G>C,p.A60P; p.A13P,37.51,Benign,61.085
15,82563991,82563991,SAXO2,c.28+8462C>T; c.56C>T; c.140C>T; c.281C>T; c.233+5902C>T; c.101C>T,p.P94L; p.P47L; p.P34L; p.P19L,49.77,Benign,43.935
15,82574879,82574879,SAXO2,c.712T>C; c.448T>C; c.673T>C; c.853T>C; c.628T>C; c.*410T>C,p.W210R; p.W150R; p.W285R; p.W225R; p.W238R,46.88,Benign,24.845
15,88679785,88679785,NTRK3,c.384C>T; c.678C>T *; c.678C>T,p.N226N; p.N128N,99.90,Benign,99.673
15,88680684,88680684,NTRK3,c.573C>T; c.279C>T,p.N191N; p.N93N,48.19,Benign,26.061
15,91295064,91295064,BLM,c.-445A>G; c.847A>G,p.T283A,1.36,Uncertain Significance,0.003
15,91304138,91304139,BLM,c.419dup; c.1544dup,p.N140Kfs*2; p.N515Kfs*2,1.09,Pathogenic,0.009
15,91304139,91304139,BLM,c.419del; c.1544del,p.N515Mfs*16; p.N140Mfs*16,3.79,Pathogenic,0.004
15,91304286,91304288,BLM,c.570_572del; c.1695_1697del,p.D566del; p.D191del,0.72,Uncertain Significance,0.002
15,91310208,91310208,BLM,c.1143del; c.2268del,p.D757Tfs*4; p.D382Tfs*4,0.51,Pathogenic,
16,3778440,3778442,CREBBP,c.6492_6494del; c.6606_6608del,p.Q2216del; p.Q2178del,0.58,Uncertain Significance,
16,3779136,3779138,CREBBP,c.5910_5912del; c.5796_5798del,p.Q1932del; p.Q1970del,0.70,Uncertain Significance,0.016
16,3808052,3808053,CREBBP,c.3370-4dup; c.3256-4dup,,4.99,Benign,12.920
16,3808053,3808054,CREBBP,c.3256-5_3256-4del; c.3370-5_3370-4del,,2.87,Likely Benign,0.205
16,3808053,3808053,CREBBP,c.3370-4del; c.3256-4del,,15.07,Benign,25.610
16,67646013,67646014,CTCF,c.950_951del; c.-32-4626_-32-4625del,p.T317Rfs*91,0.92,Likely Pathogenic,0.000
16,67671655,67671655,CTCF,c.2070del; c.1086del; c.2064del,p.E689Sfs*30; p.E691Sfs*30; p.E363Sfs*30,0.59,Uncertain Significance,
16,89805261,89805261,ZNF276; FANCA,c.4260+29T>C; c.4164T>C; n.2607A>G; c.4293T>C; n.2490A>G; c.*607A>G; n.2524A>G; c.4264+29T>C; n.2430A>G,p.H1388H; p.H1431H,41.24,Benign,70.470
16,89805946,89805946,ZNF276; FANCA,c.*1292C>T; n.3115C>T; n.3175C>T; n.3292C>T; c.3821G>A; n.3209C>T; c.3950G>A,p.R1274Q; p.R1317Q,48.57,Uncertain Significance,0.004
16,89831345,89831346,FANCA,c.2730_2731del,p.W911Dfs*31,0.64,Pathogenic,
16,89849480,89849480,FANCA,c.1501G>A,p.G501S,50.22,Benign,50.407
16,89883007,89883007,FANCA,c.17T>A,p.V6D,48.91,Benign,7.458
17,263294,263294,C17orf97; LOC105371430; LIAT1,c.304+2857C>G; n.46-90G>C; c.660C>G,p.D220E,1.47,Benign,23.003
17,263456,263456,C17orf97; LOC105371430; LIAT1,c.304+3019T>C; n.46-252A>G; c.822T>C,p.G274G,6.59,Likely Benign,0.016
17,263684,263684,C17orf97; LOC105371430; LIAT1,n.45+86C>G; c.304+3247G>C; c.1050G>C,p.E350D,0.71,Uncertain Significance,
17,263711,263711,C17orf97; LOC105371430; LIAT1,n.45+59G>A; c.304+3274C>T; c.1077C>T,p.P359P,1.13,Likely Benign,
17,263712,263712,C17orf97; LOC105371430; LIAT1,c.304+3275G>A; n.45+58C>T; c.1078G>A,p.E360K,6.42,Uncertain Significance,0.001
17,7579472,7579472,TP53,c.98C>G; c.215C>G; c.-1020C>G; c.-939C>G; n.357C>G,p.P72R; p.P33R,95.10,Uncertain Significance,66.289
17,16842912,16842912,TNFRSF13B,c.693T>C; c.831T>C,p.S277S; p.S231S,99.89,Benign,49.363
17,16855878,16855878,TNFRSF13B,c.81G>A; c.62-3581G>A,p.T27T,46.39,Benign,80.823
17,29490295,29490295,NF1,c.380G>A,p.G127E,0.66,Likely Pathogenic,
17,29508775,29508775,NF1,c.702G>A,p.L234L,49.76,Benign,62.010
17,29528148,29528148,NF1,c.1156A>G,p.I386V,0.74,Uncertain Significance,0.001
17,29553485,29553485,NF1,c.2079G>A; c.2034G>A; c.2064G>A,p.P678P; p.P693P; p.P688P,49.33,Benign,38.412
17,30302736,30302737,SUZ12,c.754+15dup; c.823+15dup,,3.07,Uncertain Significance,2.207
17,30302737,30302737,SUZ12,c.754+15del; c.823+15del,,10.42,Likely Benign,2.318
17,30302737,30302738,SUZ12,c.754+14_754+15del; c.823+14_823+15del,,1.18,Uncertain Significance,0.001
17,30323878,30323878,SUZ12,c.1856T>C; c.1787T>C,p.L596P; p.L619P,1.08,Uncertain Significance,
17,40370235,40370236,STAT5B,c.1099dup; c.1102dup,p.Q368Pfs*9; p.Q367Pfs*9,0.90,Uncertain Significance,0.004
17,40370236,40370236,STAT5B,c.1099del; c.1102del,p.Q368Rfs*2; p.Q367Rfs*2,0.95,Uncertain Significance,0.000
17,41245587,41245587,BRCA1,c.646+1174del; c.1835del; c.1073del; c.1883del; c.1748del; c.-99+31701del; c.1961del; c.5-29619del; c.-43-19049del; c.787+1174del; c.784+1174del; c.706+1174del; c.1820del,p.K358Sfs*47; p.K583Sfs*47; p.K607Sfs*47; p.K628Sfs*47; p.K612Sfs*47; p.K654Sfs*47,1.38,Pathogenic,0.001
17,74732507,74732507,MFSD11; SRSF2,c.-1928A>G; c.-1812A>G; c.-733A>G; c.-1623A>G; n.573T>C; n.-1694A>G; c.402T>C; c.-1530A>G; c.402T>C *; c.-1645A>G; c.-738A>G; n.-209A>G; c.-1269A>G; c.366T>C,p.S122S; p.S134S,99.96,Benign,99.703
17,74733099,74733099,MFSD11; MIR636; SRSF2,n.-1102G>A; c.-141G>A; n.-469C>T; c.-1336G>A; c.-1053G>A; n.315C>T; c.-938G>A; c.-146G>A; c.-1220G>A; c.-1031G>A; n.384G>A; c.144C>T; c.-677G>A,p.D48D,47.63,Benign,88.440
18,42456653,42456653,SETBP1,c.540+7405G>A; c.664G>A,p.A222T,48.02,Benign,52.534
18,42456670,42456671,SETBP1,c.540+7422_540+7423insTCTT; c.681_682insTCTT,p.T228Sfs*8,49.03,Benign,52.471
18,42533130,42533130,SETBP1,c.3825A>G,p.S1275S,99.28,Benign,88.475
18,42618543,42618543,SETBP1,c.4094C>T; c.4001-24501C>T,p.A1365V,51.01,Uncertain Significance,
19,855966,855966,ELANE,c.606C>A,p.S202S,48.31,Benign,12.308
19,7707311,7707311,STXBP2,c.786-4C>T; c.795-4C>T; c.828-4C>T; n.835-4C>T; c.699-4C>T,,47.97,Likely Benign,1.171
19,7711221,7711221,STXBP2,c.1443T>C; n.1458T>C; c.48T>C; c.1347T>C; c.1476T>C; c.1434T>C,p.D481D; p.D492D; p.D478D; p.D449D; p.D16D,51.25,Benign,42.083
19,7712277,7712277,STXBP2,c.1480A>G; c.1609A>G; c.1576A>G; c.1538+144A>G; n.1591A>G; c.181A>G; c.1567A>G,p.I61V; p.I494V; p.I523V; p.I526V; p.I537V,99.76,Benign,64.010
19,10265312,10265312,DNMT1,c.1419A>G; c.1734A>G; c.1782A>G,p.T578T; p.T594T; p.T473T,99.59,Benign,99.074
19,10940882,10940882,DNM2,c.2377del; c.2365del,p.L789*; p.L793*,0.63,Pathogenic,
19,17946802,17946802,JAK3,c.1845T>C,p.R615R,0.62,Likely Benign,
19,33792631,33792631,CEBPA; CEBPA-DT,c.648G>T; c.690G>T; n.-1096C>A; c.333G>T; c.795G>T,p.T265T; p.T216T; p.T230T; p.T111T,48.51,Benign,15.893
19,33792755,33792757,CEBPA; CEBPA-DT,c.564_566del; c.522_524del; c.207_209del; c.669_671del; n.-954_-952del,p.P175del; p.P70del; p.P189del; p.P224del,1.27,Likely Benign,0.595
19,56180968,56180968,U2AF2,c.1191C>T; c.1203C>T,p.D397D; p.D401D,99.85,Benign,86.871
20,30946592,30946594,ASXL1,c.-508_-506del; c.25_27del; c.-947_-945del,p.K9del,0.72,Likely Benign,0.035
20,31022959,31022959,ASXL1,c.1869+575T>C; c.2429T>C; c.2261C>T *; c.2261T>C; c.2444C>T *,p.P815L; p.P754L; p.L754P; p.L810P,98.54,Benign,99.999
20,31024274,31024274,ASXL1,c.3576T>C; c.3744T>C; c.1869+1890T>C; c.3759T>C,p.S1253S; p.S1192S; p.S1248S,92.79,Benign,41.808
20,43264927,43264927,ADA,c.-254G>A; n.128G>A; c.36G>A; c.99G>A; c.-115G>A; c.114G>A; c.-118G>A; c.111G>A,p.V33V; p.V12V; p.V37V; p.V38V,99.90,Benign,99.525
20,57478807,57478807,GNAS,c.393C>T; c.396C>T; c.*299C>T; c.174C>T; c.*296C>T; c.351C>T; c.2322C>T; c.2325C>T; c.*254C>T; c.66C>T; c.297C>T; c.*305C>T; c.219C>T; c.2277C>T; c.216C>T; c.348C>T,p.I775I; p.I117I; p.I72I; p.I116I; p.I73I; p.I759I; p.I132I; p.I131I; p.I58I; p.I22I; p.I99I; p.I774I,48.14,Benign,54.473
20,62292822,62292824,RTEL1-TNFRSF6B; RTEL1,c.-383_-381del; n.1114_1116del; c.287_289del,p.A96del,1.17,Uncertain Significance,0.025
20,62293272,62293272,RTEL1-TNFRSF6B; RTEL1,c.371A>G; n.1198A>G; c.-299A>G,p.N124S,50.17,Benign,6.175
20,62297400,62297400,RTEL1-TNFRSF6B; RTEL1,c.-88T>C; c.654T>C; c.582T>C; n.1409T>C,p.I194I; p.I218I,49.46,Benign,7.103
20,62309514,62309514,RTEL1-TNFRSF6B; RTEL1,c.267G>A; n.1763G>A; c.1008G>A; c.936G>A,p.L312L; p.L336L; p.L89L,47.22,Likely Benign,1.015
20,62320968,62320968,RTEL1-TNFRSF6B; RTEL1,c.1992T>C; n.2819T>C; c.1323T>C; c.2064T>C,p.D688D; p.D664D; p.D441D,48.84,Benign,74.921
20,62321655,62321655,RTEL1-TNFRSF6B; RTEL1,c.2274G>A; c.1605G>A; c.2346G>A; n.3101G>A,p.A535A; p.A758A; p.A782A,50.49,Benign,74.190
20,62322288,62322288,RTEL1-TNFRSF6B; RTEL1,c.2544T>C; c.2616T>C; n.3371T>C; c.1875T>C,p.P625P; p.P848P; p.P872P,49.92,Benign,75.007
20,62324289,62324289,RTEL1-TNFRSF6B; RTEL1,c.2784C>T; n.3611C>T; c.2115C>T; c.2856C>T,p.F928F; p.F952F; p.F705F,49.24,Benign,21.260
20,62326110,62326110,RTEL1-TNFRSF6B; RTEL1; TNFRSF6B,n.3953A>C; c.2457A>C; c.-2011A>C; c.3126A>C; c.3198A>C,p.Q1042H; p.Q819H; p.Q1066H,48.68,Benign,75.489
21,36231878,36231878,RUNX1,c.509-3C>G; c.428-3C>G,,53.19,Uncertain Significance,
21,44513243,44513243,U2AF1; LOC102724594,c.692C>T; c.473C>T; c.578C>T,p.S231L; p.S193L; p.S158L,0.94,Uncertain Significance,0.000
22,17690409,17690409,ADA2,c.33C>T; c.-38-2229C>T; c.159C>T,p.N11N; p.N53N,51.13,Benign,43.280
22,23627369,23627369,BCR,c.2387A>G,p.N796S,99.28,Benign,81.784
22,23631801,23631801,BCR,c.2700T>C,p.N900N,48.63,Benign,29.064
22,23631813,23631814,BCR,c.2707+12dup,,45.07,Benign,28.676
22,23651619,23651619,BCR,c.3021G>A; c.2889G>A,p.P963P; p.P1007P,17.10,Likely Benign,0.202
22,23653880,23653880,BCR,c.3183-4G>A; c.3051-4G>A,,46.15,Benign,38.099
22,23655084,23655084,BCR,c.3333C>T; c.3201C>T,p.D1067D; p.D1111D,47.18,Benign,18.052
22,29083909,29083909,CHEK2,c.1608A>G; c.1737A>G; c.948A>G; c.1335A>G; c.945A>G; c.1521A>G; c.1407A>G,p.P316P; p.P579P; p.P469P; p.P536P; p.P315P; p.P445P; p.P507P,0.98,Uncertain Significance,0.000
22,30737771,30737771,SF3A1,c.981C>A,p.V327V,51.99,Benign,3.790
22,30742328,30742330,SF3A1,c.364_366del,p.Q122del,0.90,Uncertain Significance,0.006
22,41548008,41548008,EP300,c.2911A>G; c.2989A>G,p.I971V; p.I997V,50.01,Benign,29.946
22,41551039,41551039,EP300,c.3183T>A; c.3105T>A,p.T1061T; p.T1035T,99.91,Benign,65.695
22,41566525,41566525,EP300,c.4408del; c.4330del,p.M1444Cfs*26; p.M1470Cfs*26,0.66,Pathogenic,
22,41574511,41574513,EP300,c.6798_6800del; c.6720_6722del,p.Q2268del; p.Q2242del,48.64,Likely Benign,0.186
X,1331495,1331495,CRLF2,c.-201C>G; c.33C>G; n.48C>G,p.A11A,53.59,Benign,21.325
X,15343205,15343205,PIGA,n.660G>T; c.216G>T; n.376G>T; c.918G>T,p.L72L; p.L306L,0.87,Uncertain Significance,
X,15841311,15841311,ZRSR2,c.1317C>G; c.1395C>G,p.G465G; p.G439G,2.88,Likely Benign,
X,15841319,15841319,ZRSR2,c.1325G>A; c.1403G>A,p.R468K; p.R442K,5.18,Uncertain Significance,
X,34148806,34148844,FAM47A,c.1552_1590del,p.R518_L530del,27.66,Benign,6.145
X,39933339,39933339,BCOR,c.1260T>C,p.D420D,93.84,Benign,89.920
X,44929077,44929077,KDM6A,c.1940C>A; c.2255C>A; c.2039C>A; c.2075C>A; c.2198C>A; c.2333C>A; c.2096C>A; c.1289C>A; n.2460C>A; c.2042C>A; c.2177C>A,p.T430K; p.T680K; p.T681K; p.T692K; p.T726K; p.T733K; p.T647K; p.T699K; p.T778K; p.T752K,48.93,Benign,13.199
X,47057647,47057647,UBA1,c.1-555A>G,,99.81,Benign,99.806
X,76907782,76907784,ATRX,c.4377_4379del; c.4263_4265del,p.E1464del; p.E1426del,0.54,Likely Benign,0.150
X,129147079,129147079,BCORL1,c.331T>C *; c.331T>C,p.F111L; p.L111L,94.99,Benign,99.998
X,129147531,129147531,BCORL1,c.783G>A,p.A261A,48.63,Likely Benign,0.431
X,130678467,130678467,IGSF1; OR13H1,c.420A>G; c.-913+34175T>C,p.V140V,99.94,Benign,64.296
X,130678596,130678596,IGSF1; OR13H1,c.549C>G; c.-913+34046G>C,p.L183L,50.33,Benign,27.233
X,130678844,130678844,IGSF1; OR13H1,c.797A>C; c.-913+33798T>G,p.Y266S,95.81,Benign,64.337
X,133527599,133527599,PHF6,c.207C>A; c.309C>A,p.Y103*; p.Y69*,3.33,Likely Pathogenic,
X,153994596,153994596,DKC1,n.471G>T; n.948G>T; c.-241G>T; c.369G>T; c.282G>T,p.T123T; p.T94T,99.93,Benign,99.752
X,153999117,153999117,DKC1,c.960T>G; n.1697T>G; n.1471T>G; n.1578T>G; c.879T>G; c.999T>G; c.390T>G; c.912T>G,p.I333M; p.I320M; p.I304M; p.I293M; p.I130M,0.75,Uncertain Significance,
X,154005089,154005091,DKC1,n.2091_2093del; c.903_905del; n.1984_1986del; c.1425_1427del; c.*738_*740del; n.2210_2212del; c.1512_1514del; c.1392_1394del; c.1473_1475del; c.1511_1513del; c.1497_1499del; c.*471_*473del,p.R504del; p.K476del; p.K500del; p.K505del; p.K492del; p.K465del; p.K302del,1.35,Likely Benign,0.380

