Chromosome,Position,End Position,Gene Symbol,Transcript Variant,Protein Variant,1908D - Allele Fraction,Classification,gnomAD Frequency
1,12918885,12918885,PRAMEF2,c.21G>C,p.P7P,2.12,Likely Benign,0.393
1,12918891,12918891,PRAMEF2,c.27A>C,p.L9L,1.69,Benign,6.355
1,12921114,12921114,PRAMEF2,c.905G>A,p.C302Y,0.58,Uncertain Significance,0.041
1,12921119,12921119,PRAMEF2,c.910A>T,p.N304Y,0.57,Uncertain Significance,0.194
1,12921127,12921127,PRAMEF2,c.918A>G,p.L306L,1.25,Benign,26.699
1,12921136,12921137,PRAMEF2,c.927_928delinsTG,p.L310V,1.33,Likely Pathogenic,
1,12921635,12921635,PRAMEF2,c.*1G>A,,16.62,Benign,7.865
1,35250819,35250819,GJB3,c.456C>T,p.L152L,1.72,Uncertain Significance,
1,36937059,36937059,CSF3R,c.864T>C; c.1260T>C,p.T420T; p.T288T,99.93,Benign,55.798
1,36937065,36937065,CSF3R,c.1254T>C; c.858T>C,p.R286R; p.R418R,47.92,Benign,30.931
1,47685455,47685455,TAL1,c.933A>G; c.456A>G *; c.933A>G *,p.K311K; p.K152K,98.75,Benign,100.000
1,65301158,65301158,JAK1,c.3161G>T; c.3185G>T; c.3290G>T; c.3287G>T; c.3158G>T; c.3284G>T,p.G1095V; p.G1062V; p.G1096V; p.G1097V; p.G1053V; p.G1054V,0.84,Likely Pathogenic,
1,65310489,65310489,JAK1,c.2199A>G; c.2067A>G; c.2070A>G; c.2193A>G; c.2196A>G,p.P690P; p.P733P; p.P689P; p.P731P; p.P732P,46.79,Benign,30.343
1,65311262,65311262,JAK1,c.2046C>T; c.2049C>T; c.1917C>T; c.1920C>T; c.2043C>T,p.S639S; p.S683S; p.S640S; p.S681S; p.S682S,50.41,Benign,15.025
1,172628474,172628476,FASLG,c.144_146del,p.P53del,0.70,Uncertain Significance,0.015
2,25459804,25459804,DNMT3A,c.1911+1G>A; n.2908+1G>A; c.2022+1G>A; c.1809+1G>A; c.2478+1G>A,,0.91,Uncertain Significance,0.001
2,25466770,25466770,DNMT3A,c.1264A>G; c.1477A>G; n.2164A>G; c.1366A>G; c.1933A>G,p.T645A; p.T422A; p.T456A; p.T493A,4.46,Likely Pathogenic,0.000
2,25470030,25470043,DNMT3A,c.1015-16_1015-3delinsG; c.346-16_346-3delinsG; c.448-16_448-3delinsG; n.1246-16_1246-3delinsG; c.559-16_559-3delinsG,,3.57,Uncertain Significance,
2,47739551,47739551,KCNK12; MSH2,n.2748A>G; n.3260A>G; c.*133A>G; c.1847A>G; n.2622A>G; c.2324A>G; n.3103A>G; n.2974A>G; n.2913A>G; c.1388A>G; n.2630A>G; c.2744A>G; n.2575A>G; c.2594A>G; c.2711A>G; n.2780A>G; c.*8495T>C,p.Q904R; p.Q915R; p.Q865R; p.Q616R; p.Q463R; p.Q775R,99.20,Benign,42.795
2,48030639,48030640,MSH6,c.2355dup; c.2871dup; c.42dup; n.3451dup; n.3522dup; c.2397dup; c.108dup; n.3350dup; c.1206dup; c.3267dup; c.3173-86dup; n.2191dup; c.3357dup; c.2736dup; c.3183dup; c.3173-2110dup; c.3093dup; c.1695dup; c.2964dup; c.3261dup,p.F403Lfs*5; p.F15Lfs*5; p.F1032Lfs*5; p.F1062Lfs*5; p.F1088Lfs*5; p.F800Lfs*5; p.F913Lfs*5; p.F958Lfs*5; p.F1090Lfs*5; p.F989Lfs*5; p.F1120Lfs*5; p.F786Lfs*5; p.F37Lfs*5; p.F566Lfs*5,1.31,Pathogenic,0.006
2,48030640,48030640,MSH6,c.3093del; c.3261del; c.2355del; c.3267del; c.3183del; c.3173-2110del; c.108del; n.3451del; c.3173-86del; c.2964del; c.2397del; c.3357del; n.3522del; c.2871del; n.3350del; c.1206del; n.2191del; c.42del; c.2736del; c.1695del,p.F786Sfs*2; p.F913Sfs*2; p.F958Sfs*2; p.F1088Sfs*2; p.F37Sfs*2; p.F989Sfs*2; p.F1032Sfs*2; p.F1090Sfs*2; p.F566Sfs*2; p.F800Sfs*2; p.F1120Sfs*2; p.F403Sfs*2; p.F1062Sfs*2; p.F15Sfs*2,0.93,Pathogenic,0.001
2,61720156,61720156,XPO1,c.1278A>C; c.885A>C; c.1233A>C; c.777A>C; c.921A>C; c.1062A>C; c.1002A>C,p.K307N; p.K426N; p.K259N; p.K411N; p.K334N; p.K354N; p.K295N,2.47,Uncertain Significance,
2,198257795,198257795,SF3B1,c.3657A>G,p.V1219V,99.90,Benign,66.086
2,198265526,198265526,SF3B1,c.2631T>C,p.G877G,99.83,Benign,66.033
2,198283305,198283305,SF3B1,c.423A>G,p.K141K,100,Benign,66.128
2,204732714,204732714,CTLA4,c.49A>G; c.121A>G,p.T17A; p.T41A,50.37,Uncertain Significance,41.611
2,204736106,204736106,CTLA4,c.457+450G>A; c.463G>A; c.110-1325G>A; c.535G>A,p.E155K; p.E179K,5.75,Uncertain Significance,
2,209108317,209108317,IDH1,c.532G>A,p.V178I,50.13,Benign,4.951
2,209113192,209113192,IDH1,c.315C>T,p.G105G,50.19,Benign,5.211
3,10085536,10085536,FANCD2,c.1122A>G,p.V374V,30.16,Benign,10.511
3,10088266,10088266,FANCD2,c.1137G>T,p.V379V,12.93,Benign,18.180
3,10088299,10088299,FANCD2,c.1170C>T,p.S390S,16.40,Benign,25.706
3,10088308,10088308,FANCD2,c.1179T>C,p.T393T,16.72,Benign,26.856
3,10088343,10088343,FANCD2,c.1214A>G,p.N405S,17.34,Benign,25.717
3,10088404,10088404,FANCD2,c.1275C>T,p.Y425Y,18.47,Benign,4.544
3,10088408,10088412,FANCD2,c.1278+1_1278+5delinsT,,18.92,Likely Pathogenic,
3,10089723,10089723,FANCD2,c.1401G>A,p.T467T,2.41,Benign,41.841
3,10089738,10089738,FANCD2,c.1413+3A>G,,2.07,Benign,39.278
3,10091084,10091084,FANCD2,c.1440T>C,p.H480H,1.10,Likely Benign,0.029
3,10106408,10106408,FANCD2,c.2022-5C>T; c.1911-5C>T,,0.89,Likely Benign,0.051
3,10106532,10106532,FANCD2,c.2030C>T; c.2141C>T,p.P677L; p.P714L,48.76,Benign,14.696
3,10107168,10107168,FANCD2,c.2148T>C; c.2259T>C,p.D753D; p.D716D,1.27,Uncertain Significance,0.003
3,10138069,10138069,FANCD2OS; FANCD2,c.4098T>G; c.3987T>G; c.*43+7813A>C; c.4059T>G,p.L1329L; p.L1366L; p.L1353L,49.59,Benign,18.717
3,10142949,10142949,FANCD2OS; FANCD2,c.*43+2933G>A; c.*3C>T,,48.29,Benign,32.842
3,105422844,105422844,CBLB,c.252G>A; c.801G>A; n.1986G>A; n.1623G>A; c.1647G>A; c.1665G>A; n.1920G>A; n.1660G>A; n.2004G>A; n.1872G>A; c.1581G>A; n.1696G>A; c.1434G>A; c.393G>A,p.T527T; p.T549T; p.T478T; p.T555T; p.T267T; p.T84T; p.T131T,99.86,Benign,72.630
3,128202754,128202754,GATA2,c.966C>T; c.1248C>T,p.Y416Y; p.Y322Y,1.10,Uncertain Significance,0.001
3,128205860,128205860,GATA2,c.297C>G; c.15C>G,p.P99P; p.P5P,99.78,Benign,66.313
3,183211906,183211906,KLHL6,c.1311T>C,p.N437N,50.18,Benign,55.874
3,183212026,183212026,KLHL6,c.1191G>A,p.S397S,49.14,Benign,17.403
3,183226114,183226114,KLHL6,c.642C>A,p.P214P,47.58,Benign,9.985
3,187447032,187447032,LOC100131635; BCL6,n.294-3127G>A; c.1161C>T,p.N387N,99.50,Benign,64.365
4,1801487,1801487,FGFR3,n.668G>A; c.393G>A,p.S131S,52.84,Likely Benign,0.276
4,1807894,1807894,FGFR3,c.1956G>A; n.2379G>A; c.1959G>A; c.1953G>A; c.1617G>A,p.T651T; p.T652T; p.T539T; p.T653T,99.75,Benign,98.654
4,55141055,55141055,PDGFRA; ENSG00000282278,c.1740A>G; c.1776A>G; c.1701A>G; c.1018-37A>G,p.P580P; p.P592P; p.P567P,99.91,Benign,98.760
4,55147769,55147769,PDGFRA; ENSG00000282278,c.2323+1120C>T; c.1603+1120C>T; c.2345C>T; c.2362+1120C>T; c.2398+1120C>T,p.T782M,50.21,Benign,7.445
4,55161391,55161391,PDGFRA; ENSG00000282278,c.2502T>C; c.3261T>C; c.3222T>C; c.3297T>C,p.D834D; p.D1099D; p.D1087D; p.D1074D,99.96,Benign,99.911
4,57333822,57333822,SRP72,n.40G>T; c.21G>T,p.G7G,51.17,Benign,22.522
4,57352505,57352505,SRP72,n.1120G>A; c.918G>A; c.1101G>A,p.Q306Q; p.Q367Q,5.05,Uncertain Significance,0.000
4,106196829,106196829,TET2; TET2-AS1,c.5225T>G; n.318+58714A>C; c.5162T>G,p.L1721W; p.L1742W,43.92,Benign,11.548
5,1294086,1294086,TERT,c.915G>A; n.994G>A,p.A305A,50.32,Benign,27.537
5,1294665,1294665,TERT,c.336del; n.415del,p.E113Rfs*15,1.80,Uncertain Significance,0.003
5,35861068,35861068,IL7R,c.197T>C; n.284T>C,p.I66T,47.59,Benign,62.570
5,35871190,35871190,IL7R,c.412G>A; n.499G>A,p.V138I,47.98,Benign,64.899
5,35874575,35874575,IL7R,n.625-1039C>T; c.731C>T; c.706+825C>T,p.T244I,48.89,Uncertain Significance,23.062
5,149447806,149447808,CSF1R,n.1723_1725del; c.1596_1598del; n.1652_1654del; c.1152_1154del,p.L537del; p.L389del,0.81,Uncertain Significance,0.005
5,149457678,149457678,CSF1R,n.853C>T; c.282C>T; c.726C>T; n.782C>T,p.T242T; p.T94T,50.29,Benign,50.924
5,149459831,149459831,CSF1R,n.432C>T; c.-69C>T; c.376C>T; n.503C>T,p.P126S,1.17,Uncertain Significance,
5,149460553,149460553,CSF1R,c.-361T>C; c.84T>C; n.211T>C; n.140T>C,p.P28P,50.67,Benign,48.014
5,149495395,149495395,PDGFRB,c.3252A>G; c.2769A>G; c.3060A>G,p.P1084P; p.P923P; p.P1020P,49.71,Benign,34.047
5,149497177,149497177,PDGFRB,c.2945+4A>G; c.3137+4A>G; c.2654+4A>G,,53.75,Benign,34.877
5,149497228,149497228,PDGFRB,c.2898C>T; c.3090C>T; c.2607C>T,p.P1030P; p.P869P; p.P966P,51.06,Benign,7.705
5,176662913,176662913,NSD1,c.3888A>T; c.3468A>T; c.3015A>T; c.3579A>T; c.3135A>T,p.K1193N; p.K1296N; p.K1045N; p.K1156N; p.K1005N,49.15,Uncertain Significance,0.000
5,176675269,176675269,NSD1,c.4171del; c.3718del; c.3838del; c.4282del; c.4591del,p.M1240Cfs*43; p.M1280Cfs*43; p.M1428Cfs*43; p.M1391Cfs*43; p.M1531Cfs*43,0.64,Likely Pathogenic,
5,176721198,176721198,NSD1,c.5956T>C; c.1471T>C; c.6067T>C; c.6829T>C; c.6076T>C; c.5707T>C; c.6520T>C; c.6409T>C,p.L1986L; p.L2174L; p.L1903L; p.L491L; p.L2137L; p.L2277L; p.L2026L; p.L2023L,99.96,Benign,82.274
5,176721272,176721272,NSD1,c.6030G>C; c.6903G>C; c.6141G>C; c.6594G>C; c.6483G>C; c.6150G>C; c.5781G>C; c.1545G>C,p.G2010G; p.G2198G; p.G2050G; p.G2161G; p.G1927G; p.G515G; p.G2047G; p.G2301G,49.80,Benign,18.678
5,176940384,176940384,DDX41,c.822C>T; c.1200C>T,p.R274R; p.R400R,99.88,Benign,41.586
6,18139214,18139214,TPMT,c.474C>T; c.474C>T *,p.I158I,99.36,Benign,76.396
6,33287898,33287900,DAXX,c.1389_1391del; c.1128_1130del; c.1353_1355del,p.E457del; p.E382del; p.E469del,0.74,Uncertain Significance,0.031
7,2957005,2957005,CARD11,c.2622A>G,p.P874P,48.26,Benign,30.863
7,2963941,2963943,CARD11,c.1864_1866del,p.S622del,0.77,Uncertain Significance,0.001
7,2966383,2966383,CARD11,c.1797A>G,p.L599L,0.76,Uncertain Significance,
7,6026775,6026775,PMS2,c.1513A>G; c.1645A>G; c.850A>G; c.1423A>G; c.1465A>G; c.1048A>G; c.1453A>G; c.1147A>G; c.804-4153A>G; c.1303A>G; c.1618A>G; c.1255A>G; c.1108A>G; c.1312A>G; n.1708A>G; c.1807A>G; c.1285A>G; c.1621A>G; c.803+10182A>G; c.1216A>G; c.1297A>G; c.1060A>G; c.688A>G; c.1156A>G,p.K429E; p.K603E; p.K433E; p.K489E; p.K541E; p.K230E; p.K383E; p.K505E; p.K549E; p.K386E; p.K354E; p.K475E; p.K540E; p.K350E; p.K370E; p.K419E; p.K435E; p.K284E; p.K406E; p.K438E; p.K485E,98.30,Benign,84.429
7,6026988,6026988,PMS2,c.835C>T; c.1594C>T; c.1084C>T; c.1042C>T; c.1003C>T; c.1405C>T; c.1240C>T; n.1495C>T; c.1300C>T; c.934C>T; c.1090C>T; c.475C>T; c.1252C>T; c.803+9969C>T; c.1099C>T; c.895C>T; c.847C>T; c.1072C>T; c.1210C>T; c.943C>T; c.804-4366C>T; c.637C>T; c.1432C>T; c.1408C>T,p.P470S; p.P159S; p.P434S; p.P478S; p.P418S; p.P414S; p.P299S; p.P279S; p.P312S; p.P364S; p.P283S; p.P469S; p.P348S; p.P335S; p.P367S; p.P404S; p.P315S; p.P213S; p.P532S; p.P362S; p.P358S,98.41,Benign,38.600
7,6027157,6027157,PMS2,c.468del; c.1236del; c.1425del; c.903del; c.804-4535del; c.803+9800del; c.1071del; c.921del; n.1326del; c.915del; c.1131del; c.1263del; c.873del; c.678del; c.774del; c.834del; c.765del; c.1239del; c.306del; c.666del; c.1083del; c.726del; c.930del; c.1041del,p.D103Tfs*34; p.D414Tfs*34; p.D306Tfs*34; p.D259Tfs*34; p.D279Tfs*34; p.D362Tfs*34; p.D227Tfs*34; p.D302Tfs*34; p.D292Tfs*34; p.D157Tfs*34; p.D243Tfs*34; p.D348Tfs*34; p.D378Tfs*34; p.D413Tfs*34; p.D358Tfs*34; p.D476Tfs*34; p.D223Tfs*34; p.D308Tfs*34; p.D311Tfs*34; p.D256Tfs*34; p.D422Tfs*34,1.22,Pathogenic,
7,6036980,6036980,PMS2,c.780C>G; c.966C>G; c.-154C>G; c.471C>G; c.444C>G; c.672C>G; c.267C>G; c.804C>G; c.705+1759C>G; c.132+5104C>G; c.375C>G; c.207C>G; c.612C>G; c.777C>G; n.867C>G; c.537+5104C>G; c.462C>G,p.S157S; p.S125S; p.S89S; p.S148S; p.S69S; p.S322S; p.S204S; p.S224S; p.S268S; p.S260S; p.S259S; p.S154S,99.96,Benign,80.387
7,6043605,6043605,PMS2,c.-134T>G; c.-105T>G; c.-237T>G; c.-148T>G; c.-55T>G; c.-52-1338T>G; c.33T>G; c.-333T>G; n.335T>G; c.248T>G; c.-184T>G; c.434T>G; c.-637T>G; c.-158T>G,p.L83*; p.L11L; p.L145*,6.91,Pathogenic,
7,6043613,6043613,PMS2,c.-113C>T; c.-245C>T; c.25C>T; c.-63C>T; c.-142C>T; n.327C>T; c.-645C>T; c.-341C>T; c.426C>T; c.-192C>T; c.-52-1346C>T; c.-156C>T; c.240C>T; c.-166C>T,p.F80F; p.F142F; p.R9*,9.51,Likely Benign,0.007
7,55214348,55214348,EGFR,c.424+3167C>T; c.315C>T; c.89-9175C>T; c.474C>T,p.N158N; p.N105N,50.12,Benign,51.021
7,55249063,55249063,EGFR-AS1; EGFR,n.1201C>T; c.2226G>A; c.1560G>A; c.2202G>A; c.2361G>A,p.Q734Q; p.Q787Q; p.Q520Q; p.Q742Q,49.92,Benign,52.144
7,55266417,55266417,EGFR,c.2574T>C; c.2709T>C; c.1908T>C; c.2550T>C,p.T636T; p.T903T; p.T858T; p.T850T,91.88,Benign,89.426
7,92732769,92732769,SAMD9,c.2642A>G,p.D881G,50.85,Benign,1.660
7,92733766,92733766,SAMD9,c.1645G>T,p.V549L,93.62,Benign,9.129
7,92734451,92734451,SAMD9,c.960T>C,p.Y320Y,97.99,Benign,37.879
7,92734983,92734983,SAMD9,c.428T>C,p.I143T,99.33,Benign,12.070
7,92760738,92760738,SAMD9L,c.4547del,p.N1516Mfs*10,1.26,Uncertain Significance,0.000
7,92764489,92764489,SAMD9L,c.796G>A,p.V266I,93.23,Benign,10.898
7,101892121,101892121,CUX1,c.3876G>A; c.1250-24516G>A; c.1256-24516G>A; c.1118-24516G>A; c.4182G>A; c.1139-24516G>A; c.1208-24516G>A; c.4350G>A; c.4317G>A,p.P1450P; p.P1394P; p.P1292P; p.P1439P,52.42,Benign,48.426
7,101892133,101892135,CUX1,c.1250-24491_1250-24489del; c.1208-24491_1208-24489del; c.1139-24491_1139-24489del; c.4375_4377del; c.1256-24491_1256-24489del; c.3901_3903del; c.4207_4209del; c.1118-24491_1118-24489del; c.4342_4344del,p.S1301del; p.S1403del; p.S1448del; p.S1459del,0.77,Likely Benign,0.370
7,101916647,101916647,CUX1,c.1260A>G; c.1266A>G *; c.1218A>G *; c.1149A>G; c.1218A>G; c.1149A>G *; c.1266A>G; c.1128A>G *; c.1128A>G; c.1260A>G *,p.A383A; p.A422A; p.A376A; p.A420A; p.A406A,99.89,Benign,72.926
7,101917521,101917521,CUX1,c.1252G>A; c.1384G>A; c.1342G>A; c.1390G>A; c.1273G>A,p.A464T; p.A462T; p.A425T; p.A418T; p.A448T,53.07,Benign,56.358
7,103202405,103202406,RELN,c.5211-6_5211-5del,,1.02,Uncertain Significance,0.001
7,103206001,103206002,RELN,c.4937-4dup,,5.10,Benign,33.933
7,103230238,103230238,RELN,c.3950C>T,p.A1317V,1.60,Uncertain Significance,
7,103251161,103251161,RELN,c.2989C>G,p.L997V,48.55,Benign,11.397
7,103301977,103301977,RELN,c.1290-3del,,3.40,Likely Benign,0.024
7,103389954,103389954,RELN,c.578-3T>C,,99.93,Benign,49.219
7,103629804,103629806,RELN,c.-3_-1del,,1.41,Likely Benign,1.127
7,116435768,116435768,MET,c.3858C>T; c.2568C>T; c.3912C>T,p.D856D; p.D1286D; p.D1304D,51.47,Benign,42.252
7,116436022,116436022,MET,c.4071G>A; c.4017G>A; c.2727G>A,p.A1339A; p.A1357A; p.A909A,50.28,Benign,42.426
7,116436097,116436097,MET,c.4146G>A; c.4092G>A; c.2802G>A,p.P1382P; p.P934P; p.P1364P,42.87,Benign,42.451
7,139094364,139094365,FMC1-LUC7L2; LUC7L2,c.757_758dup; c.955_956dup; c.754_755dup; c.748_749dup,p.E251Kfs*6; p.E253Kfs*6; p.E320Kfs*6; p.E254Kfs*6,0.65,Uncertain Significance,0.001
7,139094365,139094366,FMC1-LUC7L2; LUC7L2,c.754_755del; c.748_749del; c.757_758del; c.955_956del,p.E253Rfs*34; p.E250Rfs*34; p.E319Rfs*34; p.E252Rfs*34,2.49,Likely Pathogenic,1.969
7,140434574,140434575,BRAF,c.2026-5dup; c.2017-5dup; c.2128-5dup; c.2062-5dup; c.1972-5dup; c.2127+5037dup; c.1864-5dup; c.2248-5dup; c.2137-5dup,,2.14,Likely Benign,
7,140434575,140434576,BRAF,c.2017-6_2017-5del; c.2137-6_2137-5del; c.2128-6_2128-5del; c.1864-6_1864-5del; c.2127+5036_2127+5037del; c.1972-6_1972-5del; c.2062-6_2062-5del; c.2026-6_2026-5del; c.2248-6_2248-5del,,1.97,Uncertain Significance,
7,140449150,140449150,BRAF,c.1773A>G; c.1863A>G; c.2049A>G; c.1938A>G; c.1818A>G; c.1827A>G; c.1665A>G; c.1929A>G,p.G643G; p.G621G; p.G555G; p.G646G; p.G683G; p.G591G; p.G609G; p.G606G,50.77,Benign,21.181
7,140449164,140449164,BRAF,c.1849G>A; c.1651G>A; c.2035G>A; c.1759G>A; c.1915G>A; c.1804G>A; c.1813G>A; c.1924G>A,p.V587I; p.V642I; p.V679I; p.V602I; p.V605I; p.V639I; p.V617I; p.V551I,1.39,Likely Pathogenic,
7,148543693,148543694,EZH2,c.118-4dup,,1.56,Uncertain Significance,0.078
7,148543694,148543695,EZH2,c.118-5_118-4del,,4.98,Likely Benign,0.254
7,148543694,148543694,EZH2,c.118-4del,,51.72,Benign,70.685
7,151836879,151836879,KMT2C,c.14515-3del; c.13897-3del; c.14344-3del,,1.34,Uncertain Significance,0.003
7,151874147,151874148,KMT2C,c.8165dup; c.8390dup,p.E2798Gfs*11; p.E2723Gfs*11,1.23,Likely Pathogenic,0.004
7,151874148,151874148,KMT2C,c.8165del; c.8390del,p.K2722Rfs*26; p.K2797Rfs*26,3.55,Pathogenic,0.195
7,151875100,151875101,KMT2C,c.7443-7_7443-6dup; c.7218-7_7218-6dup,,0.91,Uncertain Significance,
7,151902216,151902216,KMT2C,c.3936C>T; c.3816C>T,p.S1272S; p.S1312S,0.58,Uncertain Significance,0.002
7,151921099,151921099,KMT2C,c.3203+1G>A; c.3323+1G>A,,1.06,Likely Pathogenic,
7,151921255,151921255,KMT2C,c.3168G>A; c.3048G>A,p.W1056*; p.W1016*,5.94,Likely Pathogenic,
7,151921586,151921586,KMT2C,c.3092G>T; c.2972G>T,p.S991I; p.S1031I,0.56,Uncertain Significance,
7,151927021,151927021,KMT2C,c.2963G>T; c.2843G>T,p.C988F; p.C948F,33.46,Benign,22.612
7,151927023,151927023,KMT2C,c.2961C>G; c.2841C>G,p.Y947*; p.Y987*,24.32,Likely Pathogenic,
7,151927025,151927025,KMT2C,c.2959T>C; c.2839T>C,p.Y987H; p.Y947H,32.11,Benign,38.544
7,151927026,151927026,KMT2C,c.2838A>G; c.2958A>G,p.P986P; p.P946P,8.68,Benign,23.424
7,151927067,151927067,KMT2C,c.2797A>G; c.2917A>G,p.R973G; p.R933G,24.51,Likely Pathogenic,
7,151932908,151932908,KMT2C,c.2643A>G; c.2763A>G,p.L921L; p.L881L,4.02,Benign,42.499
7,151932923,151932923,KMT2C,c.2628C>T; c.2748C>T,p.I876I; p.I916I,0.67,Uncertain Significance,0.338
7,151932945,151932945,KMT2C,c.2606G>A; c.2726G>A,p.R909K; p.R869K,0.93,Benign,5.100
7,151932965,151932965,KMT2C,c.2706G>A; c.2586G>A,p.S902S; p.S862S,0.93,Benign,17.096
7,151935798,151935799,KMT2C,c.2645_2646delinsCA; c.2533-2781_2533-2780delinsCA,p.I882T,31.26,Uncertain Significance,
7,151935866,151935866,KMT2C,c.2533-2848C>T; c.2578C>T,p.P860S,23.37,Likely Pathogenic,
7,151935871,151935871,KMT2C,c.2533-2853G>T; c.2573G>T,p.W858L,23.56,Likely Pathogenic,
7,151945007,151945007,KMT2C,c.2515G>A; c.2512G>A,p.G838S; p.G839S,39.54,Benign,49.408
7,151945051,151945051,KMT2C,c.2468delinsAC; c.2471delinsAC,p.I824Nfs*5; p.I823Nfs*5,0.55,Likely Pathogenic,
7,151945071,151945072,KMT2C,c.2447dup; c.2450dup,p.Y816*; p.Y817*,28.01,Benign,48.670
7,151945101,151945101,KMT2C,c.2421C>G; c.2418C>G,p.S807S; p.S806S,2.55,Benign,20.838
7,151945140,151945140,KMT2C,c.2379G>A; c.2382G>A,p.S794S; p.S793S,22.89,Benign,43.539
7,151945215,151945215,KMT2C,c.2304A>G; c.2307A>G,p.S769S; p.S768S,14.30,Likely Benign,3.158
7,151945228,151945228,KMT2C,c.2294C>T; c.2291C>T,p.S765F; p.S764F,6.38,Uncertain Significance,0.012
7,151945256,151945256,KMT2C,c.2263C>T; c.2266C>T,p.Q756*; p.Q755*,2.45,Likely Pathogenic,0.563
7,151962290,151962290,KMT2C,c.1020G>C; c.1017G>C,p.K339N; p.K340N,3.79,Uncertain Significance,0.008
7,151970856,151970856,KMT2C,c.946A>T; c.949A>T,p.T317S; p.T316S,76.86,Benign,50.094
7,151970877,151970877,KMT2C,c.925C>T; c.928C>T,p.P309S; p.P310S,3.10,Uncertain Significance,0.519
7,151970951,151970951,KMT2C,c.854G>A; c.851G>A,p.R284Q; p.R285Q,4.35,Likely Benign,0.327
8,30915971,30915971,WRN,c.15del,p.K5Nfs*15,0.88,Likely Pathogenic,0.003
8,30924557,30924557,WRN,c.513C>T,p.C171C,99.78,Benign,70.808
8,30924590,30924590,WRN,c.546A>G,p.K182K,0.70,Uncertain Significance,
8,30938704,30938704,WRN,c.1161G>A,p.M387I,47.23,Benign,7.380
8,30941211,30941211,WRN,c.1270-4A>T,,2.29,Uncertain Significance,0.000
8,30945377,30945379,WRN,c.1530_1532del,p.E510del,0.64,Uncertain Significance,0.017
8,30973957,30973957,WRN,c.2361G>T,p.L787L,49.93,Benign,45.121
8,30982451,30982451,WRN,c.2760A>G,p.K920K,1.68,Uncertain Significance,
8,30999280,30999280,WRN,c.3222G>T,p.L1074F,49.22,Benign,45.358
8,31024638,31024638,WRN,c.4083C>T,p.S1361S,49.17,Benign,29.695
8,38285914,38285916,FGFR1,c.129_131del; c.372_374del; c.495_497del; c.396_398del,p.D44del; p.D133del; p.D125del; p.D166del,1.09,Likely Pathogenic,0.014
8,41798420,41798422,KAT6A,c.2977_2979del,p.E993del,0.73,Uncertain Significance,0.006
8,90982659,90982659,NBN,c.583A>C; c.585-5924A>C; c.829A>C,p.N195H; p.N277H,0.74,Uncertain Significance,
8,128750605,128750607,MYC,c.-192_-190del; c.109_111del; c.151_153del; c.154_156del,p.Q37del; p.Q51del; p.Q52del,0.90,Uncertain Significance,0.002
9,5050706,5050706,JAK2,c.489C>T; n.890C>T; c.-632C>T; n.973C>T; c.42C>T,p.H163H; p.H14H,43.16,Benign,32.549
9,5081780,5081780,JAK2,c.2043G>A; c.1275G>A; n.2891G>A; c.2490G>A; n.2974G>A,p.L681L; p.L425L; p.L830L,99.95,Benign,53.602
9,36840623,36840623,PAX5,c.1008C>T; c.921C>T; c.810C>T; c.878C>T; c.1110C>T; c.894C>T; c.597C>T; c.981C>T; c.1023C>T; c.786C>T; n.1274C>T; c.791C>T; n.1217C>T,p.T293I; p.Y336Y; p.Y327Y; p.Y307Y; p.Y262Y; p.Y341Y; p.Y199Y; p.Y298Y; p.Y370Y; p.T264I; p.Y270Y,99.79,Benign,86.447
9,86586890,86586890,HNRNPK,c.788G>A; c.860G>A,p.R263Q; p.R287Q,1.12,Uncertain Significance,0.000
9,86586893,86586893,HNRNPK,c.785G>A; c.857G>A,p.R262H; p.R286H,3.05,Uncertain Significance,
9,86586904,86586912,HNRNPK,c.766_774del; c.838_846del,p.Y256_D258del; p.Y280_D282del,3.18,Uncertain Significance,
9,139390945,139390947,NOTCH1,c.7124_7126del; c.7244_7246del; c.4841_4843del; c.7130_7132del,p.P2375del; p.P2415del; p.P2377del; p.P1614del,0.95,Uncertain Significance,0.003
9,139400219,139400219,NOTCH1,c.4129C>T; c.4009C>T; c.4015C>T; c.1726C>T,p.P576S; p.P1339S; p.P1337S; p.P1377S,49.84,Benign,1.633
9,139402811,139402811,NOTCH1,c.795G>A; c.3198G>A; c.3084G>A,p.S1066S; p.S1028S; p.S265S,47.17,Likely Benign,0.036
9,139405261,139405261,NOTCH1,c.2474-4G>A; c.2588-4G>A; c.185-4G>A,,49.73,Benign,47.788
9,139413908,139413908,NOTCH1,c.852G>A,p.P284P,49.30,Benign,13.351
9,139418260,139418260,NOTCH1,c.312T>C,p.N104N,99.97,Benign,59.336
10,27322259,27322259,ANKRD26,c.3699del; c.3702del,p.K1233Nfs*19; p.K1234Nfs*19,0.56,Likely Pathogenic,
10,27329038,27329038,ANKRD26,c.2228del; c.2231del,p.N743Ifs*8; p.N744Ifs*8,0.72,Uncertain Significance,0.001
10,27333122,27333123,ANKRD26,c.1983-4_1983-3del; c.1986-4_1986-3del,,2.20,Uncertain Significance,0.422
10,27337806,27337808,ANKRD26,c.1736_1738del,p.D579del,0.65,Likely Benign,0.003
10,27369086,27369086,ANKRD26,c.741-996del,,1.45,Uncertain Significance,0.024
10,27389197,27389197,ANKRD26,c.59A>G,p.Q20R,99.68,Benign,89.948
10,89692921,89692921,PTEN,c.360A>T; c.405A>T; c.-346A>T; c.924A>T,p.I120I; p.I308I; p.I135I,1.17,Uncertain Significance,
10,89692923,89692923,PTEN,c.926G>A; c.-344G>A; c.362G>A; c.407G>A,p.C136Y; p.C309Y; p.C121Y,1.16,Pathogenic,
10,90771829,90771829,FAS,n.411T>C; n.612T>C; n.951T>C; n.538+1257T>C; n.474T>C; c.568+1257T>C; n.808T>C; c.687T>C; n.549T>C; n.561T>C; c.579T>C; c.642T>C,p.T193T; p.T229T; p.T214T,48.78,Benign,76.186
10,112357944,112357944,SMC3,c.2164G>A,p.E722K,1.52,Uncertain Significance,
10,112361870,112361870,SMC3,c.3039A>G,p.S1013S,99.76,Benign,99.598
10,123239112,123239112,FGFR2,c.2107C>T; c.*259C>T; n.3161C>T; c.*453C>T,p.L703L,47.25,Benign,53.214
10,123298158,123298158,FGFR2,n.984A>G; c.429A>G; c.696A>G; c.351A>G,p.V232V; p.V143V; p.V117V,49.89,Benign,78.012
11,30033563,30033563,KCNA4,c.663del,p.F221Lfs*21,1.03,Uncertain Significance,0.000
11,30034029,30034031,KCNA4,c.195_197del,p.H65del,1.08,Uncertain Significance,0.006
11,32456694,32456694,WT1-AS; WT1,n.-891C>A; c.213G>T; c.-1176G>T; n.392G>T; c.-1485G>T; n.-370C>A,p.P71P,49.12,Benign,23.604
11,64534503,64534505,SF1,c.1403-61_1403-59del; c.1453_1455del; c.1104_1106del; c.1449_1451del; c.1824_1826del; c.1108_1110del; c.1371_1373del; c.1444_1446del,p.P610del; p.A370del; p.A482del; p.P485del; p.P370del; p.A485del; p.P459del,1.34,Uncertain Significance,0.186
11,72945341,72945341,P2RY2,c.137C>T,p.P46L,96.84,Benign,92.488
11,72946020,72946020,P2RY2,c.816C>T,p.R272R,47.40,Benign,56.602
11,72946140,72946140,P2RY2,c.936G>C,p.R312S,48.31,Benign,27.787
11,72946279,72946279,P2RY2,c.1075T>C,p.S359P,49.26,Uncertain Significance,3.549
11,85968623,85968623,EED,c.619C>T; c.514C>T; c.799C>T,p.L172L; p.L267L; p.L207L,48.24,Benign,36.301
11,108043988,108043988,NPAT,c.1723G>A,p.V575I,99.58,Benign,60.114
11,108114677,108114677,ATM,c.497-3A>T,,0.54,Likely Pathogenic,
11,108183167,108183167,C11orf65; ATM,c.5948A>G; c.641-3369T>C; c.*39-3369T>C; c.5948A>G *,p.N1983S; p.S1983S,99.91,Benign,100.000
11,108196957,108196958,C11orf65; ATM,c.6975+13dup; c.*38+8989dup; c.641-17160dup,,0.71,Likely Benign,0.009
11,118307414,118307416,KMT2A; ENSG00000285827,c.200_202del; c.-798-32063_-798-32061del; c.214-10913_214-10911del,p.A67del,0.94,Benign,0.792
11,118344494,118344495,KMT2A; ENSG00000285827,c.503-391_503-390del; c.2728_2729del; c.2629_2630del; c.1399_1400del,p.D877Pfs*8; p.D467Pfs*8; p.D910Pfs*8,0.69,Likely Pathogenic,0.000
11,119077233,119077235,CBL,c.125_127del,p.H42del,1.75,Likely Benign,0.055
11,119149356,119149358,CBL,c.1380_1382del,p.D460del,0.97,Uncertain Significance,0.004
12,22814036,22814036,ETNK1,c.864A>G; c.597A>G,p.E288E; p.E199E,49.45,Benign,19.313
12,25368462,25368462,KRAS,c.451-5617G>A; c.253-5617G>A; c.376-5617G>A; c.483G>A *; c.483G>A,p.R161R,99.51,Benign,99.949
12,111884608,111884608,SH2B3,c.178T>C; c.784T>C,p.W60R; p.W262R,50.03,Benign,66.803
13,19751274,19751274,TUBA3C,c.849C>T,p.H283H,1.97,Uncertain Significance,0.007
13,19751289,19751289,TUBA3C,c.834C>T,p.A278A,2.73,Uncertain Significance,0.009
13,19751301,19751301,TUBA3C,c.822G>A,p.P274P,0.92,Uncertain Significance,0.038
13,28609813,28609814,FLT3,c.1419-4dup; n.1485-4dup,,2.78,Uncertain Significance,0.541
13,28609814,28609814,FLT3,c.1419-4del; n.1485-4del,,9.74,Uncertain Significance,0.286
13,28610183,28610183,FLT3,n.1376-3T>C; c.1310-3T>C,,48.68,Uncertain Significance,70.039
13,28624294,28624294,FLT3,n.746C>T; c.680C>T,p.T227M,50.31,Benign,59.806
13,28636084,28636084,FLT3,n.354C>T; c.288C>T,p.D96D,99.68,Benign,98.285
13,32906480,32906480,BRCA2,n.1064A>C; c.496A>C; c.424+1313A>C; c.865A>C,p.N166H; p.N289H,39.58,Benign,4.959
13,32906980,32906980,BRCA2,c.1365A>G; n.1564A>G; c.424+1813A>G; c.996A>G,p.S332S; p.S455S,47.83,Benign,4.986
13,32907421,32907421,BRCA2,n.2012del; c.424+2261del; c.1444del; c.1813del,p.I605Yfs*9; p.I482Yfs*9,1.17,Pathogenic,0.003
13,32910721,32910721,BRCA2,c.1860T>C; c.424+5554T>C; c.2229T>C; c.1909+3197T>C; n.2428T>C,p.H743H; p.H620H,49.05,Benign,5.026
13,32911463,32911463,BRCA2,c.1909+3939A>G; n.3170A>G; c.2971A>G; c.424+6296A>G; c.2602A>G,p.N868D; p.N991D,48.19,Benign,5.221
13,32912299,32912299,BRCA2,c.425-6396T>C; c.3438T>C; c.1909+4775T>C; c.3807T>C; n.4006T>C,p.V1146V; p.V1269V,48.38,Benign,17.542
13,32913055,32913055,BRCA2,c.4563A>G; n.4762A>G; c.425-5640A>G; c.4194A>G; c.1909+5531A>G,p.L1398L; p.L1521L,86.73,Benign,99.275
13,32915005,32915005,BRCA2,c.425-3690G>C; c.1910-3690G>C; c.6144G>C; c.6513G>C; n.6712G>C,p.V2048V; p.V2171V,97.84,Benign,99.253
13,32929387,32929387,BRCA2,c.980T>C; c.7301T>C; c.7028T>C; c.7397T>C; n.7596T>C; c.2465T>C,p.V2434A; p.V2343A; p.V2466A; p.V327A; p.V822A,99.88,Benign,99.343
13,32954023,32954023,BRCA2,c.2680del; c.4165del; c.9046del; c.8728del; c.9001del; c.9097del; n.9360del,p.T1389Lfs*29; p.T3033Lfs*29; p.T2910Lfs*29; p.T3016Lfs*29; p.T894Lfs*29; p.T3001Lfs*29,1.63,Pathogenic,0.001
13,48878115,48878117,RB1; RB1-DT,c.78_80del; n.-279_-277del,p.P29del,0.57,Uncertain Significance,0.034
14,86088056,86088056,FLRT2,c.198T>C,p.T66T,98.95,Benign,99.769
15,66727454,66727456,MAP2K1,c.170_172delinsGAT; c.104_106delinsGAT,p.K35_Q36delinsR*; p.K57_Q58delinsR*,0.77,Uncertain Significance,
15,74328116,74328116,PML,c.*1119A>G; c.*2167A>G; c.*35+1245A>G; c.*639A>G; c.2314A>G; c.1710+1245A>G; c.1566+1245A>G; c.1255-232A>G; c.2170A>G,p.S772G; p.S724G,99.25,Benign,52.387
15,74328141,74328141,PML,c.1710+1270G>T; c.*664G>T; c.*35+1270G>T; c.2195G>T; c.1566+1270G>T; c.1255-207G>T; c.*2192G>T; c.*1144G>T; c.2339G>T,p.G732V; p.G780V,99.11,Benign,36.446
15,82558034,82558034,SAXO2,c.178G>C; c.-20G>C; c.28+2505G>C; c.53+2761G>C; c.37G>C,p.A60P; p.A13P,83.15,Benign,61.085
15,82563991,82563991,SAXO2,c.28+8462C>T; c.56C>T; c.140C>T; c.281C>T; c.233+5902C>T; c.101C>T,p.P94L; p.P47L; p.P34L; p.P19L,99.70,Benign,43.935
15,82574879,82574879,SAXO2,c.712T>C; c.448T>C; c.673T>C; c.853T>C; c.628T>C; c.*410T>C,p.W210R; p.W150R; p.W285R; p.W225R; p.W238R,48.09,Benign,24.845
15,88420246,88420246,NTRK3,c.2440C>T; c.2398C>T; c.2374C>T,p.R800W; p.R814W; p.R792W,5.06,Uncertain Significance,0.000
15,88576185,88576185,NTRK3,c.1464C>G; c.1194C>G; c.1170C>G; c.1488C>G,p.A488A; p.A398A; p.A496A; p.A390A,50.37,Benign,34.875
15,88679785,88679785,NTRK3,c.384C>T; c.678C>T *; c.678C>T,p.N226N; p.N128N,99.60,Benign,99.673
15,91295064,91295064,BLM,c.-445A>G; c.847A>G,p.T283A,1.53,Uncertain Significance,0.003
15,91304138,91304139,BLM,c.419dup; c.1544dup,p.N140Kfs*2; p.N515Kfs*2,1.09,Pathogenic,0.009
15,91304139,91304139,BLM,c.419del; c.1544del,p.N515Mfs*16; p.N140Mfs*16,3.56,Pathogenic,0.004
15,91304286,91304288,BLM,c.570_572del; c.1695_1697del,p.D566del; p.D191del,0.53,Uncertain Significance,0.002
15,91310208,91310208,BLM,c.1143del; c.2268del,p.D757Tfs*4; p.D382Tfs*4,0.57,Pathogenic,
15,91337479,91337479,BLM,c.1977G>A; c.3102G>A,p.T659T; p.T1034T,51.82,Benign,15.995
15,91346923,91346923,BLM,c.3358+5356C>A; c.3531C>A; c.2406C>A,p.A1177A; p.A802A,46.61,Benign,15.345
15,91354505,91354505,BLM,c.3552C>T; c.2820C>T; c.3945C>T,p.L1315L; p.L940L; p.L1184L,48.54,Benign,15.353
16,3778427,3778427,CREBBP,c.6507A>G; c.6621A>G,p.Q2207Q; p.Q2169Q,48.90,Benign,1.489
16,3779060,3779060,CREBBP,c.5874C>T; c.5988C>T,p.A1958A; p.A1996A,47.10,Likely Benign,1.356
16,3808053,3808055,CREBBP,c.3256-6_3256-4del; c.3370-6_3370-4del,,2.57,Uncertain Significance,0.001
16,3808053,3808054,CREBBP,c.3256-5_3256-4del; c.3370-5_3370-4del,,13.71,Likely Benign,0.205
16,3808053,3808053,CREBBP,c.3370-4del; c.3256-4del,,74.10,Benign,25.610
16,3831230,3831230,CREBBP,c.1651C>A; c.1537C>A,p.L513I; p.L551I,49.95,Benign,0.966
16,3860640,3860640,CREBBP,c.939T>C,p.D313D,50.10,Benign,3.507
16,89805261,89805261,ZNF276; FANCA,c.4260+29T>C; c.4164T>C; n.2607A>G; c.4293T>C; n.2490A>G; c.*607A>G; n.2524A>G; c.4264+29T>C; n.2430A>G,p.H1388H; p.H1431H,42.24,Benign,70.470
16,89806347,89806347,ZNF276; FANCA,c.3934+55T>A; n.3693A>T; n.3516A>T; n.3576A>T; c.3805+55T>A; c.*1693A>T; n.3610A>T,,50,Benign,52.514
16,89836323,89836323,FANCA,c.2426G>A,p.G809D,51.00,Benign,47.268
16,89849480,89849480,FANCA,c.1501G>A,p.G501S,51.89,Benign,50.407
16,89866043,89866043,FANCA,c.700A>G; c.796A>G,p.T234A; p.T266A,52.30,Benign,52.203
17,263294,263294,C17orf97; LOC105371430; LIAT1,c.304+2857C>G; n.46-90G>C; c.660C>G,p.D220E,1.36,Benign,23.003
17,263456,263456,C17orf97; LOC105371430; LIAT1,c.304+3019T>C; n.46-252A>G; c.822T>C,p.G274G,3.71,Likely Benign,0.016
17,263532,263532,C17orf97; LOC105371430; LIAT1,c.304+3095A>G; c.898A>G; n.45+238T>C,p.K300E,47.67,Uncertain Significance,0.358
17,263623,263682,C17orf97; LOC105371430; LIAT1,c.1039_1098del; c.304+3236_304+3295del; n.45+88_45+147del,p.P347_H366del,1.01,Uncertain Significance,0.006
17,263684,263684,C17orf97; LOC105371430; LIAT1,n.45+86C>G; c.304+3247G>C; c.1050G>C,p.E350D,0.63,Uncertain Significance,
17,263712,263712,C17orf97; LOC105371430; LIAT1,c.304+3275G>A; n.45+58C>T; c.1078G>A,p.E360K,13.56,Uncertain Significance,0.001
17,7579472,7579472,TP53,c.98C>G; c.215C>G; c.-1020C>G; c.-939C>G; n.357C>G,p.P72R; p.P33R,97.20,Uncertain Significance,66.289
17,16842912,16842912,TNFRSF13B,c.693T>C; c.831T>C,p.S277S; p.S231S,50.99,Benign,49.363
17,16855878,16855878,TNFRSF13B,c.81G>A; c.62-3581G>A,p.T27T,52.24,Benign,80.823
17,29490295,29490295,NF1,c.380G>A,p.G127E,1.11,Likely Pathogenic,
17,29508775,29508775,NF1,c.702G>A,p.L234L,99.81,Benign,62.010
17,29527569,29527569,NF1,c.1018T>G,p.S340A,0.51,Likely Pathogenic,
17,29528142,29528142,NF1,c.1150T>C,p.F384L,2.85,Likely Pathogenic,
17,29541476,29541476,NF1,c.1430C>T; c.1445C>T; c.1400C>T,p.T482I; p.T477I; p.T467I,1.37,Pathogenic,
17,29554582,29554582,NF1,c.2397G>A; c.2367G>A; c.2412G>A,p.K799K; p.K789K; p.K804K,8.95,Uncertain Significance,
17,29554589,29554589,NF1,c.2419C>T; c.2374C>T; c.2404C>T,p.L802F; p.L792F; p.L807F,8.23,Pathogenic,
17,30267304,30267304,SUZ12,c.275-1G>C,,5.84,Likely Pathogenic,
17,30267331,30267331,SUZ12,c.301C>T,p.R101*,1.31,Likely Pathogenic,
17,30302736,30302737,SUZ12,c.754+15dup; c.823+15dup,,4.57,Uncertain Significance,2.207
17,30302737,30302737,SUZ12,c.754+15del; c.823+15del,,9.23,Likely Benign,2.318
17,30303572,30303572,SUZ12,c.856C>T; c.787C>T,p.R263*; p.R286*,1.15,Likely Pathogenic,
17,30323878,30323878,SUZ12,c.1856T>C; c.1787T>C,p.L596P; p.L619P,1.67,Uncertain Significance,
17,40370235,40370236,STAT5B,c.1099dup; c.1102dup,p.Q368Pfs*9; p.Q367Pfs*9,1.06,Uncertain Significance,0.004
17,40370236,40370236,STAT5B,c.1099del; c.1102del,p.Q368Rfs*2; p.Q367Rfs*2,1.01,Uncertain Significance,0.000
17,40474427,40474427,STAT3,c.1890G>C; c.1989G>C; c.1947G>C; c.1680G>C; c.1878G>C; c.1914G>C; c.2070G>C; c.1896G>C; c.1974G>C; c.1953G>C,p.K658N; p.K626N; p.K638N; p.K632N; p.K630N; p.K690N; p.K649N; p.K651N; p.K663N; p.K560N,1.30,Pathogenic,
17,41223094,41223094,BRCA1,c.310A>G; c.4903A>G; c.4759A>G; c.4711A>G; c.4900A>G; c.1387A>G; c.-98-20887A>G; c.1525A>G; c.3949A>G; c.4696A>G; c.1444A>G; c.4624A>G; c.5-7126A>G; c.4834A>G; c.4837A>G,p.S1587G; p.S1566G; p.S1317G; p.S104G; p.S463G; p.S482G; p.S1613G; p.S1571G; p.S1635G; p.S1634G; p.S1612G; p.S509G; p.S1542G,99.92,Benign,34.998
17,41234470,41234470,BRCA1,c.4095T>C; c.918T>C; c.-43-7932T>C; c.5-18502T>C; c.4182T>C; c.858T>C; c.-98-32263T>C; c.4308T>C; c.4167T>C; c.3420T>C; c.4230T>C; c.996T>C; c.999T>C,p.S1140S; p.S306S; p.S1394S; p.S1365S; p.S1410S; p.S1389S; p.S332S; p.S1436S; p.S333S; p.S286S,99.76,Benign,34.330
17,41244000,41244000,BRCA1,c.3470A>G; c.3422A>G; c.3335A>G; c.-43-17462A>G; c.5-28032A>G; c.707-951A>G; c.-99+33288A>G; c.3548A>G; c.3407A>G; c.647-951A>G; c.2660A>G; c.788-951A>G; c.785-951A>G,p.K1112R; p.K1157R; p.K1136R; p.K887R; p.K1183R; p.K1141R,97.35,Benign,34.855
17,41244435,41244435,BRCA1,c.-43-17897A>G; c.647-1386A>G; c.-99+32853A>G; c.2225A>G; c.3113A>G; c.2987A>G; c.5-28467A>G; c.788-1386A>G; c.785-1386A>G; c.2972A>G; c.3035A>G; c.2900A>G; c.707-1386A>G,p.E991G; p.E1038G; p.E996G; p.E742G; p.E1012G; p.E967G,96.18,Benign,34.300
17,41244936,41244936,BRCA1,c.2486C>T; c.2399C>T; c.787+1825C>T; c.2471C>T; c.646+1825C>T; c.706+1825C>T; c.5-28968C>T; c.784+1825C>T; c.1724C>T; c.2534C>T; c.-43-18398C>T; c.-99+32352C>T; c.2612C>T,p.P575L; p.P829L; p.P871L; p.P800L; p.P824L; p.P845L,96.10,Benign,41.275
17,41245237,41245237,BRCA1,c.2185T>C; c.5-29269T>C; c.706+1524T>C; c.646+1524T>C; c.784+1524T>C; c.2233T>C; c.-43-18699T>C; c.2170T>C; c.-99+32051T>C; c.2311T>C; c.1423T>C; c.2098T>C; c.787+1524T>C,p.L724L; p.L700L; p.L745L; p.L771L; p.L475L; p.L729L,99.70,Benign,34.216
17,41245466,41245466,BRCA1,c.706+1295C>T; c.1956C>T; c.1194C>T; c.1869C>T; c.2004C>T; c.-99+31822C>T; c.2082C>T; c.787+1295C>T; c.5-29498C>T; c.-43-18928C>T; c.784+1295C>T; c.646+1295C>T; c.1941C>T,p.S623S; p.S668S; p.S694S; p.S398S; p.S652S; p.S647S,90.97,Benign,34.860
17,41245587,41245587,BRCA1,c.646+1174del; c.1835del; c.1073del; c.1883del; c.1748del; c.-99+31701del; c.1961del; c.5-29619del; c.-43-19049del; c.787+1174del; c.784+1174del; c.706+1174del; c.1820del,p.K358Sfs*47; p.K583Sfs*47; p.K607Sfs*47; p.K628Sfs*47; p.K612Sfs*47; p.K654Sfs*47,1.40,Pathogenic,0.001
17,74732507,74732507,MFSD11; SRSF2,c.-1928A>G; c.-1812A>G; c.-733A>G; c.-1623A>G; n.573T>C; n.-1694A>G; c.402T>C; c.-1530A>G; c.402T>C *; c.-1645A>G; c.-738A>G; n.-209A>G; c.-1269A>G; c.366T>C,p.S122S; p.S134S,99.90,Benign,99.703
17,74732531,74732531,MFSD11; SRSF2,c.-1621G>A; c.-709G>A; n.549C>T; c.-714G>A; c.342C>T; c.-1788G>A; c.-1599G>A; c.-1904G>A; c.-1245G>A; n.-185G>A; c.378C>T; c.-1506G>A; n.-1670G>A,p.R114R; p.R126R,48.63,Uncertain Significance,0.077
17,74733099,74733099,MFSD11; MIR636; SRSF2,n.-1102G>A; c.-141G>A; n.-469C>T; c.-1336G>A; c.-1053G>A; n.315C>T; c.-938G>A; c.-146G>A; c.-1220G>A; c.-1031G>A; n.384G>A; c.144C>T; c.-677G>A,p.D48D,98.28,Benign,88.440
18,42456653,42456653,SETBP1,c.540+7405G>A; c.664G>A,p.A222T,99.65,Benign,52.534
18,42456670,42456671,SETBP1,c.540+7422_540+7423insTCTT; c.681_682insTCTT,p.T228Sfs*8,99.71,Benign,52.471
18,42532693,42532693,SETBP1,c.3388C>A,p.P1130T,49.03,Benign,13.296
18,42532778,42532778,SETBP1,c.3473A>G,p.H1158R,0.69,Uncertain Significance,
18,42533130,42533130,SETBP1,c.3825A>G,p.S1275S,99.65,Benign,88.475
19,855966,855966,ELANE,c.606C>A,p.S202S,49.62,Benign,12.308
19,10262139,10262139,DNMT1,c.2152del; c.2200del; c.1837del,p.M613Cfs*59; p.M718Cfs*59; p.M734Cfs*59,0.63,Uncertain Significance,
19,10265312,10265312,DNMT1,c.1419A>G; c.1734A>G; c.1782A>G,p.T578T; p.T594T; p.T473T,99.94,Benign,99.074
19,10267077,10267077,DNMT1,c.1341A>G; c.1389A>G; c.1026A>G,p.P447P; p.P463P; p.P342P,99.97,Benign,51.810
19,17958777,17958777,JAK3,c.-36A>G,,50.81,Benign,21.329
19,33792755,33792757,CEBPA; CEBPA-DT,c.564_566del; c.522_524del; c.207_209del; c.669_671del; n.-954_-952del,p.P175del; p.P70del; p.P189del; p.P224del,1.65,Likely Benign,0.595
19,45284236,45284236,CBLC,c.428A>G,p.K143R,10.76,Uncertain Significance,
19,56180968,56180968,U2AF2,c.1191C>T; c.1203C>T,p.D397D; p.D401D,99.90,Benign,86.871
20,31022441,31022442,ASXL1,c.1934dup; c.1751dup; c.1919dup; c.1869+65dup,p.G646Wfs*12; p.G585Wfs*12; p.G641Wfs*12,1.39,Pathogenic,0.050
20,31022442,31022442,ASXL1,c.1919del; c.1869+65del; c.1934del; c.1751del,p.G645Vfs*58; p.G584Vfs*58; p.G640Vfs*58,0.92,Pathogenic,0.029
20,31022959,31022959,ASXL1,c.1869+575T>C; c.2429T>C; c.2261T>C *; c.2261T>C; c.2444T>C *,p.L754P; p.P815P; p.P754P; p.L810P,98.39,Benign,99.999
20,43264927,43264927,ADA,c.-254G>A; n.128G>A; c.36G>A; c.99G>A; c.-115G>A; c.114G>A; c.-118G>A; c.111G>A,p.V33V; p.V12V; p.V37V; p.V38V,99.89,Benign,99.525
20,57478807,57478807,GNAS,c.393C>T; c.396C>T; c.*299C>T; c.174C>T; c.*296C>T; c.351C>T; c.2322C>T; c.2325C>T; c.*254C>T; c.66C>T; c.297C>T; c.*305C>T; c.219C>T; c.2277C>T; c.216C>T; c.348C>T,p.I775I; p.I117I; p.I72I; p.I116I; p.I73I; p.I759I; p.I132I; p.I131I; p.I58I; p.I22I; p.I99I; p.I774I,99.79,Benign,54.473
21,44513243,44513243,U2AF1; LOC102724594,c.692C>T; c.473C>T; c.578C>T,p.S231L; p.S193L; p.S158L,0.82,Uncertain Significance,0.000
22,17662793,17662793,ADA2,c.1359T>C; c.636T>C; c.1233T>C; c.999T>C; c.753T>C,p.Y251Y; p.Y453Y; p.Y212Y; p.Y411Y; p.Y333Y,99.80,Benign,25.903
22,17662917,17662917,ADA2,c.1114-5C>G; c.517-5C>G; c.634-5C>G; c.1240-5C>G; c.880-5C>G,,99.96,Benign,24.953
22,17669306,17669306,ADA2,c.644A>G; c.398A>G; c.281A>G; c.1004A>G; c.878A>G,p.H335R; p.H215R; p.H94R; p.H133R; p.H293R,48.96,Benign,34.448
22,23627369,23627369,BCR,c.2387A>G,p.N796S,99.30,Benign,81.784
22,23631801,23631801,BCR,c.2700T>C,p.N900N,48.29,Benign,29.064
22,23631813,23631814,BCR,c.2707+12dup,,45.73,Benign,28.676
22,23651619,23651619,BCR,c.3021G>A; c.2889G>A,p.P963P; p.P1007P,29.87,Likely Benign,0.202
22,23653880,23653880,BCR,c.3183-4G>A; c.3051-4G>A,,41.84,Benign,38.099
22,23653975,23653976,BCR,c.3143_3146dup; c.3275_3278dup,p.V1050Rfs*17; p.V1094Rfs*17,7.28,Uncertain Significance,0.280
22,23654017,23654017,BCR,c.3316G>A; c.3184G>A,p.D1062N; p.D1106N,10.21,Likely Pathogenic,0.024
22,23655084,23655084,BCR,c.3333C>T; c.3201C>T,p.D1067D; p.D1111D,47.31,Benign,18.052
22,29083909,29083909,CHEK2,c.1608A>G; c.1737A>G; c.948A>G; c.1335A>G; c.945A>G; c.1521A>G; c.1407A>G,p.P316P; p.P579P; p.P469P; p.P536P; p.P315P; p.P445P; p.P507P,1.12,Uncertain Significance,0.000
22,29090054,29090054,CHEK2,c.1154C>T; c.764C>T; c.1427C>T; c.1226C>T; c.1340C>T; c.1556C>T; c.767C>T,p.T256M; p.T476M; p.T255M; p.T385M; p.T409M; p.T519M; p.T447M,5.61,Uncertain Significance,0.031
22,29091142,29091142,CHEK2,c.1261G>A; c.685G>A; c.1075G>A; c.1348G>A; c.688G>A; c.1477G>A; c.1147G>A,p.E421K; p.E229K; p.E359K; p.E383K; p.E493K; p.E450K; p.E230K,2.68,Likely Pathogenic,
22,30737771,30737771,SF3A1,c.981C>A,p.V327V,49.91,Benign,3.790
22,30742328,30742330,SF3A1,c.364_366del,p.Q122del,0.98,Uncertain Significance,0.006
22,41548008,41548008,EP300,c.2911A>G; c.2989A>G,p.I971V; p.I997V,50.06,Benign,29.946
22,41551039,41551039,EP300,c.3183T>A; c.3105T>A,p.T1061T; p.T1035T,99.89,Benign,65.695
22,41566525,41566525,EP300,c.4408del; c.4330del,p.M1444Cfs*26; p.M1470Cfs*26,0.99,Pathogenic,
X,1331495,1331495,CRLF2,c.-201C>G; c.33C>G; n.48C>G,p.A11A,52.31,Benign,21.325
X,15343205,15343205,PIGA,n.660G>T; c.216G>T; n.376G>T; c.918G>T,p.L72L; p.L306L,1.15,Uncertain Significance,
X,15349998,15349998,PIGA,n.171C>T; c.55C>T; c.13+3625C>T,p.R19W,51.91,Benign,3.006
X,15841311,15841311,ZRSR2,c.1317C>G; c.1395C>G,p.G465G; p.G439G,1.34,Likely Benign,
X,15841319,15841319,ZRSR2,c.1325G>A; c.1403G>A,p.R468K; p.R442K,2.97,Uncertain Significance,
X,34148806,34148844,FAM47A,c.1552_1590del,p.R518_L530del,27.71,Benign,6.145
X,34148841,34148842,FAM47A,c.1554_1555delinsTC,p.S519P,2.57,Uncertain Significance,
X,34148844,34148844,FAM47A,c.1552C>G,p.R518G,2.54,Uncertain Significance,
X,39911657,39911657,BCOR,c.4977-4G>T; c.4821-4G>T; c.*45-4G>T; c.4875-4G>T,,51.02,Benign,15.014
X,39933339,39933339,BCOR,c.1260T>C,p.D420D,49.42,Benign,89.920
X,44938563,44938563,KDM6A,c.2976G>A; c.2223G>A; n.3394G>A; c.3111G>A; c.2973G>A; c.3189G>A; c.3009G>A; c.3132G>A; c.3030G>A; c.2874G>A; c.3267G>A,p.Q958Q; p.Q1063Q; p.Q1010Q; p.Q741Q; p.Q1037Q; p.Q991Q; p.Q992Q; p.Q1044Q; p.Q1089Q; p.Q1003Q,50.18,Benign,24.273
X,47057647,47057647,UBA1,c.1-555A>G,,99.90,Benign,99.806
X,53430830,53430830,SMC1A,c.2131-5T>C; c.2197-5T>C; c.1429-5T>C,,50.22,Benign,2.294
X,76937963,76937963,ATRX,c.2785C>G; c.2671C>G; c.2785G>C *; c.2671G>C *,p.Q929E; p.Q891E; p.E929Q; p.E891Q,46.53,Benign,38.534
X,129147079,129147079,BCORL1,c.331T>C *; c.331T>C,p.F111L; p.L111L,97.00,Benign,99.998
X,130678467,130678467,IGSF1; OR13H1,c.420A>G; c.-913+34175T>C,p.V140V,50.40,Benign,64.296
X,130678844,130678844,IGSF1; OR13H1,c.797A>C; c.-913+33798T>G,p.Y266S,49.47,Benign,64.337
X,153994596,153994596,DKC1,n.471G>T; n.948G>T; c.-241G>T; c.369G>T; c.282G>T,p.T123T; p.T94T,99.86,Benign,99.752
X,153999117,153999117,DKC1,c.960T>G; n.1697T>G; n.1471T>G; n.1578T>G; c.879T>G; c.999T>G; c.390T>G; c.912T>G,p.I333M; p.I320M; p.I304M; p.I293M; p.I130M,0.66,Uncertain Significance,

