Chromosome,Position,End Position,Gene Symbol,Transcript Variant,Protein Variant,1933D - Allele Fraction,Classification,gnomAD Frequency
1,12918885,12918885,PRAMEF2,c.21G>C,p.P7P,1.92,Likely Benign,0.393
1,12918891,12918891,PRAMEF2,c.27A>C,p.L9L,0.92,Benign,6.355
1,12918963,12918963,PRAMEF2,c.99G>T,p.R33S,41.33,Benign,10.577
1,12919064,12919064,PRAMEF2,c.200T>G,p.V67G,35.20,Benign,16.656
1,12919079,12919079,PRAMEF2,c.215C>G,p.T72R,36.73,Benign,10.738
1,12919081,12919081,PRAMEF2,c.217C>T,p.L73F,62.65,Benign,10.838
1,12919587,12919587,PRAMEF2,c.327T>C,p.D109D,99.41,Benign,24.064
1,12919623,12919624,PRAMEF2,c.363_364delinsTG,p.L122V,44.96,Likely Benign,
1,12919928,12919928,PRAMEF2,c.668A>G,p.K223R,49.20,Benign,10.909
1,12919934,12919934,PRAMEF2,c.674A>G,p.Y225C,49.28,Benign,15.327
1,12919963,12919963,PRAMEF2,c.703T>G,p.C235G,48.71,Benign,11.623
1,12919983,12919983,PRAMEF2,c.723G>A,p.R241R,50.37,Benign,10.815
1,12920067,12920067,PRAMEF2,c.807C>G,p.L269L,49.90,Benign,10.879
1,12921110,12921110,PRAMEF2,c.901A>G,p.T301A,49.76,Benign,10.748
1,12921114,12921114,PRAMEF2,c.905G>A,p.C302Y,0.97,Uncertain Significance,0.041
1,12921119,12921119,PRAMEF2,c.910A>T,p.N304Y,1.17,Uncertain Significance,0.194
1,12921127,12921127,PRAMEF2,c.918A>G,p.L306L,99.87,Benign,26.699
1,12921132,12921132,PRAMEF2,c.923A>G,p.E308G,48.71,Benign,10.747
1,12921136,12921137,PRAMEF2,c.927_928delinsTG,p.L310V,1.79,Likely Pathogenic,
1,12921332,12921333,PRAMEF2,c.1123_1124delinsCA,p.C375H,89.17,Uncertain Significance,
1,12921635,12921635,PRAMEF2,c.*1G>A,,14.83,Benign,7.865
1,35250457,35250457,GJB3,c.94C>T,p.R32W,48.84,Likely Benign,2.339
1,35250819,35250819,GJB3,c.456C>T,p.L152L,1.69,Uncertain Significance,
1,35251161,35251161,GJB3,c.798C>T,p.N266N,49.64,Benign,8.893
1,36937059,36937059,CSF3R,c.864T>C; c.1260T>C,p.T420T; p.T288T,51.03,Benign,55.798
1,36937878,36937878,CSF3R,c.562G>A; c.958G>A,p.D320N; p.D188N,46.65,Likely Benign,1.893
1,47685455,47685455,TAL1,c.933A>G; c.456A>G *; c.933A>G *,p.K311K; p.K152K,98.25,Benign,100.000
1,65303659,65303659,JAK1,c.2964G>A; c.2991G>A; c.3090G>A; c.3093G>A; c.2967G>A; c.3096G>A,p.K1030K; p.K1032K; p.K1031K; p.K989K; p.K988K; p.K997K,48.45,Benign,7.703
1,65303790,65303791,JAK1,c.2968-4_2968-3del; c.2965-4_2965-3del; c.2863-4_2863-3del; c.2839-4_2839-3del; c.2962-4_2962-3del; c.2836-4_2836-3del,,0.83,Uncertain Significance,
1,65306997,65306997,JAK1,c.2451del; c.2475del; c.2448del; c.2580del; c.2577del; c.2574del,p.K816Nfs*16; p.K817Nfs*16; p.K858Nfs*16; p.K859Nfs*16; p.K860Nfs*16; p.K825Nfs*16,0.66,Pathogenic,
1,65310489,65310489,JAK1,c.2199A>G; c.2067A>G; c.2070A>G; c.2193A>G; c.2196A>G,p.P690P; p.P733P; p.P689P; p.P731P; p.P732P,51.34,Benign,30.343
1,65335062,65335062,JAK1,c.579T>C; c.573T>C,p.A191A; p.A193A,48.59,Benign,7.793
2,25994412,25994413,ASXL2,c.404-4dup; c.230-4dup; c.-377-4dup; c.401-4dup,,46.18,Benign,23.466
2,48010488,48010488,MSH6,c.-984G>A; c.-468G>A; c.116G>A; c.-69+118G>A; c.-879G>A; c.-791G>A; c.-724G>A; c.-424G>A; c.-890G>A; c.-1233G>A; c.-38+118G>A; c.-1134G>A; c.-213G>A; c.-37-7578G>A; n.205G>A; c.-695G>A; c.-794G>A; c.-467G>A; c.-813G>A; c.-621G>A; c.-1399G>A; c.-280+118G>A; c.61G>A,p.G21R; p.G39E,45.31,Benign,18.288
2,61720156,61720156,XPO1,c.1278A>C; c.885A>C; c.1233A>C; c.777A>C; c.921A>C; c.1062A>C; c.1002A>C,p.K307N; p.K426N; p.K259N; p.K411N; p.K334N; p.K354N; p.K295N,2.07,Uncertain Significance,
2,198257795,198257795,SF3B1,c.3657A>G,p.V1219V,99.82,Benign,66.086
2,198265526,198265526,SF3B1,c.2631T>C,p.G877G,99.88,Benign,66.033
2,198283305,198283305,SF3B1,c.423A>G,p.K141K,100,Benign,66.128
2,204732714,204732714,CTLA4,c.49A>G; c.121A>G,p.T17A; p.T41A,99.85,Uncertain Significance,41.611
3,10085536,10085536,FANCD2,c.1122A>G,p.V374V,30.79,Benign,10.511
3,10088266,10088266,FANCD2,c.1137G>T,p.V379V,20.17,Benign,18.180
3,10088299,10088299,FANCD2,c.1170C>T,p.S390S,28.11,Benign,25.706
3,10088308,10088308,FANCD2,c.1179T>C,p.T393T,28.50,Benign,26.856
3,10088343,10088343,FANCD2,c.1214A>G,p.N405S,30.31,Benign,25.717
3,10088404,10088404,FANCD2,c.1275C>T,p.Y425Y,31.15,Benign,4.544
3,10088408,10088412,FANCD2,c.1278+1_1278+5delinsT,,30.91,Likely Pathogenic,
3,10089723,10089723,FANCD2,c.1401G>A,p.T467T,2.14,Benign,41.841
3,10089738,10089738,FANCD2,c.1413+3A>G,,2.50,Benign,39.278
3,10106408,10106408,FANCD2,c.2022-5C>T; c.1911-5C>T,,0.72,Likely Benign,0.051
3,10106532,10106532,FANCD2,c.2030C>T; c.2141C>T,p.P677L; p.P714L,48.38,Benign,14.696
3,10107147,10107147,FANCD2,c.2238C>T; c.2127C>T,p.N746N; p.N709N,0.78,Uncertain Significance,0.003
3,10107168,10107168,FANCD2,c.2148T>C; c.2259T>C,p.D753D; p.D716D,1.75,Uncertain Significance,0.003
3,10138069,10138069,FANCD2OS; FANCD2,c.4098T>G; c.3987T>G; c.*43+7813A>C; c.4059T>G,p.L1329L; p.L1366L; p.L1353L,48.57,Benign,18.717
3,10142949,10142949,FANCD2OS; FANCD2,c.*43+2933G>A; c.*3C>T,,50.42,Benign,32.842
3,105422844,105422844,CBLB,c.252G>A; c.801G>A; n.1986G>A; n.1623G>A; c.1647G>A; c.1665G>A; n.1920G>A; n.1660G>A; n.2004G>A; n.1872G>A; c.1581G>A; n.1696G>A; c.1434G>A; c.393G>A,p.T527T; p.T549T; p.T478T; p.T555T; p.T267T; p.T84T; p.T131T,99.83,Benign,72.630
3,128204951,128204951,GATA2,c.490G>A; c.772G>A,p.A164T; p.A258T,45.80,Uncertain Significance,19.632
3,128205860,128205860,GATA2,c.297C>G; c.15C>G,p.P99P; p.P5P,99.81,Benign,66.313
3,183211906,183211906,KLHL6,c.1311T>C,p.N437N,50.59,Benign,55.874
3,187447032,187447032,LOC100131635; BCL6,n.294-3127G>A; c.1161C>T,p.N387N,99.47,Benign,64.365
4,1803704,1803704,FGFR3,c.882T>C; n.1157T>C,p.N294N,50.23,Benign,16.389
4,1807478,1807478,FGFR3,c.1647G>T; c.1653G>T; n.2073G>T; c.1650G>T; c.1311G>T,p.G437G; p.G550G; p.G549G; p.G551G,46.65,Likely Benign,2.256
4,1807894,1807894,FGFR3,c.1956G>A; n.2379G>A; c.1959G>A; c.1953G>A; c.1617G>A,p.T651T; p.T652T; p.T539T; p.T653T,99.80,Benign,98.654
4,55141055,55141055,PDGFRA; ENSG00000282278,c.1740A>G; c.1776A>G; c.1701A>G; c.1018-37A>G,p.P580P; p.P592P; p.P567P,99.83,Benign,98.760
4,55161391,55161391,PDGFRA; ENSG00000282278,c.2502T>C; c.3261T>C; c.3222T>C; c.3297T>C,p.D834D; p.D1099D; p.D1087D; p.D1074D,99.89,Benign,99.911
4,55593464,55593464,KIT,c.1624A>C; c.1621A>C; c.1609A>C; c.1612A>C; c.1111A>C,p.M371L; p.M542L; p.M541L; p.M537L; p.M538L,50.14,Uncertain Significance,7.647
4,55602765,55602765,KIT,c.2583G>C; c.2451G>C; c.2586G>C; c.2577G>C; c.2076G>C; c.2574G>C; c.2571G>C; c.2589G>C,p.L857L; p.L862L; p.L861L; p.L863L; p.L692L; p.L859L; p.L858L; p.L817L,49.90,Benign,11.310
4,55972946,55972946,KDR,c.1444T>C,p.C482R,48.46,Uncertain Significance,2.304
4,55972974,55972974,KDR,c.1416A>T,p.Q472H,48.92,Uncertain Significance,22.255
4,57333822,57333822,SRP72,n.40G>T; c.21G>T,p.G7G,51.11,Benign,22.522
4,57352505,57352505,SRP72,n.1120G>A; c.918G>A; c.1101G>A,p.Q306Q; p.Q367Q,4.58,Uncertain Significance,0.000
4,106196951,106196951,TET2; TET2-AS1,c.5284A>G; n.318+58592T>C; c.5347A>G,p.I1762V; p.I1783V,46.04,Benign,29.475
5,1253918,1253918,TERT,n.2996G>A; n.3032G>A; c.3324G>A; c.3135G>A,p.P1045P; p.P1108P,99.89,Likely Benign,1.817
5,1294665,1294665,TERT,c.336del; n.415del,p.E113Rfs*15,0.97,Uncertain Significance,0.003
5,35861068,35861068,IL7R,c.197T>C; n.284T>C,p.I66T,45.58,Benign,62.570
5,35871190,35871190,IL7R,c.412G>A; n.499G>A,p.V138I,45.65,Benign,64.899
5,35871273,35871273,IL7R,c.495C>T; n.582C>T,p.H165H,45.21,Benign,12.679
5,149457678,149457678,CSF1R,n.853C>T; c.282C>T; c.726C>T; n.782C>T,p.T242T; p.T94T,49.58,Benign,50.924
5,149459831,149459831,CSF1R,n.432C>T; c.-69C>T; c.376C>T; n.503C>T,p.P126S,1.63,Uncertain Significance,
5,149460553,149460553,CSF1R,c.-361T>C; c.84T>C; n.211T>C; n.140T>C,p.P28P,99.84,Benign,48.014
5,176721198,176721198,NSD1,c.5956T>C; c.1471T>C; c.6067T>C; c.6829T>C; c.6076T>C; c.5707T>C; c.6520T>C; c.6409T>C,p.L1986L; p.L2174L; p.L1903L; p.L491L; p.L2137L; p.L2277L; p.L2026L; p.L2023L,99.74,Benign,82.274
5,176721272,176721272,NSD1,c.6030G>C; c.6903G>C; c.6141G>C; c.6594G>C; c.6483G>C; c.6150G>C; c.5781G>C; c.1545G>C,p.G2010G; p.G2198G; p.G2050G; p.G2161G; p.G1927G; p.G515G; p.G2047G; p.G2301G,49.11,Benign,18.678
5,176940384,176940384,DDX41,c.822C>T; c.1200C>T,p.R274R; p.R400R,99.93,Benign,41.586
6,18139214,18139214,TPMT,c.474C>T; c.474T>C *,p.I158I,53.71,Benign,76.396
6,33287898,33287900,DAXX,c.1389_1391del; c.1128_1130del; c.1353_1355del,p.E457del; p.E382del; p.E469del,0.68,Uncertain Significance,0.031
6,33288271,33288271,DAXX,c.1173T>C; c.912T>C; c.1137T>C,p.Y379Y; p.Y304Y; p.Y391Y,49.94,Benign,29.226
7,2946461,2946461,CARD11,c.3276A>G,p.R1092R,48.02,Benign,51.281
7,2963941,2963943,CARD11,c.1864_1866del,p.S622del,0.93,Uncertain Significance,0.001
7,2969680,2969680,CARD11,c.1599C>T,p.D533D,50.34,Benign,18.940
7,2976767,2976767,CARD11,c.1245C>T,p.D415D,49.66,Benign,16.318
7,6026775,6026775,PMS2,c.1513A>G; c.1645A>G; c.850A>G; c.1423A>G; c.1465A>G; c.1048A>G; c.1453A>G; c.1147A>G; c.804-4153A>G; c.1303A>G; c.1618A>G; c.1255A>G; c.1108A>G; c.1312A>G; n.1708A>G; c.1807A>G; c.1285A>G; c.1621A>G; c.803+10182A>G; c.1216A>G; c.1297A>G; c.1060A>G; c.688A>G; c.1156A>G,p.K429E; p.K603E; p.K433E; p.K489E; p.K541E; p.K230E; p.K383E; p.K505E; p.K549E; p.K386E; p.K354E; p.K475E; p.K540E; p.K350E; p.K370E; p.K419E; p.K435E; p.K284E; p.K406E; p.K438E; p.K485E,96.52,Benign,84.429
7,6026988,6026988,PMS2,c.835C>T; c.1594C>T; c.1084C>T; c.1042C>T; c.1003C>T; c.1405C>T; c.1240C>T; n.1495C>T; c.1300C>T; c.934C>T; c.1090C>T; c.475C>T; c.1252C>T; c.803+9969C>T; c.1099C>T; c.895C>T; c.847C>T; c.1072C>T; c.1210C>T; c.943C>T; c.804-4366C>T; c.637C>T; c.1432C>T; c.1408C>T,p.P470S; p.P159S; p.P434S; p.P478S; p.P418S; p.P414S; p.P299S; p.P279S; p.P312S; p.P364S; p.P283S; p.P469S; p.P348S; p.P335S; p.P367S; p.P404S; p.P315S; p.P213S; p.P532S; p.P362S; p.P358S,50.10,Benign,38.600
7,6036980,6036980,PMS2,c.780C>G; c.966C>G; c.-154C>G; c.471C>G; c.444C>G; c.672C>G; c.267C>G; c.804C>G; c.705+1759C>G; c.132+5104C>G; c.375C>G; c.207C>G; c.612C>G; c.777C>G; n.867C>G; c.537+5104C>G; c.462C>G,p.S157S; p.S125S; p.S89S; p.S148S; p.S69S; p.S322S; p.S204S; p.S224S; p.S268S; p.S260S; p.S259S; p.S154S,99.84,Benign,80.387
7,6043613,6043613,PMS2,c.-113C>T; c.-245C>T; c.25C>T; c.-63C>T; c.-142C>T; n.327C>T; c.-645C>T; c.-341C>T; c.426C>T; c.-192C>T; c.-52-1346C>T; c.-156C>T; c.240C>T; c.-166C>T,p.F80F; p.F142F; p.R9*,3.44,Likely Benign,0.007
7,6043666,6043666,PMS2,c.-219G>A; c.-116G>A; c.-29G>A; c.373G>A; c.-52-1399G>A; c.-245G>A; c.-195G>A; n.274G>A; c.-166G>A; c.-298G>A; c.-209G>A; c.-394G>A; c.187G>A; c.-698G>A,p.V63M; p.V125M,1.17,Uncertain Significance,0.000
7,6045627,6045627,Y_RNA; PMS2,c.-218-1938G>A; c.-242-1938G>A; c.-347G>A; c.-244G>A; c.245G>A; c.-337G>A; n.-1611G>A; c.-323G>A; c.-157G>A; c.-321-1938G>A; n.146G>A; c.-294G>A; c.-426G>A; c.-189-1938G>A; c.59G>A; c.-373G>A; c.-522G>A; c.-52-1938G>A; c.-826G>A,p.R82Q; p.R20Q,32.41,Benign,7.255
7,55214348,55214348,EGFR,c.424+3167C>T; c.315C>T; c.89-9175C>T; c.474C>T,p.N158N; p.N105N,99.91,Benign,51.021
7,55238087,55238087,EGFR,c.1968C>T; c.1881-781C>T; c.1080-781C>T; c.1746-781C>T; c.1722-781C>T,p.H656H,50.72,Benign,8.324
7,55249063,55249063,EGFR-AS1; EGFR,n.1201C>T; c.2226G>A; c.1560G>A; c.2202G>A; c.2361G>A,p.Q734Q; p.Q787Q; p.Q520Q; p.Q742Q,99.70,Benign,52.144
7,55266417,55266417,EGFR,c.2574T>C; c.2709T>C; c.1908T>C; c.2550T>C,p.T636T; p.T903T; p.T858T; p.T850T,90.16,Benign,89.426
7,55268916,55268916,EGFR,c.2982C>T; c.2181C>T; c.2823C>T; c.2847C>T,p.D949D; p.D941D; p.D727D; p.D994D,48.85,Benign,13.342
7,92733766,92733766,SAMD9,c.1645G>T,p.V549L,45.56,Benign,9.129
7,92734451,92734451,SAMD9,c.960T>C,p.Y320Y,98.24,Benign,37.879
7,92734983,92734983,SAMD9,c.428T>C,p.I143T,49.51,Benign,12.070
7,92760738,92760738,SAMD9L,c.4547del,p.N1516Mfs*10,1.09,Uncertain Significance,0.000
7,92762681,92762681,SAMD9L,c.2604T>C,p.A868A,45.01,Benign,17.871
7,92764489,92764489,SAMD9L,c.796G>A,p.V266I,38.70,Benign,10.898
7,92764982,92764982,SAMD9L,c.303G>A,p.Q101Q,49.75,Benign,22.980
7,101837149,101837149,CUX1,c.1131G>A; c.1104G>A; c.1089G>A; c.999G>A; c.1020G>A; c.1137G>A,p.P363P; p.P340P; p.P379P; p.P368P; p.P333P; p.P377P,52.22,Benign,34.758
7,101844851,101844851,CUX1,c.1207+5968A>G; c.1117+5968A>G; c.1255+5968A>G; c.1833A>G; c.1138+5968A>G; c.2139A>G; c.2274A>G; c.1249+5968A>G; c.2307A>G,p.P713P; p.P758P; p.P769P; p.P611P,47.21,Benign,35.327
7,101892121,101892121,CUX1,c.3876G>A; c.1250-24516G>A; c.1256-24516G>A; c.1118-24516G>A; c.4182G>A; c.1139-24516G>A; c.1208-24516G>A; c.4350G>A; c.4317G>A,p.P1450P; p.P1394P; p.P1292P; p.P1439P,51.46,Benign,48.426
7,101916647,101916647,CUX1,c.1260A>G; c.1266A>G *; c.1218A>G *; c.1149A>G; c.1218A>G; c.1149A>G *; c.1266A>G; c.1128A>G *; c.1128A>G; c.1260A>G *,p.A383A; p.A422A; p.A376A; p.A420A; p.A406A,99.85,Benign,72.926
7,101917521,101917521,CUX1,c.1252G>A; c.1384G>A; c.1342G>A; c.1390G>A; c.1273G>A,p.A464T; p.A462T; p.A425T; p.A418T; p.A448T,99.86,Benign,56.358
7,103206002,103206002,RELN,c.4937-4del,,1.56,Benign,2.943
7,103230238,103230238,RELN,c.3950C>T,p.A1317V,0.66,Uncertain Significance,
7,103301977,103301977,RELN,c.1290-3del,,3.69,Likely Benign,0.024
7,103389954,103389954,RELN,c.578-3T>C,,99.92,Benign,49.219
7,116335811,116335811,MET,c.-14-3314A>T; c.-91+23180A>T,,48.14,Benign,4.870
7,116339642,116339642,MET,c.-91+27011G>T; c.504G>T,p.E168D,45.96,Likely Benign,0.360
7,116397572,116397572,MET,c.1944A>G; c.654A>G,p.Q648Q; p.Q218Q,49.94,Benign,18.140
7,127669584,127669584,LRRC4; SND1,c.1110A>G; c.1779+38475T>C,p.A370A,46.97,Benign,15.742
7,127669857,127669857,LRRC4; SND1,c.837T>A; c.1779+38748A>T,p.S279S,48.37,Benign,30.888
7,139094365,139094366,FMC1-LUC7L2; LUC7L2,c.754_755del; c.748_749del; c.757_758del; c.955_956del,p.E253Rfs*34; p.E250Rfs*34; p.E319Rfs*34; p.E252Rfs*34,2.25,Likely Pathogenic,1.969
7,140426257,140426257,BRAF,c.*37T>C; c.2187T>C; c.2128-10421T>C,p.S729S,51.77,Benign,37.551
7,140434574,140434575,BRAF,c.2026-5dup; c.2017-5dup; c.2128-5dup; c.2062-5dup; c.1972-5dup; c.2127+5037dup; c.1864-5dup; c.2248-5dup; c.2137-5dup,,2.81,Likely Benign,
7,140449164,140449164,BRAF,c.1849G>A; c.1651G>A; c.2035G>A; c.1759G>A; c.1915G>A; c.1804G>A; c.1813G>A; c.1924G>A,p.V587I; p.V642I; p.V679I; p.V602I; p.V605I; p.V639I; p.V617I; p.V551I,0.66,Likely Pathogenic,
7,148525904,148525904,EZH2,c.526G>C; c.553G>C; c.436G>C,p.D176H; p.D146H; p.D185H,51.21,Uncertain Significance,7.653
7,148543694,148543695,EZH2,c.118-5_118-4del,,6.82,Likely Benign,0.254
7,148543694,148543694,EZH2,c.118-4del,,90.03,Benign,70.685
7,151874148,151874148,KMT2C,c.8165del; c.8390del,p.K2722Rfs*26; p.K2797Rfs*26,4.32,Pathogenic,0.195
7,151875096,151875097,KMT2C,c.7218-2dup; c.7443-2dup,,1.04,Uncertain Significance,0.068
7,151902216,151902216,KMT2C,c.3936C>T; c.3816C>T,p.S1272S; p.S1312S,0.82,Uncertain Significance,0.002
7,151921099,151921099,KMT2C,c.3203+1G>A; c.3323+1G>A,,0.72,Likely Pathogenic,
7,151921184,151921184,KMT2C,c.3119C>T; c.3239C>T,p.P1040L; p.P1080L,0.63,Uncertain Significance,
7,151921237,151921237,KMT2C,c.3186A>G; c.3066A>G,p.A1022A; p.A1062A,1.21,Uncertain Significance,
7,151921255,151921255,KMT2C,c.3168G>A; c.3048G>A,p.W1056*; p.W1016*,6.90,Likely Pathogenic,
7,151921586,151921586,KMT2C,c.3092G>T; c.2972G>T,p.S991I; p.S1031I,1.16,Uncertain Significance,
7,151927021,151927021,KMT2C,c.2963G>T; c.2843G>T,p.C988F; p.C948F,34.87,Benign,22.612
7,151927023,151927023,KMT2C,c.2961C>G; c.2841C>G,p.Y947*; p.Y987*,25.42,Likely Pathogenic,
7,151927025,151927025,KMT2C,c.2959T>C; c.2839T>C,p.Y987H; p.Y947H,25.18,Benign,38.544
7,151927026,151927026,KMT2C,c.2838A>G; c.2958A>G,p.P986P; p.P946P,9.07,Benign,23.424
7,151927067,151927067,KMT2C,c.2797A>G; c.2917A>G,p.R973G; p.R933G,25.65,Likely Pathogenic,
7,151932923,151932923,KMT2C,c.2628C>T; c.2748C>T,p.I876I; p.I916I,0.64,Uncertain Significance,0.338
7,151935798,151935799,KMT2C,c.2645_2646delinsCA; c.2533-2781_2533-2780delinsCA,p.I882T,29.60,Uncertain Significance,
7,151935866,151935866,KMT2C,c.2533-2848C>T; c.2578C>T,p.P860S,23.18,Likely Pathogenic,
7,151935871,151935871,KMT2C,c.2533-2853G>T; c.2573G>T,p.W858L,23.34,Likely Pathogenic,
7,151935888,151935888,KMT2C,c.2556A>T; c.2533-2870A>T,p.T852T,0.56,Uncertain Significance,
7,151945007,151945007,KMT2C,c.2515G>A; c.2512G>A,p.G838S; p.G839S,30.82,Benign,49.408
7,151945071,151945072,KMT2C,c.2447dup; c.2450dup,p.Y816*; p.Y817*,30.60,Benign,48.670
7,151945101,151945101,KMT2C,c.2421C>G; c.2418C>G,p.S807S; p.S806S,1.89,Benign,20.838
7,151945140,151945140,KMT2C,c.2379G>A; c.2382G>A,p.S794S; p.S793S,14.90,Benign,43.539
7,151945215,151945215,KMT2C,c.2304A>G; c.2307A>G,p.S769S; p.S768S,15.48,Likely Benign,3.158
7,151945228,151945228,KMT2C,c.2294C>T; c.2291C>T,p.S765F; p.S764F,6.78,Uncertain Significance,0.012
7,151945256,151945256,KMT2C,c.2263C>T; c.2266C>T,p.Q756*; p.Q755*,2.68,Likely Pathogenic,0.563
7,151945291,151945291,KMT2C,c.2228C>T; c.2231C>T,p.P743L; p.P744L,2.10,Uncertain Significance,0.001
7,151962257,151962257,KMT2C,c.1053G>A; c.1050G>A,p.P351P; p.P350P,5.29,Uncertain Significance,0.100
7,151962265,151962265,KMT2C,c.1042G>A; c.1045G>A,p.D348N; p.D349N,5.17,Uncertain Significance,0.033
7,151962290,151962290,KMT2C,c.1020G>C; c.1017G>C,p.K339N; p.K340N,4.46,Uncertain Significance,0.008
7,151970856,151970856,KMT2C,c.946A>T; c.949A>T,p.T317S; p.T316S,74.80,Benign,50.094
7,151970877,151970877,KMT2C,c.925C>T; c.928C>T,p.P309S; p.P310S,10.90,Uncertain Significance,0.519
7,151970951,151970951,KMT2C,c.854G>A; c.851G>A,p.R284Q; p.R285Q,5.29,Likely Benign,0.327
8,30915971,30915971,WRN,c.15del,p.K5Nfs*15,0.68,Likely Pathogenic,0.003
8,30941211,30941211,WRN,c.1270-4A>T,,1.24,Uncertain Significance,0.000
8,30977943,30977943,WRN,c.2630+10del,,1.36,Uncertain Significance,0.002
8,30982451,30982451,WRN,c.2760A>G,p.K920K,1.56,Uncertain Significance,
8,31024654,31024654,WRN,c.4099T>C,p.C1367R,87.25,Benign,23.683
8,38285914,38285916,FGFR1,c.129_131del; c.372_374del; c.495_497del; c.396_398del,p.D44del; p.D133del; p.D125del; p.D166del,1.08,Likely Pathogenic,0.014
8,41794934,41794934,KAT6A,c.3192G>A,p.T1064T,47.20,Benign,20.756
8,41798420,41798422,KAT6A,c.2977_2979del,p.E993del,0.76,Uncertain Significance,0.006
8,90958422,90958422,NBN,c.1704A>G; c.2016A>G; c.1770A>G; c.1846-2828A>G; c.1947A>G,p.P568P; p.P672P; p.P649P; p.P590P,37.22,Benign,34.291
8,90965666,90965666,NBN,c.1405del; c.1339del; c.1651del,p.R469Gfs*8; p.R551Gfs*8; p.R447Gfs*8,0.58,Pathogenic,
8,90967711,90967711,NBN,c.951T>C; c.1197T>C; c.885T>C,p.D295D; p.D399D; p.D317D,50.06,Benign,47.032
8,90990479,90990479,NBN,c.553G>C; c.307G>C,p.E185Q; p.E103Q,49.72,Benign,34.336
8,90995019,90995019,NBN,c.-195G>A; c.-75-1268G>A; c.102G>A,p.L34L,50.82,Benign,35.143
8,117864952,117864953,RAD21,c.1162-6dup,,4.41,Benign,8.379
8,128750605,128750607,MYC,c.-192_-190del; c.109_111del; c.151_153del; c.154_156del,p.Q37del; p.Q51del; p.Q52del,0.53,Uncertain Significance,0.002
9,36840623,36840623,PAX5,c.1008C>T; c.921C>T; c.810C>T; c.878C>T; c.1110C>T; c.894C>T; c.597C>T; c.981C>T; c.1023C>T; c.786C>T; n.1274C>T; c.791C>T; n.1217C>T,p.T293I; p.Y336Y; p.Y327Y; p.Y307Y; p.Y262Y; p.Y341Y; p.Y199Y; p.Y298Y; p.Y370Y; p.T264I; p.Y270Y,99.84,Benign,86.447
9,86586890,86586890,HNRNPK,c.788G>A; c.860G>A,p.R263Q; p.R287Q,0.97,Uncertain Significance,0.000
9,133755528,133755528,ABL1,c.1497A>G; c.1554A>G,p.E499E; p.E518E,48.71,Benign,6.636
9,133759490,133759492,ABL1,c.1883_1885del; c.1826_1828del,p.K609del; p.K628del,0.68,Uncertain Significance,0.037
9,133760029,133760029,ABL1,c.2352C>G; c.2409C>G,p.P784P; p.P803P,48.49,Benign,7.162
9,133760617,133760617,ABL1,c.2940C>T; c.2997C>T,p.P980P; p.P999P,49.94,Benign,3.362
9,133761001,133761001,ABL1,c.3381A>G; c.3324A>G,p.P1108P; p.P1127P,44.55,Benign,55.454
9,139390945,139390947,NOTCH1,c.7124_7126del; c.7244_7246del; c.4841_4843del; c.7130_7132del,p.P2375del; p.P2415del; p.P2377del; p.P1614del,0.99,Uncertain Significance,0.003
9,139391321,139391321,NOTCH1,c.6756C>T; c.6870C>T; c.4467C>T; c.6750C>T,p.S2290S; p.S1489S; p.S2252S; p.S2250S,49.92,Likely Benign,0.263
9,139391636,139391636,NOTCH1,c.4152C>T; c.6555C>T; c.6441C>T; c.6435C>T,p.D2185D; p.D2145D; p.D1384D; p.D2147D,99.16,Benign,61.822
9,139397707,139397707,NOTCH1,c.4980C>T; c.4974C>T; c.5094C>T; c.2691C>T,p.D1660D; p.D1658D; p.D897D; p.D1698D,50.43,Benign,44.879
9,139405261,139405261,NOTCH1,c.2474-4G>A; c.2588-4G>A; c.185-4G>A,,46.51,Benign,47.788
9,139407932,139407932,NOTCH1,c.-724T>C; c.2265T>C; c.2151T>C,p.N755N; p.N717N,49.87,Benign,40.508
9,139409131,139409131,NOTCH1,c.2038G>A; c.-1923G>A; c.1924G>A,p.D642N; p.D680N,49.51,Uncertain Significance,0.001
9,139418260,139418260,NOTCH1,c.312T>C,p.N104N,99.77,Benign,59.336
10,27322259,27322259,ANKRD26,c.3699del; c.3702del,p.K1233Nfs*19; p.K1234Nfs*19,0.57,Likely Pathogenic,
10,27323995,27323995,ANKRD26,c.3381G>A; c.3384G>A,p.K1127K; p.K1128K,45.04,Likely Benign,1.707
10,27329038,27329038,ANKRD26,c.2228del; c.2231del,p.N743Ifs*8; p.N744Ifs*8,0.97,Uncertain Significance,0.001
10,27333122,27333123,ANKRD26,c.1983-4_1983-3del; c.1986-4_1986-3del,,2.31,Uncertain Significance,0.422
10,27337806,27337808,ANKRD26,c.1736_1738del,p.D579del,0.61,Likely Benign,0.003
10,27381349,27381349,ANKRD26,c.624A>G,p.V208V,51.55,Benign,24.163
10,27389197,27389197,ANKRD26,c.59A>G,p.Q20R,49.77,Benign,89.948
10,72360387,72360387,PRF1; PALD1,c.272C>T; c.2250+36112G>A; c.*17+1547G>A,p.A91V,49.76,Likely Benign,2.916
10,89692921,89692921,PTEN,c.360A>T; c.405A>T; c.-346A>T; c.924A>T,p.I120I; p.I308I; p.I135I,1.63,Uncertain Significance,
10,89692923,89692923,PTEN,c.926G>A; c.-344G>A; c.362G>A; c.407G>A,p.C136Y; p.C309Y; p.C121Y,1.67,Pathogenic,
10,90767482,90767482,FAS,n.388A>G; n.531A>G; n.301A>G; n.276-2814A>G; c.267A>G; n.363-2814A>G; c.222A>G,p.T89T; p.T74T,48.99,Benign,6.007
10,90771829,90771829,FAS,n.411T>C; n.612T>C; n.951T>C; n.538+1257T>C; n.474T>C; c.568+1257T>C; n.808T>C; c.687T>C; n.549T>C; n.561T>C; c.579T>C; c.642T>C,p.T193T; p.T229T; p.T214T,99.85,Benign,76.186
10,112357944,112357944,SMC3,c.2164G>A,p.E722K,1.04,Uncertain Significance,
10,112361870,112361870,SMC3,c.3039A>G,p.S1013S,99.81,Benign,99.598
10,123239112,123239112,FGFR2,c.2107C>T; c.*259C>T; n.3161C>T; c.*453C>T,p.L703L,99.82,Benign,53.214
10,123298158,123298158,FGFR2,n.984A>G; c.429A>G; c.696A>G; c.351A>G,p.V232V; p.V143V; p.V117V,48.35,Benign,78.012
11,30033191,30033191,KCNA4,c.1035C>T,p.G345G,99.33,Benign,17.601
11,30033563,30033563,KCNA4,c.663del,p.F221Lfs*21,0.94,Uncertain Significance,0.000
11,30034029,30034031,KCNA4,c.195_197del,p.H65del,1.00,Uncertain Significance,0.006
11,32456562,32456562,WT1-AS; WT1,c.345C>T; n.-502G>A; n.524C>T; c.-1044C>T; c.-1353C>T; n.-1023G>A,p.P115P,42.76,Benign,24.419
11,32456694,32456694,WT1-AS; WT1,n.-891C>A; c.213G>T; c.-1176G>T; n.392G>T; c.-1485G>T; n.-370C>A,p.P71P,48.67,Benign,23.604
11,64545608,64545610,SF1,c.31+224_31+226del; c.-687_-685del; c.-239+224_-239+226del; c.255_257del,p.P90del,0.54,Uncertain Significance,
11,72945341,72945341,P2RY2,c.137C>T,p.P46L,49.31,Benign,92.488
11,85968623,85968623,EED,c.619C>T; c.514C>T; c.799C>T,p.L172L; p.L267L; p.L207L,51.24,Benign,36.301
11,108043988,108043988,NPAT,c.1723G>A,p.V575I,46.98,Benign,60.114
11,108044091,108044091,NPAT,c.1620A>T,p.L540F,49.94,Benign,11.752
11,108183167,108183167,C11orf65; ATM,c.5948A>G; c.641-3369T>C; c.*39-3369T>C; c.5948A>G *,p.N1983S; p.S1983S,99.90,Benign,100.000
11,118307414,118307416,KMT2A; ENSG00000285827,c.200_202del; c.-798-32063_-798-32061del; c.214-10913_214-10911del,p.A67del,1.36,Benign,0.792
11,118344494,118344495,KMT2A; ENSG00000285827,c.503-391_503-390del; c.2728_2729del; c.2629_2630del; c.1399_1400del,p.D877Pfs*8; p.D467Pfs*8; p.D910Pfs*8,0.66,Likely Pathogenic,0.000
11,119077233,119077235,CBL,c.125_127del,p.H42del,1.73,Likely Benign,0.055
11,119149356,119149358,CBL,c.1380_1382del,p.D460del,0.67,Uncertain Significance,0.004
12,22796804,22796804,ETNK1,c.531C>T; c.264C>T,p.V88V; p.V177V,48.84,Likely Benign,2.570
12,25368462,25368462,KRAS,c.451-5617G>A; c.253-5617G>A; c.376-5617G>A; c.483G>A *; c.483G>A,p.R161R,99.71,Benign,99.949
12,111872722,111872722,SH2B3,c.17T>C; c.733-11835T>C,p.L6P,50.95,Likely Benign,2.496
13,19748038,19748038,TUBA3C,c.1318G>A,p.V440M,49.59,Benign,4.240
13,19751229,19751229,TUBA3C,c.894A>G,p.P298P,47.73,Benign,4.907
13,19751274,19751274,TUBA3C,c.849C>T,p.H283H,3.81,Uncertain Significance,0.007
13,19751289,19751289,TUBA3C,c.834C>T,p.A278A,2.53,Uncertain Significance,0.009
13,19751586,19751586,TUBA3C,c.537G>A,p.T179T,1.28,Uncertain Significance,0.002
13,19751657,19751657,TUBA3C,c.466C>A,p.R156R,49.98,Benign,4.181
13,19751694,19751694,TUBA3C,c.429T>C,p.G143G,50.55,Benign,4.095
13,19752539,19752540,TUBA3C,c.227-6_227-5del,,51.62,Benign,4.184
13,19753554,19753554,TUBA3C,c.153G>A,p.T51T,36.38,Benign,4.174
13,19753575,19753575,TUBA3C,c.132T>C,p.G44G,38.44,Benign,4.178
13,19753629,19753629,TUBA3C,c.78G>T,p.L26L,0.66,Uncertain Significance,
13,28609813,28609814,FLT3,c.1419-4dup; n.1485-4dup,,3.77,Uncertain Significance,0.541
13,28609814,28609814,FLT3,c.1419-4del; n.1485-4del,,8.83,Uncertain Significance,0.286
13,28610183,28610183,FLT3,n.1376-3T>C; c.1310-3T>C,,51.41,Uncertain Significance,70.039
13,28624294,28624294,FLT3,n.746C>T; c.680C>T,p.T227M,49.28,Benign,59.806
13,28636084,28636084,FLT3,n.354C>T; c.288C>T,p.D96D,99.87,Benign,98.285
13,32906729,32906729,BRCA2,n.1313A>C; c.424+1562A>C; c.745A>C; c.1114A>C,p.N249H; p.N372H,47.94,Benign,27.333
13,32907421,32907421,BRCA2,n.2012del; c.424+2261del; c.1444del; c.1813del,p.I605Yfs*9; p.I482Yfs*9,1.15,Pathogenic,0.003
13,32913055,32913055,BRCA2,c.4563A>G; n.4762A>G; c.425-5640A>G; c.4194A>G; c.1909+5531A>G,p.L1398L; p.L1521L,85.80,Benign,99.275
13,32915005,32915005,BRCA2,c.425-3690G>C; c.1910-3690G>C; c.6144G>C; c.6513G>C; n.6712G>C,p.V2048V; p.V2171V,96.35,Benign,99.253
13,32929387,32929387,BRCA2,c.980T>C; c.7301T>C; c.7028T>C; c.7397T>C; n.7596T>C; c.2465T>C,p.V2434A; p.V2343A; p.V2466A; p.V327A; p.V822A,99.87,Benign,99.343
13,32954023,32954023,BRCA2,c.2680del; c.4165del; c.9046del; c.8728del; c.9001del; c.9097del; n.9360del,p.T1389Lfs*29; p.T3033Lfs*29; p.T2910Lfs*29; p.T3016Lfs*29; p.T894Lfs*29; p.T3001Lfs*29,1.64,Pathogenic,0.001
14,86088056,86088056,FLRT2,c.198T>C,p.T66T,97.26,Benign,99.769
15,66727454,66727456,MAP2K1,c.170_172delinsGAT; c.104_106delinsGAT,p.K35_Q36delinsR*; p.K57_Q58delinsR*,1.07,Uncertain Significance,
15,74325024,74325024,PML,c.1366G>A; c.1255-3324G>A; c.1255-473G>A; c.1255-1795G>A,p.A456T,48.57,Uncertain Significance,0.033
15,74336633,74336633,PML,c.1789T>C; c.1933T>C,p.F597L; p.F645L,47.66,Benign,34.517
15,82558034,82558034,SAXO2,c.178G>C; c.-20G>C; c.28+2505G>C; c.53+2761G>C; c.37G>C,p.A60P; p.A13P,39.37,Benign,61.085
15,82574461,82574461,SAXO2,c.294C>T; c.435C>T; c.255C>T; c.30C>T; c.210C>T; c.235C>T,p.D70D; p.D145D; p.D85D; p.D10D; p.D98D; p.R79*,49.36,Benign,2.569
15,82574734,82574735,SAXO2,c.483_484del; c.708_709del; c.528_529del; c.*265_*266del; c.303_304del; c.567_568del,p.R102Lfs*2; p.R237Lfs*2; p.R177Lfs*2; p.R190Lfs*2; p.R162Lfs*2,46.76,Uncertain Significance,0.575
15,88576185,88576185,NTRK3,c.1464C>G; c.1194C>G; c.1170C>G; c.1488C>G,p.A488A; p.A398A; p.A496A; p.A390A,50.45,Benign,34.875
15,88679785,88679785,NTRK3,c.384C>T; c.678C>T *; c.678C>T,p.N226N; p.N128N,99.61,Benign,99.673
15,91295064,91295064,BLM,c.-445A>G; c.847A>G,p.T283A,1.05,Uncertain Significance,0.003
15,91304139,91304139,BLM,c.419del; c.1544del,p.N515Mfs*16; p.N140Mfs*16,3.69,Pathogenic,0.004
16,3778401,3778403,CREBBP,c.6645_6647del; c.6531_6533del,p.Q2216del; p.Q2178del,0.53,Uncertain Significance,0.003
16,3808052,3808053,CREBBP,c.3370-4dup; c.3256-4dup,,4.70,Benign,12.920
16,3808053,3808053,CREBBP,c.3370-4del; c.3256-4del,,15.20,Benign,25.610
16,67646013,67646014,CTCF,c.950_951del; c.-32-4626_-32-4625del,p.T317Rfs*91,0.99,Likely Pathogenic,0.000
16,89805261,89805261,ZNF276; FANCA,c.4260+29T>C; c.4164T>C; n.2607A>G; c.4293T>C; n.2490A>G; c.*607A>G; n.2524A>G; c.4264+29T>C; n.2430A>G,p.H1388H; p.H1431H,41.64,Benign,70.470
16,89806347,89806347,ZNF276; FANCA,c.3934+55T>A; n.3693A>T; n.3516A>T; n.3576A>T; c.3805+55T>A; c.*1693A>T; n.3610A>T,,50.12,Benign,52.514
16,89866043,89866043,FANCA,c.700A>G; c.796A>G,p.T234A; p.T266A,48.98,Benign,52.203
17,260142,260142,C17orf97; LOC105371430; LIAT1,c.9G>T; n.330+2778C>A,p.T3T,48.28,Benign,31.608
17,260182,260182,C17orf97; LOC105371430; LIAT1,n.330+2738A>G; c.49T>C,p.L17L,45.89,Benign,30.542
17,263292,263292,C17orf97; LOC105371430; LIAT1,c.304+2855G>A; c.658G>A; n.46-88C>T,p.D220N,49.43,Benign,3.639
17,263294,263294,C17orf97; LOC105371430; LIAT1,c.304+2857C>G; n.46-90G>C; c.660C>G,p.D220E,50.26,Benign,23.003
17,263322,263322,C17orf97; LOC105371430; LIAT1,c.304+2885G>A; n.46-118C>T; c.688G>A,p.E230K,38.02,Likely Benign,1.076
17,263336,263336,C17orf97; LOC105371430; LIAT1,n.46-132G>A; c.304+2899C>T; c.702C>T,p.G234G,33.43,Uncertain Significance,0.318
17,263456,263456,C17orf97; LOC105371430; LIAT1,c.304+3019T>C; n.46-252A>G; c.822T>C,p.G274G,4.11,Likely Benign,0.016
17,263486,263486,C17orf97; LOC105371430; LIAT1,n.46-282A>G; c.852T>C; c.304+3049T>C,p.G284G,36.09,Likely Benign,0.112
17,263493,263495,C17orf97; LOC105371430; LIAT1,c.859_861delinsCCC; c.304+3056_304+3058delinsCCC; n.45+275_45+277delinsGGG,p.I287P,44.29,Uncertain Significance,
17,263576,263576,C17orf97; LOC105371430; LIAT1,c.304+3139T>C; n.45+194A>G; c.942T>C,p.G314G,8.22,Likely Benign,0.215
17,263682,263682,C17orf97; LOC105371430; LIAT1,c.304+3245G>A; n.45+88C>T; c.1048G>A,p.E350K,2.66,Uncertain Significance,0.001
17,1578939,1578939,PRPF8,c.2847G>A; c.2712G>A,p.P949P; p.P904P,48.16,Benign,21.339
17,1580929,1580929,PRPF8,c.1914C>G; c.1779C>G,p.L638L; p.L593L,47.25,Benign,21.727
17,1584324,1584324,PRPF8,c.891T>C,p.N297N,47.93,Benign,21.785
17,1585130,1585130,PRPF8,c.637T>C,p.L213L,49.20,Benign,18.802
17,7579472,7579472,TP53,c.98C>G; c.215C>G; c.-1020C>G; c.-939C>G; n.357C>G,p.P72R; p.P33R,96.37,Uncertain Significance,66.289
17,16842912,16842912,TNFRSF13B,c.693T>C; c.831T>C,p.S277S; p.S231S,99.91,Benign,49.363
17,16842991,16842991,TNFRSF13B,c.752C>T; c.614C>T,p.P205L; p.P251L,48.74,Benign,13.813
17,16852206,16852206,TNFRSF13B,c.291T>G; c.153T>G,p.P97P; p.P51P,48.18,Benign,4.075
17,16855878,16855878,TNFRSF13B,c.81G>A; c.62-3581G>A,p.T27T,99.71,Benign,80.823
17,29490295,29490295,NF1,c.380G>A,p.G127E,0.90,Likely Pathogenic,
17,29508775,29508775,NF1,c.702G>A,p.L234L,99.96,Benign,62.010
17,29528142,29528142,NF1,c.1150T>C,p.F384L,2.89,Likely Pathogenic,
17,29541476,29541476,NF1,c.1430C>T; c.1445C>T; c.1400C>T,p.T482I; p.T477I; p.T467I,1.52,Pathogenic,
17,29554541,29554541,NF1,c.2356G>A; c.2371G>A; c.2326G>A,p.A786T; p.A791T; p.A776T,0.53,Pathogenic,
17,29554582,29554582,NF1,c.2397G>A; c.2367G>A; c.2412G>A,p.K799K; p.K789K; p.K804K,17.89,Uncertain Significance,
17,29554589,29554589,NF1,c.2419C>T; c.2374C>T; c.2404C>T,p.L802F; p.L792F; p.L807F,16.28,Pathogenic,
17,30264426,30264428,SUZ12,c.175_177del,p.S59del,0.63,Likely Benign,0.222
17,30267331,30267331,SUZ12,c.301C>T,p.R101*,0.67,Likely Pathogenic,
17,30302737,30302737,SUZ12,c.754+15del; c.823+15del,,10.37,Likely Benign,2.318
17,30303572,30303572,SUZ12,c.856C>T; c.787C>T,p.R263*; p.R286*,0.65,Likely Pathogenic,
17,30323878,30323878,SUZ12,c.1856T>C; c.1787T>C,p.L596P; p.L619P,1.50,Uncertain Significance,
17,37922259,37922259,IKZF3,c.1080C>T; c.651C>T; c.1197C>T; c.1029C>T; c.912C>T; c.768C>T; c.573C>T; c.1095C>T; c.1212C>T; c.1314C>T; c.1053C>T; c.1146C>T; c.885C>T,p.S438S; p.S217S; p.S404S; p.S304S; p.S343S; p.S365S; p.S399S; p.S256S; p.S295S; p.S382S; p.S360S; p.S351S; p.S191S,46.22,Benign,40.115
17,40370235,40370236,STAT5B,c.1099dup; c.1102dup,p.Q368Pfs*9; p.Q367Pfs*9,0.88,Uncertain Significance,0.004
17,40370236,40370236,STAT5B,c.1099del; c.1102del,p.Q368Rfs*2; p.Q367Rfs*2,0.94,Uncertain Significance,0.000
17,41223094,41223094,BRCA1,c.310A>G; c.4903A>G; c.4759A>G; c.4711A>G; c.4900A>G; c.1387A>G; c.-98-20887A>G; c.1525A>G; c.3949A>G; c.4696A>G; c.1444A>G; c.4624A>G; c.5-7126A>G; c.4834A>G; c.4837A>G,p.S1587G; p.S1566G; p.S1317G; p.S104G; p.S463G; p.S482G; p.S1613G; p.S1571G; p.S1635G; p.S1634G; p.S1612G; p.S509G; p.S1542G,50.31,Benign,34.998
17,41234470,41234470,BRCA1,c.4095T>C; c.918T>C; c.-43-7932T>C; c.5-18502T>C; c.4182T>C; c.858T>C; c.-98-32263T>C; c.4308T>C; c.4167T>C; c.3420T>C; c.4230T>C; c.996T>C; c.999T>C,p.S1140S; p.S306S; p.S1394S; p.S1365S; p.S1410S; p.S1389S; p.S332S; p.S1436S; p.S333S; p.S286S,48.19,Benign,34.330
17,41244000,41244000,BRCA1,c.3470A>G; c.3422A>G; c.3335A>G; c.-43-17462A>G; c.5-28032A>G; c.707-951A>G; c.-99+33288A>G; c.3548A>G; c.3407A>G; c.647-951A>G; c.2660A>G; c.788-951A>G; c.785-951A>G,p.K1112R; p.K1157R; p.K1136R; p.K887R; p.K1183R; p.K1141R,49.34,Benign,34.855
17,41244435,41244435,BRCA1,c.-43-17897A>G; c.647-1386A>G; c.-99+32853A>G; c.2225A>G; c.3113A>G; c.2987A>G; c.5-28467A>G; c.788-1386A>G; c.785-1386A>G; c.2972A>G; c.3035A>G; c.2900A>G; c.707-1386A>G,p.E991G; p.E1038G; p.E996G; p.E742G; p.E1012G; p.E967G,47.86,Benign,34.300
17,41244936,41244936,BRCA1,c.2486C>T; c.2399C>T; c.787+1825C>T; c.2471C>T; c.646+1825C>T; c.706+1825C>T; c.5-28968C>T; c.784+1825C>T; c.1724C>T; c.2534C>T; c.-43-18398C>T; c.-99+32352C>T; c.2612C>T,p.P575L; p.P829L; p.P871L; p.P800L; p.P824L; p.P845L,45.73,Benign,41.275
17,41245237,41245237,BRCA1,c.2185T>C; c.5-29269T>C; c.706+1524T>C; c.646+1524T>C; c.784+1524T>C; c.2233T>C; c.-43-18699T>C; c.2170T>C; c.-99+32051T>C; c.2311T>C; c.1423T>C; c.2098T>C; c.787+1524T>C,p.L724L; p.L700L; p.L745L; p.L771L; p.L475L; p.L729L,49.28,Benign,34.216
17,41245466,41245466,BRCA1,c.706+1295C>T; c.1956C>T; c.1194C>T; c.1869C>T; c.2004C>T; c.-99+31822C>T; c.2082C>T; c.787+1295C>T; c.5-29498C>T; c.-43-18928C>T; c.784+1295C>T; c.646+1295C>T; c.1941C>T,p.S623S; p.S668S; p.S694S; p.S398S; p.S652S; p.S647S,46.88,Benign,34.860
17,41245471,41245471,BRCA1,c.1864G>A; c.706+1290G>A; c.-99+31817G>A; c.646+1290G>A; c.-43-18933G>A; c.5-29503G>A; c.784+1290G>A; c.2077G>A; c.1189G>A; c.1999G>A; c.787+1290G>A; c.1936G>A; c.1951G>A,p.D651N; p.D693N; p.D646N; p.D397N; p.D667N; p.D622N,51.43,Benign,5.800
17,41245587,41245587,BRCA1,c.646+1174del; c.1835del; c.1073del; c.1883del; c.1748del; c.-99+31701del; c.1961del; c.5-29619del; c.-43-19049del; c.787+1174del; c.784+1174del; c.706+1174del; c.1820del,p.K358Sfs*47; p.K583Sfs*47; p.K607Sfs*47; p.K628Sfs*47; p.K612Sfs*47; p.K654Sfs*47,1.63,Pathogenic,0.001
17,74732507,74732507,MFSD11; SRSF2,c.-1928A>G; c.-1812A>G; c.-733A>G; c.-1623A>G; n.573T>C; n.-1694A>G; c.402T>C; c.-1530A>G; c.402T>C *; c.-1645A>G; c.-738A>G; n.-209A>G; c.-1269A>G; c.366T>C,p.S122S; p.S134S,100,Benign,99.703
17,74733099,74733099,MFSD11; MIR636; SRSF2,n.-1102G>A; c.-141G>A; n.-469C>T; c.-1336G>A; c.-1053G>A; n.315C>T; c.-938G>A; c.-146G>A; c.-1220G>A; c.-1031G>A; n.384G>A; c.144C>T; c.-677G>A,p.D48D,47.44,Benign,88.440
18,42456653,42456653,SETBP1,c.540+7405G>A; c.664G>A,p.A222T,46.59,Benign,52.534
18,42456670,42456671,SETBP1,c.540+7422_540+7423insTCTT; c.681_682insTCTT,p.T228Sfs*8,47.72,Benign,52.471
18,42529996,42529996,SETBP1,c.691G>C,p.V231L,46.34,Benign,19.023
18,42533130,42533130,SETBP1,c.3825A>G,p.S1275S,99.66,Benign,88.475
19,7711221,7711221,STXBP2,c.1443T>C; n.1458T>C; c.48T>C; c.1347T>C; c.1476T>C; c.1434T>C,p.D481D; p.D492D; p.D478D; p.D449D; p.D16D,51.54,Benign,42.083
19,7712277,7712277,STXBP2,c.1480A>G; c.1609A>G; c.1576A>G; c.1538+144A>G; n.1591A>G; c.181A>G; c.1567A>G,p.I61V; p.I494V; p.I523V; p.I526V; p.I537V,99.86,Benign,64.010
19,10262139,10262139,DNMT1,c.2152del; c.2200del; c.1837del,p.M613Cfs*59; p.M718Cfs*59; p.M734Cfs*59,0.57,Uncertain Significance,
19,10265312,10265312,DNMT1,c.1419A>G; c.1734A>G; c.1782A>G,p.T578T; p.T594T; p.T473T,99.89,Benign,99.074
19,45284236,45284236,CBLC,c.428A>G,p.K143R,8.60,Uncertain Significance,
19,45296806,45296806,CBLC,c.1213C>T; c.1075C>T,p.H405Y; p.H359Y,49.01,Uncertain Significance,2.521
19,56180968,56180968,U2AF2,c.1191C>T; c.1203C>T,p.D397D; p.D401D,99.92,Benign,86.871
19,56180992,56180992,U2AF2,c.1215C>T; c.1227C>T,p.Y405Y; p.Y409Y,49.06,Uncertain Significance,0.250
20,30946592,30946594,ASXL1,c.-508_-506del; c.25_27del; c.-947_-945del,p.K9del,0.84,Likely Benign,0.035
20,31021347,31021347,ASXL1,c.1346A>G; c.1331A>G; c.1163A>G,p.Y449C; p.Y388C; p.Y444C,47.69,Uncertain Significance,0.002
20,31022441,31022442,ASXL1,c.1934dup; c.1751dup; c.1919dup; c.1869+65dup,p.G646Wfs*12; p.G585Wfs*12; p.G641Wfs*12,1.10,Pathogenic,0.050
20,31022442,31022442,ASXL1,c.1919del; c.1869+65del; c.1934del; c.1751del,p.G645Vfs*58; p.G584Vfs*58; p.G640Vfs*58,0.98,Pathogenic,0.029
20,31022959,31022959,ASXL1,c.1869+575T>C; c.2429T>C; c.2261T>C *; c.2261T>C; c.2444T>C *,p.L754P; p.P815P; p.P754P; p.L810P,98.11,Benign,99.999
20,43252915,43252915,ADA,c.609A>G; c.597A>G; c.217-1196A>G; c.531A>G; c.217-1344A>G; n.626A>G; c.381A>G; c.534A>G; c.129A>G; c.219-1344A>G; c.612A>G; c.66-1344A>G,p.V43V; p.V127V; p.V204V; p.V203V; p.V177V; p.V199V; p.V178V,50.23,Benign,20.183
20,43264927,43264927,ADA,c.-254G>A; n.128G>A; c.36G>A; c.99G>A; c.-115G>A; c.114G>A; c.-118G>A; c.111G>A,p.V33V; p.V12V; p.V37V; p.V38V,99.82,Benign,99.525
20,57478807,57478807,GNAS,c.393C>T; c.396C>T; c.*299C>T; c.174C>T; c.*296C>T; c.351C>T; c.2322C>T; c.2325C>T; c.*254C>T; c.66C>T; c.297C>T; c.*305C>T; c.219C>T; c.2277C>T; c.216C>T; c.348C>T,p.I775I; p.I117I; p.I72I; p.I116I; p.I73I; p.I759I; p.I132I; p.I131I; p.I58I; p.I22I; p.I99I; p.I774I,50.80,Benign,54.473
20,62292822,62292824,RTEL1-TNFRSF6B; RTEL1,c.-383_-381del; n.1114_1116del; c.287_289del,p.A96del,1.19,Uncertain Significance,0.025
20,62320968,62320968,RTEL1-TNFRSF6B; RTEL1,c.1992T>C; n.2819T>C; c.1323T>C; c.2064T>C,p.D688D; p.D664D; p.D441D,97.43,Benign,74.921
20,62321655,62321655,RTEL1-TNFRSF6B; RTEL1,c.2274G>A; c.1605G>A; c.2346G>A; n.3101G>A,p.A535A; p.A758A; p.A782A,97.49,Benign,74.190
20,62322288,62322288,RTEL1-TNFRSF6B; RTEL1,c.2544T>C; c.2616T>C; n.3371T>C; c.1875T>C,p.P625P; p.P848P; p.P872P,99.36,Benign,75.007
20,62326110,62326110,RTEL1-TNFRSF6B; RTEL1; TNFRSF6B,n.3953A>C; c.2457A>C; c.-2011A>C; c.3126A>C; c.3198A>C,p.Q1042H; p.Q819H; p.Q1066H,99.49,Benign,75.489
20,62326579,62326579,RTEL1-TNFRSF6B; RTEL1; TNFRSF6B,c.3571+5G>T; c.2830+5G>T; c.3499+5G>T; c.-1542G>T; n.4326+5G>T,,47.78,Benign,14.281
20,62327199,62327199,RTEL1-TNFRSF6B; RTEL1; TNFRSF6B,c.-922A>G; c.3891A>G; n.4718A>G; c.*61A>G,p.P1297P,49.74,Benign,5.938
21,36164603,36164603,RUNX1,c.1191G>A; c.1272G>A,p.S424S; p.S397S,5.41,Uncertain Significance,
21,36171735,36171735,RUNX1,c.830del; c.749del,p.P250Hfs*34; p.P277Hfs*34,47.40,Likely Pathogenic,
22,17662793,17662793,ADA2,c.1359T>C; c.636T>C; c.1233T>C; c.999T>C; c.753T>C,p.Y251Y; p.Y453Y; p.Y212Y; p.Y411Y; p.Y333Y,48.76,Benign,25.903
22,17662917,17662917,ADA2,c.1114-5C>G; c.517-5C>G; c.634-5C>G; c.1240-5C>G; c.880-5C>G,,48.46,Benign,24.953
22,17690409,17690409,ADA2,c.33C>T; c.-38-2229C>T; c.159C>T,p.N11N; p.N53N,99.94,Benign,43.280
22,23523630,23523630,BCR,c.483C>A,p.I161I,46.45,Benign,28.124
22,23627369,23627369,BCR,c.2387A>G,p.N796S,99.74,Benign,81.784
22,23651619,23651619,BCR,c.3021G>A; c.2889G>A,p.P963P; p.P1007P,30.56,Likely Benign,0.202
22,23653880,23653880,BCR,c.3183-4G>A; c.3051-4G>A,,75.54,Benign,38.099
22,23653975,23653976,BCR,c.3143_3146dup; c.3275_3278dup,p.V1050Rfs*17; p.V1094Rfs*17,21.68,Uncertain Significance,0.280
22,23655084,23655084,BCR,c.3333C>T; c.3201C>T,p.D1067D; p.D1111D,99.81,Benign,18.052
22,24167513,24167513,SMARCB1,c.897G>A; c.759G>A; c.951G>A; c.924G>A; c.870G>A,p.S253S; p.S299S; p.S290S; p.S317S; p.S308S,48.67,Benign,11.202
22,29083909,29083909,CHEK2,c.1608A>G; c.1737A>G; c.948A>G; c.1335A>G; c.945A>G; c.1521A>G; c.1407A>G,p.P316P; p.P579P; p.P469P; p.P536P; p.P315P; p.P445P; p.P507P,1.45,Uncertain Significance,0.000
22,29090054,29090054,CHEK2,c.1154C>T; c.764C>T; c.1427C>T; c.1226C>T; c.1340C>T; c.1556C>T; c.767C>T,p.T256M; p.T476M; p.T255M; p.T385M; p.T409M; p.T519M; p.T447M,7.40,Uncertain Significance,0.031
22,29091142,29091142,CHEK2,c.1261G>A; c.685G>A; c.1075G>A; c.1348G>A; c.688G>A; c.1477G>A; c.1147G>A,p.E421K; p.E229K; p.E359K; p.E383K; p.E493K; p.E450K; p.E230K,6.10,Likely Pathogenic,
22,30742328,30742330,SF3A1,c.364_366del,p.Q122del,0.71,Uncertain Significance,0.006
22,41548008,41548008,EP300,c.2911A>G; c.2989A>G,p.I971V; p.I997V,48.63,Benign,29.946
22,41551039,41551039,EP300,c.3183T>A; c.3105T>A,p.T1061T; p.T1035T,48.39,Benign,65.695
22,41566525,41566525,EP300,c.4408del; c.4330del,p.M1444Cfs*26; p.M1470Cfs*26,0.78,Pathogenic,
X,15343205,15343205,PIGA,n.660G>T; c.216G>T; n.376G>T; c.918G>T,p.L72L; p.L306L,2.22,Uncertain Significance,
X,15838366,15838366,ZRSR2,c.864C>T; c.786C>T,p.N288N; p.N262N,99.91,Benign,52.758
X,34148806,34148844,FAM47A,c.1552_1590del,p.R518_L530del,95.74,Benign,6.145
X,39933339,39933339,BCOR,c.1260T>C,p.D420D,95.16,Benign,89.920
X,47057647,47057647,UBA1,c.1-555A>G,,100,Benign,99.806
X,76937963,76937963,ATRX,c.2785C>G; c.2671C>G; c.2785C>G *; c.2671C>G *,p.Q929E; p.Q891E; p.E929E; p.E891E,98.17,Benign,38.534
X,129147079,129147079,BCORL1,c.331T>C *; c.331T>C,p.F111L; p.L111L,95.69,Benign,99.998
X,130678467,130678467,IGSF1; OR13H1,c.420A>G; c.-913+34175T>C,p.V140V,99.93,Benign,64.296
X,130678596,130678596,IGSF1; OR13H1,c.549C>G; c.-913+34046G>C,p.L183L,100,Benign,27.233
X,130678844,130678844,IGSF1; OR13H1,c.797A>C; c.-913+33798T>G,p.Y266S,97.49,Benign,64.337
X,153994596,153994596,DKC1,n.471G>T; n.948G>T; c.-241G>T; c.369G>T; c.282G>T,p.T123T; p.T94T,99.92,Benign,99.752
X,153999117,153999117,DKC1,c.960T>G; n.1697T>G; n.1471T>G; n.1578T>G; c.879T>G; c.999T>G; c.390T>G; c.912T>G,p.I333M; p.I320M; p.I304M; p.I293M; p.I130M,0.96,Uncertain Significance,
X,154005088,154005089,DKC1,n.1984_1986dup; c.*738_*740dup; n.2210_2212dup; c.*471_*473dup; n.2091_2093dup; c.1392_1394dup; c.1473_1475dup; c.1511_1513dup; c.903_905dup; c.1497_1499dup; c.1425_1427dup; c.1512_1514dup,p.K465dup; p.K500dup; p.K302dup; p.K505dup; p.R504dup; p.K492dup; p.K476dup,0.51,Likely Benign,0.707

