Chromosome,Position,End Position,Gene Symbol,Transcript Variant,Protein Variant,1937D - Allele Fraction,Classification,gnomAD Frequency
1,12918885,12918885,PRAMEF2,c.21G>C,p.P7P,0.91,Likely Benign,0.393
1,12918963,12918963,PRAMEF2,c.99G>T,p.R33S,93.61,Benign,10.577
1,12919064,12919064,PRAMEF2,c.200T>G,p.V67G,92.99,Benign,16.656
1,12919079,12919079,PRAMEF2,c.215C>G,p.T72R,98.34,Benign,10.738
1,12919587,12919587,PRAMEF2,c.327T>C,p.D109D,99.38,Benign,24.064
1,12919623,12919624,PRAMEF2,c.363_364delinsTG,p.L122V,99.25,Likely Benign,
1,12919928,12919928,PRAMEF2,c.668A>G,p.K223R,98.56,Benign,10.909
1,12919934,12919934,PRAMEF2,c.674A>G,p.Y225C,98.75,Benign,15.327
1,12919963,12919963,PRAMEF2,c.703T>G,p.C235G,98.71,Benign,11.623
1,12920067,12920067,PRAMEF2,c.807C>G,p.L269L,98.72,Benign,10.879
1,12921110,12921110,PRAMEF2,c.901A>G,p.T301A,98.20,Benign,10.748
1,12921127,12921127,PRAMEF2,c.918A>G,p.L306L,98.66,Benign,26.699
1,12921132,12921132,PRAMEF2,c.923A>G,p.E308G,97.55,Benign,10.747
1,12921136,12921137,PRAMEF2,c.927_928delinsTG,p.L310V,0.96,Likely Pathogenic,
1,12921332,12921333,PRAMEF2,c.1123_1124delinsCA,p.C375H,96.49,Uncertain Significance,
1,43814993,43814995,MPL,c.1516_1518del; c.1537_1539del,p.L506del; p.L513del,0.51,Uncertain Significance,0.000
1,47685455,47685455,TAL1,c.933A>G; c.456A>G *; c.933A>G *,p.K311K; p.K152K,98.31,Benign,100.000
1,65306997,65306997,JAK1,c.2451del; c.2475del; c.2448del; c.2580del; c.2577del; c.2574del,p.K816Nfs*16; p.K817Nfs*16; p.K858Nfs*16; p.K859Nfs*16; p.K860Nfs*16; p.K825Nfs*16,0.97,Pathogenic,
1,65310489,65310489,JAK1,c.2199A>G; c.2067A>G; c.2070A>G; c.2193A>G; c.2196A>G,p.P690P; p.P733P; p.P689P; p.P731P; p.P732P,49.78,Benign,30.343
1,65312342,65312342,JAK1,c.1977C>T; c.1845C>T; c.1848C>T; c.1974C>T; c.1971C>T,p.R658R; p.R659R; p.R615R; p.R657R; p.R616R,49.14,Benign,3.343
1,65335121,65335121,JAK1,c.514C>T; c.520C>T,p.R172*; p.R174*,0.85,Pathogenic,
1,190423913,190423913,BRINP3,c.-8G>A; c.108G>A,p.S36S,43.61,Uncertain Significance,0.001
2,25536827,25536827,DNMT3A,c.27C>T; n.258C>T,p.P9P,50.76,Benign,9.343
2,47739551,47739551,KCNK12; MSH2,n.2748A>G; n.3260A>G; c.*133A>G; c.1847A>G; n.2622A>G; c.2324A>G; n.3103A>G; n.2974A>G; n.2913A>G; c.1388A>G; n.2630A>G; c.2744A>G; n.2575A>G; c.2594A>G; c.2711A>G; n.2780A>G; c.*8495T>C,p.Q904R; p.Q915R; p.Q865R; p.Q616R; p.Q463R; p.Q775R,48.06,Benign,42.795
2,48010488,48010488,MSH6,c.-984G>A; c.-468G>A; c.116G>A; c.-69+118G>A; c.-879G>A; c.-791G>A; c.-724G>A; c.-424G>A; c.-890G>A; c.-1233G>A; c.-38+118G>A; c.-1134G>A; c.-213G>A; c.-37-7578G>A; n.205G>A; c.-695G>A; c.-794G>A; c.-467G>A; c.-813G>A; c.-621G>A; c.-1399G>A; c.-280+118G>A; c.61G>A,p.G21R; p.G39E,44.18,Benign,18.288
2,198257795,198257795,SF3B1,c.3657A>G,p.V1219V,99.59,Benign,66.086
2,198265526,198265526,SF3B1,c.2631T>C,p.G877G,99.57,Benign,66.033
2,198283305,198283305,SF3B1,c.423A>G,p.K141K,99.87,Benign,66.128
2,204732714,204732714,CTLA4,c.49A>G; c.121A>G,p.T17A; p.T41A,99.79,Uncertain Significance,41.611
2,204736106,204736106,CTLA4,c.457+450G>A; c.463G>A; c.110-1325G>A; c.535G>A,p.E155K; p.E179K,2.79,Uncertain Significance,
2,209108317,209108317,IDH1,c.532G>A,p.V178I,52.98,Benign,4.951
2,209113192,209113192,IDH1,c.315C>T,p.G105G,51.28,Benign,5.211
3,10088266,10088266,FANCD2,c.1137G>T,p.V379V,13.98,Benign,18.180
3,10088299,10088299,FANCD2,c.1170C>T,p.S390S,18.90,Benign,25.706
3,10088308,10088308,FANCD2,c.1179T>C,p.T393T,19.16,Benign,26.856
3,10088343,10088343,FANCD2,c.1214A>G,p.N405S,21.19,Benign,25.717
3,10088404,10088404,FANCD2,c.1275C>T,p.Y425Y,21.82,Benign,4.544
3,10088408,10088412,FANCD2,c.1278+1_1278+5delinsT,,21.89,Likely Pathogenic,
3,10089723,10089723,FANCD2,c.1401G>A,p.T467T,1.64,Benign,41.841
3,10089738,10089738,FANCD2,c.1413+3A>G,,1.64,Benign,39.278
3,10106532,10106532,FANCD2,c.2030C>T; c.2141C>T,p.P677L; p.P714L,1.85,Benign,14.696
3,105422844,105422844,CBLB,c.252G>A; c.801G>A; n.1986G>A; n.1623G>A; c.1647G>A; c.1665G>A; n.1920G>A; n.1660G>A; n.2004G>A; n.1872G>A; c.1581G>A; n.1696G>A; c.1434G>A; c.393G>A,p.T527T; p.T549T; p.T478T; p.T555T; p.T267T; p.T84T; p.T131T,98.93,Benign,72.630
3,128200072,128200072,GATA2,c.1191G>A; c.1233G>A; c.1515G>A,p.A411A; p.A397A; p.A505A,50.87,Benign,2.158
3,128200118,128200118,GATA2,c.1187G>A; c.1145G>A; c.1469G>A,p.R396Q; p.R382Q; p.R490Q,47.02,Pathogenic,
3,128205860,128205860,GATA2,c.297C>G; c.15C>G,p.P99P; p.P5P,99.49,Benign,66.313
3,183211906,183211906,KLHL6,c.1311T>C,p.N437N,51.26,Benign,55.874
3,187447032,187447032,LOC100131635; BCL6,n.294-3127G>A; c.1161C>T,p.N387N,98.46,Benign,64.365
4,1807894,1807894,FGFR3,c.1956G>A; n.2379G>A; c.1959G>A; c.1953G>A; c.1617G>A,p.T651T; p.T652T; p.T539T; p.T653T,99.59,Benign,98.654
4,55141055,55141055,PDGFRA; ENSG00000282278,c.1740A>G; c.1776A>G; c.1701A>G; c.1018-37A>G,p.P580P; p.P592P; p.P567P,99.82,Benign,98.760
4,55161391,55161391,PDGFRA; ENSG00000282278,c.2502T>C; c.3261T>C; c.3222T>C; c.3297T>C,p.D834D; p.D1099D; p.D1087D; p.D1074D,99.91,Benign,99.911
4,55593464,55593464,KIT,c.1624A>C; c.1621A>C; c.1609A>C; c.1612A>C; c.1111A>C,p.M371L; p.M542L; p.M541L; p.M537L; p.M538L,49.45,Uncertain Significance,7.647
4,55602765,55602765,KIT,c.2583G>C; c.2451G>C; c.2586G>C; c.2577G>C; c.2076G>C; c.2574G>C; c.2571G>C; c.2589G>C,p.L857L; p.L862L; p.L861L; p.L863L; p.L692L; p.L859L; p.L858L; p.L817L,48.98,Benign,11.310
4,55602912,55602912,KIT,c.2619G>A; c.2613G>A; c.2610G>A; c.2487G>A; c.2112G>A; c.2622G>A; c.2607G>A; c.2625G>A,p.P871P; p.P870P; p.P873P; p.P875P; p.P874P; p.P829P; p.P869P; p.P704P,49.87,Likely Benign,0.175
4,55955888,55955888,KDR,c.3274G>T,p.G1092C,0.52,Uncertain Significance,
4,55972029,55972029,KDR,c.1615G>A,p.G539R,48.98,Uncertain Significance,0.151
4,55972974,55972974,KDR,c.1416A>T,p.Q472H,49.17,Uncertain Significance,22.255
4,55979558,55979558,KDR,c.889G>A,p.V297I,50.11,Benign,10.959
4,57352505,57352505,SRP72,n.1120G>A; c.918G>A; c.1101G>A,p.Q306Q; p.Q367Q,1.24,Uncertain Significance,0.000
4,106156187,106156187,TET2; TET2-AS1,c.1088C>T; n.319-57358G>A; c.1151C>T,p.P363L; p.P384L,48.32,Benign,4.967
4,106196382,106196382,TET2; TET2-AS1,n.318+59161C>T; c.4778G>A; c.4715G>A,p.R1593Q; p.R1572Q,49.44,Uncertain Significance,0.009
4,106196829,106196829,TET2; TET2-AS1,c.5225T>G; n.318+58714A>C; c.5162T>G,p.L1721W; p.L1742W,42.03,Benign,11.548
4,106196951,106196951,TET2; TET2-AS1,c.5284A>G; n.318+58592T>C; c.5347A>G,p.I1762V; p.I1783V,54.89,Benign,29.475
4,153268227,153268228,FBXW7,c.585-5dup; c.345-5dup; c.231-5dup,,3.17,Benign,6.481
5,35861068,35861068,IL7R,c.197T>C; n.284T>C,p.I66T,48.75,Benign,62.570
5,35871190,35871190,IL7R,c.412G>A; n.499G>A,p.V138I,49.49,Benign,64.899
5,35874575,35874575,IL7R,n.625-1039C>T; c.731C>T; c.706+825C>T,p.T244I,50.71,Uncertain Significance,23.062
5,140433038,140433038,PCDHB1-AS1; PCDHB1,c.1983C>T; n.357-2283G>A,p.I661I,46.29,Likely Benign,1.064
5,140433389,140433389,PCDHB1-AS1; PCDHB1,c.2334C>G; n.357-2634G>C,p.F778L,43.32,Likely Benign,2.867
5,149447806,149447808,CSF1R,n.1723_1725del; c.1596_1598del; n.1652_1654del; c.1152_1154del,p.L537del; p.L389del,0.92,Uncertain Significance,0.005
5,149449827,149449827,CSF1R,c.1237G>A; n.1293G>A; n.1364G>A; c.793G>A,p.G265S; p.G413S,52.07,Likely Benign,0.928
5,149459831,149459831,CSF1R,n.432C>T; c.-69C>T; c.376C>T; n.503C>T,p.P126S,1.61,Uncertain Significance,
5,149495395,149495395,PDGFRB,c.3252A>G; c.2769A>G; c.3060A>G,p.P1084P; p.P923P; p.P1020P,52.26,Benign,34.047
5,149497177,149497177,PDGFRB,c.2945+4A>G; c.3137+4A>G; c.2654+4A>G,,47.13,Benign,34.877
5,149499672,149499672,PDGFRB,c.2601A>G; c.2118A>G; c.2409A>G,p.L706L; p.L803L; p.L867L,51.10,Benign,28.272
5,176721198,176721198,NSD1,c.5956T>C; c.1471T>C; c.6067T>C; c.6829T>C; c.6076T>C; c.5707T>C; c.6520T>C; c.6409T>C,p.L1986L; p.L2174L; p.L1903L; p.L491L; p.L2137L; p.L2277L; p.L2026L; p.L2023L,99.38,Benign,82.274
5,176940384,176940384,DDX41,c.822C>T; c.1200C>T,p.R274R; p.R400R,51.25,Benign,41.586
6,18139214,18139214,TPMT,c.474C>T; c.474C>T *,p.I158I,99.50,Benign,76.396
6,33288271,33288271,DAXX,c.1173T>C; c.912T>C; c.1137T>C,p.Y379Y; p.Y304Y; p.Y391Y,50.61,Benign,29.226
7,2963941,2963943,CARD11,c.1864_1866del,p.S622del,0.70,Uncertain Significance,0.001
7,2972222,2972222,CARD11,c.1519-2A>T,,0.50,Uncertain Significance,
7,6026775,6026775,PMS2,c.1513A>G; c.1645A>G; c.850A>G; c.1423A>G; c.1465A>G; c.1048A>G; c.1453A>G; c.1147A>G; c.804-4153A>G; c.1303A>G; c.1618A>G; c.1255A>G; c.1108A>G; c.1312A>G; n.1708A>G; c.1807A>G; c.1285A>G; c.1621A>G; c.803+10182A>G; c.1216A>G; c.1297A>G; c.1060A>G; c.688A>G; c.1156A>G,p.K429E; p.K603E; p.K433E; p.K489E; p.K541E; p.K230E; p.K383E; p.K505E; p.K549E; p.K386E; p.K354E; p.K475E; p.K540E; p.K350E; p.K370E; p.K419E; p.K435E; p.K284E; p.K406E; p.K438E; p.K485E,42.91,Benign,84.429
7,6036980,6036980,PMS2,c.780C>G; c.966C>G; c.-154C>G; c.471C>G; c.444C>G; c.672C>G; c.267C>G; c.804C>G; c.705+1759C>G; c.132+5104C>G; c.375C>G; c.207C>G; c.612C>G; c.777C>G; n.867C>G; c.537+5104C>G; c.462C>G,p.S157S; p.S125S; p.S89S; p.S148S; p.S69S; p.S322S; p.S204S; p.S224S; p.S268S; p.S260S; p.S259S; p.S154S,48.08,Benign,80.387
7,6043613,6043613,PMS2,c.-113C>T; c.-245C>T; c.25C>T; c.-63C>T; c.-142C>T; n.327C>T; c.-645C>T; c.-341C>T; c.426C>T; c.-192C>T; c.-52-1346C>T; c.-156C>T; c.240C>T; c.-166C>T,p.F80F; p.F142F; p.R9*,1.77,Likely Benign,0.007
7,55211147,55211147,EGFR,c.390C>A; c.231C>A; c.89-12376C>A,p.T77T; p.T130T,1.00,Uncertain Significance,
7,55214348,55214348,EGFR,c.424+3167C>T; c.315C>T; c.89-9175C>T; c.474C>T,p.N158N; p.N105N,52.81,Benign,51.021
7,55229255,55229255,EGFR,c.1562G>A; c.1427G>A; c.761G>A; c.1403G>A,p.R476K; p.R254K; p.R468K; p.R521K,47.05,Uncertain Significance,28.542
7,55238874,55238874,EGFR,c.1752T>A; c.1086T>A; c.1887T>A; c.1728T>A,p.T584T; p.T362T; p.T629T; p.T576T,99.72,Benign,37.141
7,55249063,55249063,EGFR-AS1; EGFR,n.1201C>T; c.2226G>A; c.1560G>A; c.2202G>A; c.2361G>A,p.Q734Q; p.Q787Q; p.Q520Q; p.Q742Q,51.35,Benign,52.144
7,55266417,55266417,EGFR,c.2574T>C; c.2709T>C; c.1908T>C; c.2550T>C,p.T636T; p.T903T; p.T858T; p.T850T,90.26,Benign,89.426
7,101839989,101839989,CUX1,c.1298A>T; c.1138+1106A>T; c.1331A>T; c.1255+1106A>T; c.1207+1106A>T; c.1117+1106A>T; c.1249+1106A>T; c.1256-231A>T,p.Q444L; p.Q433L,0.97,Uncertain Significance,
7,101892121,101892121,CUX1,c.3876G>A; c.1250-24516G>A; c.1256-24516G>A; c.1118-24516G>A; c.4182G>A; c.1139-24516G>A; c.1208-24516G>A; c.4350G>A; c.4317G>A,p.P1450P; p.P1394P; p.P1292P; p.P1439P,98.37,Benign,48.426
7,101916647,101916647,CUX1,c.1260A>G; c.1266A>G *; c.1218A>G *; c.1149A>G; c.1218A>G; c.1149A>G *; c.1266A>G; c.1128A>G *; c.1128A>G; c.1260A>G *,p.A383A; p.A422A; p.A376A; p.A420A; p.A406A,99.61,Benign,72.926
7,101917521,101917521,CUX1,c.1252G>A; c.1384G>A; c.1342G>A; c.1390G>A; c.1273G>A,p.A464T; p.A462T; p.A425T; p.A418T; p.A448T,54.70,Benign,56.358
7,103130348,103130348,RELN; SLC26A5-AS1,n.1366-14503T>A; c.9606-2A>T,,0.73,Likely Pathogenic,
7,103206002,103206002,RELN,c.4937-4del,,7.90,Benign,2.943
7,103389954,103389954,RELN,c.578-3T>C,,46.64,Benign,49.219
7,103629803,103629804,RELN,c.-6_-1dup,,42.43,Benign,26.337
7,103629804,103629806,RELN,c.-3_-1del,,1.11,Likely Benign,1.127
7,116435768,116435768,MET,c.3858C>T; c.2568C>T; c.3912C>T,p.D856D; p.D1286D; p.D1304D,99.22,Benign,42.252
7,116436022,116436022,MET,c.4071G>A; c.4017G>A; c.2727G>A,p.A1339A; p.A1357A; p.A909A,98.96,Benign,42.426
7,116436097,116436097,MET,c.4146G>A; c.4092G>A; c.2802G>A,p.P1382P; p.P934P; p.P1364P,99.40,Benign,42.451
7,127669503,127669503,LRRC4; SND1,c.1191C>A; c.1779+38394G>T,p.R397R,48.28,Uncertain Significance,0.010
7,127669857,127669857,LRRC4; SND1,c.837T>A; c.1779+38748A>T,p.S279S,49.36,Benign,30.888
7,139094365,139094366,FMC1-LUC7L2; LUC7L2,c.754_755del; c.748_749del; c.757_758del; c.955_956del,p.E253Rfs*34; p.E250Rfs*34; p.E319Rfs*34; p.E252Rfs*34,2.49,Likely Pathogenic,1.969
7,140426257,140426257,BRAF,c.*37T>C; c.2187T>C; c.2128-10421T>C,p.S729S,99.75,Benign,37.551
7,140434575,140434575,BRAF,c.2127+5037del; c.2137-5del; c.2128-5del; c.2248-5del; c.1972-5del; c.2026-5del; c.2017-5del; c.1864-5del; c.2062-5del,,7.59,Likely Benign,
7,148543694,148543695,EZH2,c.118-5_118-4del,,4.94,Likely Benign,0.254
7,148543694,148543694,EZH2,c.118-4del,,49.81,Benign,70.685
7,151874148,151874148,KMT2C,c.8165del; c.8390del,p.K2722Rfs*26; p.K2797Rfs*26,3.78,Pathogenic,0.195
7,151921255,151921255,KMT2C,c.3168G>A; c.3048G>A,p.W1056*; p.W1016*,1.58,Likely Pathogenic,
7,151921648,151921648,KMT2C,c.3030T>A; c.2910T>A,p.C970*; p.C1010*,0.56,Likely Pathogenic,
7,151927016,151927016,KMT2C,c.2968A>G; c.2848A>G,p.S990G; p.S950G,9.09,Likely Benign,2.562
7,151927021,151927021,KMT2C,c.2963G>T; c.2843G>T,p.C988F; p.C948F,12.40,Benign,22.612
7,151927023,151927023,KMT2C,c.2961C>G; c.2841C>G,p.Y947*; p.Y987*,9.18,Likely Pathogenic,
7,151927025,151927025,KMT2C,c.2959T>C; c.2839T>C,p.Y987H; p.Y947H,32.36,Benign,38.544
7,151927026,151927026,KMT2C,c.2838A>G; c.2958A>G,p.P986P; p.P946P,3.09,Benign,23.424
7,151927067,151927067,KMT2C,c.2797A>G; c.2917A>G,p.R973G; p.R933G,9.13,Likely Pathogenic,
7,151932908,151932908,KMT2C,c.2643A>G; c.2763A>G,p.L921L; p.L881L,1.29,Benign,42.499
7,151935798,151935799,KMT2C,c.2645_2646delinsCA; c.2533-2781_2533-2780delinsCA,p.I882T,17.10,Uncertain Significance,
7,151935866,151935866,KMT2C,c.2533-2848C>T; c.2578C>T,p.P860S,10.79,Likely Pathogenic,
7,151935871,151935871,KMT2C,c.2533-2853G>T; c.2573G>T,p.W858L,10.83,Likely Pathogenic,
7,151945007,151945007,KMT2C,c.2515G>A; c.2512G>A,p.G838S; p.G839S,57.35,Benign,49.408
7,151945071,151945072,KMT2C,c.2447dup; c.2450dup,p.Y816*; p.Y817*,11.74,Benign,48.670
7,151945101,151945101,KMT2C,c.2421C>G; c.2418C>G,p.S807S; p.S806S,2.20,Benign,20.838
7,151945140,151945140,KMT2C,c.2379G>A; c.2382G>A,p.S794S; p.S793S,17.72,Benign,43.539
7,151945256,151945256,KMT2C,c.2263C>T; c.2266C>T,p.Q756*; p.Q755*,0.99,Likely Pathogenic,0.563
7,151945291,151945291,KMT2C,c.2228C>T; c.2231C>T,p.P743L; p.P744L,0.86,Uncertain Significance,0.001
7,151945313,151945313,KMT2C,c.2209T>C; c.2206T>C,p.L736L; p.L737L,1.09,Likely Benign,0.147
7,151962257,151962257,KMT2C,c.1053G>A; c.1050G>A,p.P351P; p.P350P,4.98,Uncertain Significance,0.100
7,151962265,151962265,KMT2C,c.1042G>A; c.1045G>A,p.D348N; p.D349N,4.97,Uncertain Significance,0.033
7,151962269,151962269,KMT2C,c.1041G>A; c.1038G>A,p.V347V; p.V346V,0.80,Uncertain Significance,0.012
7,151962290,151962290,KMT2C,c.1020G>C; c.1017G>C,p.K339N; p.K340N,3.53,Uncertain Significance,0.008
7,151962294,151962294,KMT2C,c.1016C>T; c.1013C>T,p.S339L; p.S338L,0.84,Uncertain Significance,0.002
7,151970856,151970856,KMT2C,c.946A>T; c.949A>T,p.T317S; p.T316S,69.86,Benign,50.094
7,151970859,151970859,KMT2C,c.946G>T; c.943G>T,p.G315C; p.G316C,2.50,Uncertain Significance,0.010
7,151970859,151970859,KMT2C,c.943G>A; c.946G>A,p.G315S; p.G316S,7.03,Likely Benign,0.425
7,151970877,151970877,KMT2C,c.925C>T; c.928C>T,p.P309S; p.P310S,5.26,Uncertain Significance,0.519
7,151970951,151970951,KMT2C,c.854G>A; c.851G>A,p.R284Q; p.R285Q,7.15,Likely Benign,0.327
8,30915971,30915971,WRN,c.15del,p.K5Nfs*15,0.82,Likely Pathogenic,0.003
8,30924557,30924557,WRN,c.513C>T,p.C171C,99.43,Benign,70.808
8,30938704,30938704,WRN,c.1161G>A,p.M387I,44.78,Benign,7.380
8,30941211,30941211,WRN,c.1270-4A>T,,0.63,Uncertain Significance,0.000
8,30958362,30958362,WRN,c.1982-3C>T,,0.63,Uncertain Significance,
8,30982451,30982451,WRN,c.2760A>G,p.K920K,0.88,Uncertain Significance,
8,31012237,31012237,WRN,c.3785C>G,p.T1262R,49.39,Likely Benign,0.265
8,31024638,31024638,WRN,c.4083C>T,p.S1361S,99.15,Benign,29.695
8,38272329,38272329,FGFR1,c.1672C>T; c.1939C>T; c.1915C>T; c.1678C>T; c.1933C>T; c.2125C>T; c.1945C>T; c.2038C>T; c.1666C>T,p.H649Y; p.H647Y; p.H558Y; p.H645Y; p.H556Y; p.H709Y; p.H639Y; p.H560Y; p.H680Y,0.80,Uncertain Significance,
8,41794934,41794934,KAT6A,c.3192G>A,p.T1064T,46.41,Benign,20.756
8,117864217,117864217,RAD21,c.1440T>C,p.A480A,45.51,Benign,17.309
9,5050706,5050706,JAK2,c.489C>T; n.890C>T; c.-632C>T; n.973C>T; c.42C>T,p.H163H; p.H14H,47.72,Benign,32.549
9,5081780,5081780,JAK2,c.2043G>A; c.1275G>A; n.2891G>A; c.2490G>A; n.2974G>A,p.L681L; p.L425L; p.L830L,99.90,Benign,53.602
9,36840623,36840623,PAX5,c.1008C>T; c.921C>T; c.810C>T; c.878C>T; c.1110C>T; c.894C>T; c.597C>T; c.981C>T; c.1023C>T; c.786C>T; n.1274C>T; c.791C>T; n.1217C>T,p.T293I; p.Y336Y; p.Y327Y; p.Y307Y; p.Y262Y; p.Y341Y; p.Y199Y; p.Y298Y; p.Y370Y; p.T264I; p.Y270Y,99.04,Benign,86.447
9,86586806,86586808,HNRNPK,c.942_944del; c.870_872del,p.P315del; p.P291del,0.77,Uncertain Significance,0.003
9,133759490,133759492,ABL1,c.1883_1885del; c.1826_1828del,p.K609del; p.K628del,0.95,Uncertain Significance,0.037
9,139391636,139391636,NOTCH1,c.4152C>T; c.6555C>T; c.6441C>T; c.6435C>T,p.D2185D; p.D2145D; p.D1384D; p.D2147D,98.87,Benign,61.822
9,139397707,139397707,NOTCH1,c.4980C>T; c.4974C>T; c.5094C>T; c.2691C>T,p.D1660D; p.D1658D; p.D897D; p.D1698D,99.95,Benign,44.879
9,139399409,139399411,NOTCH1,c.4732_4734del; c.4612_4614del; c.2329_2331del; c.4618_4620del,p.V1578del; p.V1540del; p.V1538del; p.V777del,0.52,Pathogenic,0.008
9,139418260,139418260,NOTCH1,c.312T>C,p.N104N,49.73,Benign,59.336
10,27317840,27317840,ANKRD26,c.3910G>A; c.3913G>A,p.V1304I; p.V1305I,0.84,Benign,21.844
10,27333121,27333122,ANKRD26,c.1983-3dup; c.1986-3dup,,5.19,Benign,7.165
10,27333122,27333122,ANKRD26,c.1983-3del; c.1986-3del,,13.18,Benign,34.062
10,27337806,27337808,ANKRD26,c.1736_1738del,p.D579del,0.79,Likely Benign,0.003
10,27381397,27381397,ANKRD26,c.576G>A,p.Q192Q,99.38,Likely Benign,1.363
10,27389197,27389197,ANKRD26,c.59A>G,p.Q20R,99.84,Benign,89.948
10,90771829,90771829,FAS,n.411T>C; n.612T>C; n.951T>C; n.538+1257T>C; n.474T>C; c.568+1257T>C; n.808T>C; c.687T>C; n.549T>C; n.561T>C; c.579T>C; c.642T>C,p.T193T; p.T229T; p.T214T,46.39,Benign,76.186
10,112357944,112357944,SMC3,c.2164G>A,p.E722K,0.69,Uncertain Significance,
10,112361870,112361870,SMC3,c.3039A>G,p.S1013S,99.83,Benign,99.598
10,123239112,123239112,FGFR2,c.2107C>T; c.*259C>T; n.3161C>T; c.*453C>T,p.L703L,99.56,Benign,53.214
10,123298158,123298158,FGFR2,n.984A>G; c.429A>G; c.696A>G; c.351A>G,p.V232V; p.V143V; p.V117V,49.96,Benign,78.012
10,123325034,123325034,FGFR2,c.110-941G>A; c.294G>A; n.743-14061G>A; c.110-14061G>A,p.T98T,47.64,Likely Benign,0.818
11,30033563,30033563,KCNA4,c.663del,p.F221Lfs*21,1.30,Uncertain Significance,0.000
11,32456298,32456298,WT1-AS; WT1,n.-766G>A; c.-1089C>T; c.-780C>T; n.788C>T; c.609C>T; n.-1287G>A,p.N203N,1.12,Benign,8.098
11,32456694,32456694,WT1-AS; WT1,n.-891C>A; c.213G>T; c.-1176G>T; n.392G>T; c.-1485G>T; n.-370C>A,p.P71P,48.02,Benign,23.604
11,64545817,64545817,SF1,c.48C>G; c.31+17C>G; c.-894C>G; c.-239+17C>G,p.P16P,0.53,Uncertain Significance,
11,72945341,72945341,P2RY2,c.137C>T,p.P46L,91.61,Benign,92.488
11,72946020,72946020,P2RY2,c.816C>T,p.R272R,93.70,Benign,56.602
11,72946140,72946140,P2RY2,c.936G>C,p.R312S,45.01,Benign,27.787
11,85968623,85968623,EED,c.619C>T; c.514C>T; c.799C>T,p.L172L; p.L267L; p.L207L,49.41,Benign,36.301
11,108163487,108163487,ATM,c.4578C>T,p.P1526P,50.16,Benign,3.257
11,108183167,108183167,C11orf65; ATM,c.5948A>G; c.641-3369T>C; c.*39-3369T>C; c.5948A>G *,p.N1983S; p.S1983S,100,Benign,100.000
11,118307279,118307281,KMT2A; ENSG00000285827,c.214-11050_214-11048del; c.63_65del; c.-798-32200_-798-32198del,p.G23del,1.19,Uncertain Significance,0.009
11,118307414,118307416,KMT2A; ENSG00000285827,c.200_202del; c.-798-32063_-798-32061del; c.214-10913_214-10911del,p.A67del,2.25,Benign,0.792
11,118344494,118344495,KMT2A; ENSG00000285827,c.503-391_503-390del; c.2728_2729del; c.2629_2630del; c.1399_1400del,p.D877Pfs*8; p.D467Pfs*8; p.D910Pfs*8,0.53,Likely Pathogenic,0.000
11,119149356,119149358,CBL,c.1380_1382del,p.D460del,0.62,Uncertain Significance,0.004
11,124413198,124413198,OR8B12,c.353C>T,p.A118V,48.58,Uncertain Significance,0.077
12,22814036,22814036,ETNK1,c.864A>G; c.597A>G,p.E288E; p.E199E,46.92,Benign,19.313
12,25368462,25368462,KRAS,c.451-5617G>A; c.253-5617G>A; c.376-5617G>A; c.483G>A *; c.483G>A,p.R161R,99.46,Benign,99.949
12,111884608,111884608,SH2B3,c.178T>C; c.784T>C,p.W60R; p.W262R,99.81,Benign,66.803
12,111885352,111885356,SH2B3,c.630+24_630+28del; c.1236+24_1236+28del,,49.40,Benign,35.879
13,19751274,19751274,TUBA3C,c.849C>T,p.H283H,5.37,Uncertain Significance,0.007
13,19751292,19751292,TUBA3C,c.831A>G,p.S277S,5.61,Uncertain Significance,0.005
13,19751301,19751301,TUBA3C,c.822G>A,p.P274P,5.26,Uncertain Significance,0.038
13,19751462,19751463,TUBA3C,c.660_661delinsAA,p.R221S,0.67,Uncertain Significance,
13,19751466,19751466,TUBA3C,c.657C>T,p.I219I,0.92,Uncertain Significance,0.002
13,19751544,19751544,TUBA3C,c.579G>A,p.T193T,47.35,Benign,27.350
13,28609813,28609814,FLT3,c.1419-4dup; n.1485-4dup,,2.77,Uncertain Significance,0.541
13,28609814,28609814,FLT3,c.1419-4del; n.1485-4del,,7.78,Uncertain Significance,0.286
13,28610183,28610183,FLT3,n.1376-3T>C; c.1310-3T>C,,99.59,Uncertain Significance,70.039
13,28624294,28624294,FLT3,n.746C>T; c.680C>T,p.T227M,52.87,Benign,59.806
13,28636084,28636084,FLT3,n.354C>T; c.288C>T,p.D96D,99.84,Benign,98.285
13,32906729,32906729,BRCA2,n.1313A>C; c.424+1562A>C; c.745A>C; c.1114A>C,p.N249H; p.N372H,46.06,Benign,27.333
13,32911888,32911888,BRCA2,c.3027A>G; c.1909+4364A>G; n.3595A>G; c.424+6721A>G; c.3396A>G,p.K1132K; p.K1009K,45.26,Benign,29.496
13,32913055,32913055,BRCA2,c.4563A>G; n.4762A>G; c.425-5640A>G; c.4194A>G; c.1909+5531A>G,p.L1398L; p.L1521L,90.39,Benign,99.275
13,32915005,32915005,BRCA2,c.425-3690G>C; c.1910-3690G>C; c.6144G>C; c.6513G>C; n.6712G>C,p.V2048V; p.V2171V,94.99,Benign,99.253
13,32929232,32929232,BRCA2,c.7146A>G; n.7441A>G; c.825A>G; c.2310A>G; c.7242A>G; c.6873A>G,p.S2291S; p.S275S; p.S2414S; p.S770S; p.S2382S,44.52,Benign,22.575
13,32929387,32929387,BRCA2,c.980T>C; c.7301T>C; c.7028T>C; c.7397T>C; n.7596T>C; c.2465T>C,p.V2434A; p.V2343A; p.V2466A; p.V327A; p.V822A,99.88,Benign,99.343
13,32954023,32954023,BRCA2,c.2680del; c.4165del; c.9046del; c.8728del; c.9001del; c.9097del; n.9360del,p.T1389Lfs*29; p.T3033Lfs*29; p.T2910Lfs*29; p.T3016Lfs*29; p.T894Lfs*29; p.T3001Lfs*29,1.47,Pathogenic,0.001
13,49039489,49039489,RB1,c.2474T>G,p.M825R,0.88,Uncertain Significance,
14,86088056,86088056,FLRT2,c.198T>C,p.T66T,95.48,Benign,99.769
14,86089253,86089253,FLRT2,c.1395C>T,p.I465I,46.78,Benign,3.083
14,86089315,86089315,FLRT2,c.1457G>A,p.R486Q,48.69,Benign,14.909
14,86089508,86089508,FLRT2,c.1650G>T,p.A550A,49.42,Benign,2.984
15,66781558,66781558,MAP2K1,c.966T>A; c.822T>A; c.819T>A; c.1017T>A; c.639T>A; c.901T>A; c.900T>A; c.837T>A,p.P339P; p.P273P; p.P274P; p.P322P; p.S301T; p.P300P; p.P279P; p.P213P,0.61,Uncertain Significance,
15,74325059,74325059,PML,c.1255-1759del; c.1255-437del; c.1398+4del; c.1255-3288del,,0.52,Uncertain Significance,
15,74328116,74328116,PML,c.*1119A>G; c.*2167A>G; c.*35+1245A>G; c.*639A>G; c.2314A>G; c.1710+1245A>G; c.1566+1245A>G; c.1255-232A>G; c.2170A>G,p.S772G; p.S724G,51.50,Benign,52.387
15,74328141,74328141,PML,c.1710+1270G>T; c.*664G>T; c.*35+1270G>T; c.2195G>T; c.1566+1270G>T; c.1255-207G>T; c.*2192G>T; c.*1144G>T; c.2339G>T,p.G732V; p.G780V,51.20,Benign,36.446
15,74336633,74336633,PML,c.1789T>C; c.1933T>C,p.F597L; p.F645L,48.11,Benign,34.517
15,82558063,82558063,SAXO2,c.28+2534T>A; c.66T>A; c.53+2790T>A; c.207T>A; c.8+2T>A,p.G69G; p.G22G,1.06,Uncertain Significance,
15,82574732,82574732,SAXO2,c.*263C>A; c.526C>A; c.301C>A; c.565C>A; c.706C>A; c.481C>A,p.Q161K; p.Q101K; p.Q189K; p.Q176K; p.Q236K,0.56,Uncertain Significance,
15,88576185,88576185,NTRK3,c.1464C>G; c.1194C>G; c.1170C>G; c.1488C>G,p.A488A; p.A398A; p.A496A; p.A390A,49.83,Benign,34.875
15,88679785,88679785,NTRK3,c.384C>T; c.678C>T *; c.678C>T,p.N226N; p.N128N,99.36,Benign,99.673
16,3778303,3778305,CREBBP,c.6743_6745del; c.6629_6631del,p.Q2210del; p.Q2248del,0.56,Uncertain Significance,0.002
16,3808052,3808053,CREBBP,c.3370-4dup; c.3256-4dup,,5.07,Benign,12.920
16,3808053,3808053,CREBBP,c.3370-4del; c.3256-4del,,13.86,Benign,25.610
16,89805261,89805261,ZNF276; FANCA,c.4260+29T>C; c.4164T>C; n.2607A>G; c.4293T>C; n.2490A>G; c.*607A>G; n.2524A>G; c.4264+29T>C; n.2430A>G,p.H1388H; p.H1431H,40.47,Benign,70.470
16,89806347,89806347,ZNF276; FANCA,c.3934+55T>A; n.3693A>T; n.3516A>T; n.3576A>T; c.3805+55T>A; c.*1693A>T; n.3610A>T,,50.11,Benign,52.514
16,89866043,89866043,FANCA,c.700A>G; c.796A>G,p.T234A; p.T266A,50.94,Benign,52.203
17,260142,260142,C17orf97; LOC105371430; LIAT1,c.9G>T; n.330+2778C>A,p.T3T,49.34,Benign,31.608
17,260182,260182,C17orf97; LOC105371430; LIAT1,n.330+2738A>G; c.49T>C,p.L17L,46.35,Benign,30.542
17,263294,263295,C17orf97; LOC105371430; LIAT1,n.46-91_46-90delinsTC; c.304+2857_304+2858delinsGA; c.660_661delinsGA,p.D220_A221delinsET,0.59,Uncertain Significance,
17,263294,263294,C17orf97; LOC105371430; LIAT1,c.304+2857C>G; n.46-90G>C; c.660C>G,p.D220E,56.93,Benign,23.003
17,263367,263367,C17orf97; LOC105371430; LIAT1,n.46-163T>A; c.304+2930A>T; c.733A>T,p.I245F,42.52,Likely Benign,1.220
17,263387,263387,C17orf97; LOC105371430; LIAT1,n.46-183A>G; c.304+2950T>C; c.753T>C,p.A251A,21.80,Benign,9.652
17,263417,263417,C17orf97; LOC105371430; LIAT1,c.783C>T; c.304+2980C>T; n.46-213G>A,p.A261A,23.22,Likely Benign,0.044
17,263426,263426,C17orf97; LOC105371430; LIAT1,c.792C>T; c.304+2989C>T; n.46-222G>A,p.G264G,17.65,Uncertain Significance,0.007
17,263435,263435,C17orf97; LOC105371430; LIAT1,n.46-231G>A; c.801C>T; c.304+2998C>T,p.P267P,12.26,Likely Benign,0.010
17,263441,263442,C17orf97; LOC105371430; LIAT1,c.304+3004_304+3005delinsCA; n.46-238_46-237delinsTG; c.807_808delinsCA,p.E270K,3.69,Uncertain Significance,
17,263441,263441,C17orf97; LOC105371430; LIAT1,c.807T>C; c.304+3004T>C; n.46-237A>G,p.P269P,52.67,Likely Benign,0.612
17,263456,263456,C17orf97; LOC105371430; LIAT1,c.304+3019T>C; n.46-252A>G; c.822T>C,p.G274G,4.57,Likely Benign,0.016
17,263494,263494,C17orf97; LOC105371430; LIAT1,c.860T>C; n.45+276A>G; c.304+3057T>C,p.I287T,62.24,Uncertain Significance,0.174
17,263516,263516,C17orf97; LOC105371430; LIAT1,c.882C>T; c.304+3079C>T; n.45+254G>A,p.G294G,40.46,Likely Benign,0.906
17,263532,263532,C17orf97; LOC105371430; LIAT1,c.304+3095A>G; c.898A>G; n.45+238T>C,p.K300E,13.77,Uncertain Significance,0.358
17,263537,263537,C17orf97; LOC105371430; LIAT1,c.304+3100C>T; n.45+233G>A; c.903C>T,p.A301A,2.81,Likely Benign,
17,263553,263553,C17orf97; LOC105371430; LIAT1,c.304+3116C>A; c.919C>A; n.45+217G>T,p.P307T,0.95,Uncertain Significance,0.000
17,263562,263562,C17orf97; LOC105371430; LIAT1,c.304+3125A>G; n.45+208T>C; c.928A>G,p.K310E,11.28,Uncertain Significance,0.025
17,263606,263606,C17orf97; LOC105371430; LIAT1,c.304+3169C>T; n.45+164G>A; c.972C>T,p.G324G,28.89,Likely Benign,2.074
17,263613,263613,C17orf97; LOC105371430; LIAT1,n.45+157G>T; c.304+3176C>A; c.979C>A,p.P327T,27.23,Likely Benign,1.591
17,263615,263615,C17orf97; LOC105371430; LIAT1,c.981C>T; c.304+3178C>T; n.45+155G>A,p.P327P,32.28,Likely Benign,1.514
17,263622,263622,C17orf97; LOC105371430; LIAT1,c.304+3185A>G; n.45+148T>C; c.988A>G,p.K330E,70.40,Benign,4.093
17,263652,263652,C17orf97; LOC105371430; LIAT1,c.304+3215G>A; n.45+118C>T; c.1018G>A,p.E340K,2.19,Uncertain Significance,0.002
17,263657,263657,C17orf97; LOC105371430; LIAT1,c.304+3220C>T; n.45+113G>A; c.1023C>T,p.A341A,2.05,Likely Benign,
17,263675,263675,C17orf97; LOC105371430; LIAT1,c.304+3238C>T; c.1041C>T; n.45+95G>A,p.P347P,1.69,Likely Benign,
17,263687,263687,C17orf97; LOC105371430; LIAT1,c.304+3250C>T; n.45+83G>A; c.1053C>T,p.A351A,5.91,Likely Benign,0.000
17,263696,263696,C17orf97; LOC105371430; LIAT1,c.304+3259C>T; c.1062C>T; n.45+74G>A,p.G354G,3.03,Uncertain Significance,0.007
17,263705,263705,C17orf97; LOC105371430; LIAT1,c.1071C>T; c.304+3268C>T; n.45+65G>A,p.P357P,2.46,Uncertain Significance,0.008
17,263712,263712,C17orf97; LOC105371430; LIAT1,c.304+3275G>A; n.45+58C>T; c.1078G>A,p.E360K,4.67,Uncertain Significance,0.001
17,263717,263717,C17orf97; LOC105371430; LIAT1,c.1083C>T; c.304+3280C>T; n.45+53G>A,p.A361A,3.05,Likely Benign,
17,263726,263726,C17orf97; LOC105371430; LIAT1,c.304+3289C>T; n.45+44G>A; c.1092C>T,p.G364G,2.05,Uncertain Significance,0.001
17,263733,263733,C17orf97; LOC105371430; LIAT1,n.45+37T>G; c.304+3296A>C; c.1099A>C,p.T367P,3.36,Uncertain Significance,0.000
17,263735,263735,C17orf97; LOC105371430; LIAT1,n.45+35A>G; c.1101T>C; c.304+3298T>C,p.T367T,2.16,Likely Benign,0.000
17,263744,263744,C17orf97; LOC105371430; LIAT1,n.45+26A>C; c.1110T>G; c.304+3307T>G,p.N370K,0.86,Uncertain Significance,
17,1561844,1561844,PRPF8,c.5217C>T; c.5352C>T; c.5205C>T,p.N1784N; p.N1739N; p.N1735N,47.66,Likely Benign,0.089
17,7579472,7579472,TP53,c.98C>G; c.215C>G; c.-1020C>G; c.-939C>G; n.357C>G,p.P72R; p.P33R,94.57,Uncertain Significance,66.289
17,16842912,16842912,TNFRSF13B,c.693T>C; c.831T>C,p.S277S; p.S231S,43.71,Benign,49.363
17,16842991,16842991,TNFRSF13B,c.752C>T; c.614C>T,p.P205L; p.P251L,46.48,Benign,13.813
17,16855878,16855878,TNFRSF13B,c.81G>A; c.62-3581G>A,p.T27T,99.89,Benign,80.823
17,29490295,29490295,NF1,c.380G>A,p.G127E,0.67,Likely Pathogenic,
17,29508775,29508775,NF1,c.702G>A,p.L234L,47.67,Benign,62.010
17,29553485,29553485,NF1,c.2079G>A; c.2034G>A; c.2064G>A,p.P678P; p.P693P; p.P688P,51.16,Benign,38.412
17,29554582,29554582,NF1,c.2397G>A; c.2367G>A; c.2412G>A,p.K799K; p.K789K; p.K804K,4.06,Uncertain Significance,
17,29554589,29554589,NF1,c.2419C>T; c.2374C>T; c.2404C>T,p.L802F; p.L792F; p.L807F,3.99,Pathogenic,
17,29592303,29592303,NF1,c.4781A>C; c.4718A>C; c.4811A>C; c.4763A>C,p.Y1588S; p.Y1604S; p.Y1594S; p.Y1573S,2.71,Likely Pathogenic,
17,30302736,30302737,SUZ12,c.754+15dup; c.823+15dup,,3.60,Uncertain Significance,2.207
17,30302737,30302737,SUZ12,c.754+15del; c.823+15del,,8.25,Likely Benign,2.318
17,37922259,37922259,IKZF3,c.1080C>T; c.651C>T; c.1197C>T; c.1029C>T; c.912C>T; c.768C>T; c.573C>T; c.1095C>T; c.1212C>T; c.1314C>T; c.1053C>T; c.1146C>T; c.885C>T,p.S438S; p.S217S; p.S404S; p.S304S; p.S343S; p.S365S; p.S399S; p.S256S; p.S295S; p.S382S; p.S360S; p.S351S; p.S191S,43.90,Benign,40.115
17,41223094,41223094,BRCA1,c.310A>G; c.4903A>G; c.4759A>G; c.4711A>G; c.4900A>G; c.1387A>G; c.-98-20887A>G; c.1525A>G; c.3949A>G; c.4696A>G; c.1444A>G; c.4624A>G; c.5-7126A>G; c.4834A>G; c.4837A>G,p.S1587G; p.S1566G; p.S1317G; p.S104G; p.S463G; p.S482G; p.S1613G; p.S1571G; p.S1635G; p.S1634G; p.S1612G; p.S509G; p.S1542G,51.33,Benign,34.998
17,41234470,41234470,BRCA1,c.4095T>C; c.918T>C; c.-43-7932T>C; c.5-18502T>C; c.4182T>C; c.858T>C; c.-98-32263T>C; c.4308T>C; c.4167T>C; c.3420T>C; c.4230T>C; c.996T>C; c.999T>C,p.S1140S; p.S306S; p.S1394S; p.S1365S; p.S1410S; p.S1389S; p.S332S; p.S1436S; p.S333S; p.S286S,48.67,Benign,34.330
17,41244000,41244000,BRCA1,c.3470A>G; c.3422A>G; c.3335A>G; c.-43-17462A>G; c.5-28032A>G; c.707-951A>G; c.-99+33288A>G; c.3548A>G; c.3407A>G; c.647-951A>G; c.2660A>G; c.788-951A>G; c.785-951A>G,p.K1112R; p.K1157R; p.K1136R; p.K887R; p.K1183R; p.K1141R,45.13,Benign,34.855
17,41244435,41244435,BRCA1,c.-43-17897A>G; c.647-1386A>G; c.-99+32853A>G; c.2225A>G; c.3113A>G; c.2987A>G; c.5-28467A>G; c.788-1386A>G; c.785-1386A>G; c.2972A>G; c.3035A>G; c.2900A>G; c.707-1386A>G,p.E991G; p.E1038G; p.E996G; p.E742G; p.E1012G; p.E967G,43.38,Benign,34.300
17,41244936,41244936,BRCA1,c.2486C>T; c.2399C>T; c.787+1825C>T; c.2471C>T; c.646+1825C>T; c.706+1825C>T; c.5-28968C>T; c.784+1825C>T; c.1724C>T; c.2534C>T; c.-43-18398C>T; c.-99+32352C>T; c.2612C>T,p.P575L; p.P829L; p.P871L; p.P800L; p.P824L; p.P845L,45.77,Benign,41.275
17,41245237,41245237,BRCA1,c.2185T>C; c.5-29269T>C; c.706+1524T>C; c.646+1524T>C; c.784+1524T>C; c.2233T>C; c.-43-18699T>C; c.2170T>C; c.-99+32051T>C; c.2311T>C; c.1423T>C; c.2098T>C; c.787+1524T>C,p.L724L; p.L700L; p.L745L; p.L771L; p.L475L; p.L729L,47.15,Benign,34.216
17,41245466,41245466,BRCA1,c.706+1295C>T; c.1956C>T; c.1194C>T; c.1869C>T; c.2004C>T; c.-99+31822C>T; c.2082C>T; c.787+1295C>T; c.5-29498C>T; c.-43-18928C>T; c.784+1295C>T; c.646+1295C>T; c.1941C>T,p.S623S; p.S668S; p.S694S; p.S398S; p.S652S; p.S647S,43.70,Benign,34.860
17,74732507,74732507,MFSD11; SRSF2,c.-1928A>G; c.-1812A>G; c.-733A>G; c.-1623A>G; n.573T>C; n.-1694A>G; c.402T>C; c.-1530A>G; c.402T>C *; c.-1645A>G; c.-738A>G; n.-209A>G; c.-1269A>G; c.366T>C,p.S122S; p.S134S,99.72,Benign,99.703
17,74733099,74733099,MFSD11; MIR636; SRSF2,n.-1102G>A; c.-141G>A; n.-469C>T; c.-1336G>A; c.-1053G>A; n.315C>T; c.-938G>A; c.-146G>A; c.-1220G>A; c.-1031G>A; n.384G>A; c.144C>T; c.-677G>A,p.D48D,94.98,Benign,88.440
18,42456653,42456653,SETBP1,c.540+7405G>A; c.664G>A,p.A222T,47.80,Benign,52.534
18,42456670,42456671,SETBP1,c.540+7422_540+7423insTCTT; c.681_682insTCTT,p.T228Sfs*8,47.54,Benign,52.471
18,42532606,42532606,SETBP1,c.3301G>A,p.V1101I,50.26,Benign,12.136
18,42533130,42533130,SETBP1,c.3825A>G,p.S1275S,99.54,Benign,88.475
19,7711221,7711221,STXBP2,c.1443T>C; n.1458T>C; c.48T>C; c.1347T>C; c.1476T>C; c.1434T>C,p.D481D; p.D492D; p.D478D; p.D449D; p.D16D,51.70,Benign,42.083
19,7712277,7712277,STXBP2,c.1480A>G; c.1609A>G; c.1576A>G; c.1538+144A>G; n.1591A>G; c.181A>G; c.1567A>G,p.I61V; p.I494V; p.I523V; p.I526V; p.I537V,48.69,Benign,64.010
19,10260252,10260252,DNMT1,c.2100C>T; c.2415C>T; c.2463C>T,p.L821L; p.L700L; p.L805L,45.77,Likely Benign,0.441
19,10265312,10265312,DNMT1,c.1419A>G; c.1734A>G; c.1782A>G,p.T578T; p.T594T; p.T473T,99.45,Benign,99.074
19,10267077,10267077,DNMT1,c.1341A>G; c.1389A>G; c.1026A>G,p.P447P; p.P463P; p.P342P,99.54,Benign,51.810
19,33792755,33792757,CEBPA; CEBPA-DT,c.564_566del; c.522_524del; c.207_209del; c.669_671del; n.-954_-952del,p.P175del; p.P70del; p.P189del; p.P224del,1.86,Likely Benign,0.595
19,45284236,45284236,CBLC,c.428A>G,p.K143R,6.48,Uncertain Significance,
19,56180968,56180968,U2AF2,c.1191C>T; c.1203C>T,p.D397D; p.D401D,99.70,Benign,86.871
20,31022959,31022959,ASXL1,c.1869+575T>C; c.2429T>C; c.2261T>C *; c.2261T>C; c.2444T>C *,p.L754P; p.P815P; p.P754P; p.L810P,99.42,Benign,99.999
20,31024274,31024274,ASXL1,c.3576T>C; c.3744T>C; c.1869+1890T>C; c.3759T>C,p.S1253S; p.S1192S; p.S1248S,47.03,Benign,41.808
20,43252915,43252915,ADA,c.609A>G; c.597A>G; c.217-1196A>G; c.531A>G; c.217-1344A>G; n.626A>G; c.381A>G; c.534A>G; c.129A>G; c.219-1344A>G; c.612A>G; c.66-1344A>G,p.V43V; p.V127V; p.V204V; p.V203V; p.V177V; p.V199V; p.V178V,50.25,Benign,20.183
20,43264927,43264927,ADA,c.-254G>A; n.128G>A; c.36G>A; c.99G>A; c.-115G>A; c.114G>A; c.-118G>A; c.111G>A,p.V33V; p.V12V; p.V37V; p.V38V,99.63,Benign,99.525
20,57478807,57478807,GNAS,c.393C>T; c.396C>T; c.*299C>T; c.174C>T; c.*296C>T; c.351C>T; c.2322C>T; c.2325C>T; c.*254C>T; c.66C>T; c.297C>T; c.*305C>T; c.219C>T; c.2277C>T; c.216C>T; c.348C>T,p.I775I; p.I117I; p.I72I; p.I116I; p.I73I; p.I759I; p.I132I; p.I131I; p.I58I; p.I22I; p.I99I; p.I774I,51.81,Benign,54.473
20,62292822,62292824,RTEL1-TNFRSF6B; RTEL1,c.-383_-381del; n.1114_1116del; c.287_289del,p.A96del,1.26,Uncertain Significance,0.025
20,62320968,62320968,RTEL1-TNFRSF6B; RTEL1,c.1992T>C; n.2819T>C; c.1323T>C; c.2064T>C,p.D688D; p.D664D; p.D441D,96.28,Benign,74.921
20,62321655,62321655,RTEL1-TNFRSF6B; RTEL1,c.2274G>A; c.1605G>A; c.2346G>A; n.3101G>A,p.A535A; p.A758A; p.A782A,96.84,Benign,74.190
20,62322288,62322288,RTEL1-TNFRSF6B; RTEL1,c.2544T>C; c.2616T>C; n.3371T>C; c.1875T>C,p.P625P; p.P848P; p.P872P,99.05,Benign,75.007
20,62326110,62326110,RTEL1-TNFRSF6B; RTEL1; TNFRSF6B,n.3953A>C; c.2457A>C; c.-2011A>C; c.3126A>C; c.3198A>C,p.Q1042H; p.Q819H; p.Q1066H,98.38,Benign,75.489
22,17662793,17662793,ADA2,c.1359T>C; c.636T>C; c.1233T>C; c.999T>C; c.753T>C,p.Y251Y; p.Y453Y; p.Y212Y; p.Y411Y; p.Y333Y,51.32,Benign,25.903
22,17662917,17662917,ADA2,c.1114-5C>G; c.517-5C>G; c.634-5C>G; c.1240-5C>G; c.880-5C>G,,52.10,Benign,24.953
22,17669306,17669306,ADA2,c.644A>G; c.398A>G; c.281A>G; c.1004A>G; c.878A>G,p.H335R; p.H215R; p.H94R; p.H133R; p.H293R,53.33,Benign,34.448
22,17690409,17690409,ADA2,c.33C>T; c.-38-2229C>T; c.159C>T,p.N11N; p.N53N,50.39,Benign,43.280
22,23627369,23627369,BCR,c.2387A>G,p.N796S,98.68,Benign,81.784
22,23631794,23631794,BCR,c.2693C>T,p.T898I,0.90,Uncertain Significance,
22,23631801,23631801,BCR,c.2700T>C,p.N900N,49.16,Benign,29.064
22,23631813,23631814,BCR,c.2707+12dup,,45.66,Benign,28.676
22,23651619,23651619,BCR,c.3021G>A; c.2889G>A,p.P963P; p.P1007P,17.14,Likely Benign,0.202
22,23653880,23653880,BCR,c.3183-4G>A; c.3051-4G>A,,41.31,Benign,38.099
22,23653975,23653976,BCR,c.3143_3146dup; c.3275_3278dup,p.V1050Rfs*17; p.V1094Rfs*17,13.80,Uncertain Significance,0.280
22,23654017,23654017,BCR,c.3316G>A; c.3184G>A,p.D1062N; p.D1106N,16.97,Likely Pathogenic,0.024
22,23655084,23655084,BCR,c.3333C>T; c.3201C>T,p.D1067D; p.D1111D,48.78,Benign,18.052
22,29090054,29090054,CHEK2,c.1154C>T; c.764C>T; c.1427C>T; c.1226C>T; c.1340C>T; c.1556C>T; c.767C>T,p.T256M; p.T476M; p.T255M; p.T385M; p.T409M; p.T519M; p.T447M,1.16,Uncertain Significance,0.031
22,29091142,29091142,CHEK2,c.1261G>A; c.685G>A; c.1075G>A; c.1348G>A; c.688G>A; c.1477G>A; c.1147G>A,p.E421K; p.E229K; p.E359K; p.E383K; p.E493K; p.E450K; p.E230K,1.47,Likely Pathogenic,
22,30733111,30733111,SF3A1,c.2010G>T,p.V670V,98.71,Benign,19.521
X,1331495,1331495,CRLF2,c.-201C>G; c.33C>G; n.48C>G,p.A11A,45.47,Benign,21.325
X,15838366,15838366,ZRSR2,c.864C>T; c.786C>T,p.N288N; p.N262N,48.64,Benign,52.758
X,34148806,34148844,FAM47A,c.1552_1590del,p.R518_L530del,28.36,Benign,6.145
X,34149267,34149267,FAM47A,c.1129G>T,p.A377S,48.31,Benign,20.016
X,39933339,39933339,BCOR,c.1260T>C,p.D420D,93.98,Benign,89.920
X,44929077,44929077,KDM6A,c.1940C>A; c.2255C>A; c.2039C>A; c.2075C>A; c.2198C>A; c.2333C>A; c.2096C>A; c.1289C>A; n.2460C>A; c.2042C>A; c.2177C>A,p.T430K; p.T680K; p.T681K; p.T692K; p.T726K; p.T733K; p.T647K; p.T699K; p.T778K; p.T752K,44.91,Benign,13.199
X,47057647,47057647,UBA1,c.1-555A>G,,99.29,Benign,99.806
X,123179120,123179120,STAG2,c.569del,p.I190Tfs*7,0.83,Likely Pathogenic,
X,123184035,123184035,STAG2,c.894-1G>A,,1.28,Pathogenic,
X,129147079,129147079,BCORL1,c.331T>C *; c.331T>C,p.F111L; p.L111L,94.01,Benign,99.998
X,129148082,129148082,BCORL1,c.1334C>T,p.P445L,0.84,Uncertain Significance,0.001
X,130678467,130678467,IGSF1; OR13H1,c.420A>G; c.-913+34175T>C,p.V140V,99.92,Benign,64.296
X,130678596,130678596,IGSF1; OR13H1,c.549C>G; c.-913+34046G>C,p.L183L,49.57,Benign,27.233
X,130678844,130678844,IGSF1; OR13H1,c.797A>C; c.-913+33798T>G,p.Y266S,96.96,Benign,64.337
X,153994596,153994596,DKC1,n.471G>T; n.948G>T; c.-241G>T; c.369G>T; c.282G>T,p.T123T; p.T94T,99.77,Benign,99.752
X,154005089,154005091,DKC1,n.2091_2093del; c.903_905del; n.1984_1986del; c.1425_1427del; c.*738_*740del; n.2210_2212del; c.1512_1514del; c.1392_1394del; c.1473_1475del; c.1511_1513del; c.1497_1499del; c.*471_*473del,p.R504del; p.K476del; p.K500del; p.K505del; p.K492del; p.K465del; p.K302del,0.91,Likely Benign,0.380

