Chromosome,Position,End Position,Gene Symbol,Transcript Variant,Protein Variant,Variants_passing_filters-2078D_S10 (paired) - Allele Fraction,Classification,gnomAD Frequency
1,12918885,12918885,PRAMEF2,c.21G>C,p.P7P,2.09,Likely Benign,0.393
1,12919798,12919798,PRAMEF2,c.538C>T,p.L180L,0.96,Likely Benign,0.000
1,12920007,12920007,PRAMEF2,c.747T>C,p.N249N,41.49,Likely Benign,0.020
1,12921114,12921114,PRAMEF2,c.905G>A,p.C302Y,1.24,Uncertain Significance,0.041
1,12921119,12921119,PRAMEF2,c.910A>T,p.N304Y,1.61,Uncertain Significance,0.194
1,12921136,12921137,PRAMEF2,c.927_928delinsTG,p.L310V,3.59,Likely Pathogenic,
1,12921137,12921137,PRAMEF2,c.928T>A,p.L310M,0.55,Uncertain Significance,0.001
1,12921210,12921210,PRAMEF2,c.1001G>A,p.R334H,5.23,Uncertain Significance,0.066
1,12921382,12921382,PRAMEF2,c.1173T>G,p.I391M,0.69,Uncertain Significance,0.198
1,12921387,12921387,PRAMEF2,c.1178C>T,p.A393V,0.56,Uncertain Significance,0.015
1,12921391,12921391,PRAMEF2,c.1182G>A,p.L394L,17.22,Likely Benign,0.284
1,12921451,12921451,PRAMEF2,c.1242C>T,p.A414A,0.83,Likely Benign,0.054
1,12921519,12921519,PRAMEF2,c.1310T>C,p.L437P,15.28,Uncertain Significance,0.295
1,35250819,35250819,GJB3,c.456C>T,p.L152L,1.19,Uncertain Significance,
1,35250892,35250892,GJB3,c.529T>G,p.Y177D,43.67,Likely Benign,0.190
1,36932272,36932272,CSF3R,c.2197C>A; c.2278C>A; c.1801C>A,p.P601T; p.P733T; p.P760T,49.73,Likely Benign,0.116
1,36933198,36933198,CSF3R,c.1919C>T; c.1523C>T,p.T508I; p.T640I,46.04,Uncertain Significance,0.048
1,36933539,36933539,CSF3R,c.1352G>A; c.1748G>A,p.R451H; p.R583H,44.01,Uncertain Significance,0.056
1,43805046,43805046,MPL,c.475A>G; c.496A>G,p.R159G; p.R166G,0.70,Uncertain Significance,
1,43815035,43815035,MPL; ENSG00000287113,c.1544+5C>T; c.1565+5C>T; n.-520G>A,,50.49,Likely Benign,0.463
1,47685578,47685578,TAL1,c.333G>A; c.810G>A,p.G111G; p.G270G,0.58,Uncertain Significance,
1,65306996,65306997,JAK1,c.2574dup; c.2577dup; c.2451dup; c.2475dup; c.2448dup; c.2580dup,p.P859Tfs*4; p.P860Tfs*4; p.P861Tfs*4; p.P818Tfs*4; p.P826Tfs*4; p.P817Tfs*4,0.59,Likely Pathogenic,
1,65306997,65306997,JAK1,c.2451del; c.2475del; c.2448del; c.2580del; c.2577del; c.2574del,p.K816Nfs*16; p.K817Nfs*16; p.K858Nfs*16; p.K859Nfs*16; p.K860Nfs*16; p.K825Nfs*16,0.59,Pathogenic,
1,65339111,65339111,JAK1,c.425del,p.K142Rfs*24; p.K142Rfs*26,1.36,Likely Pathogenic,
1,172628474,172628476,FASLG,c.144_146del,p.P53del,0.88,Uncertain Significance,0.015
2,25457242,25457242,DNMT3A,c.2645G>A; c.1976G>A; n.3075G>A; c.2189G>A; c.2078G>A,p.R659H; p.R693H; p.R882H; p.R730H,4.57,Pathogenic,0.023
2,25469598,25469598,DNMT3A,c.501C>T; c.714C>T; n.1401C>T; c.1170C>T; c.603C>T,p.S238S; p.S201S; p.S167S; p.S390S,40.39,Likely Benign,0.039
2,25967301,25967301,ASXL2,c.1125G>A; c.1905G>A; c.1902G>A; c.1731G>A,p.Q577Q; p.Q634Q; p.Q635Q; p.Q375Q,49.96,Uncertain Significance,0.002
2,47637246,47637246,MSH2,n.408A>G; c.-1241A>G; c.-616A>G; c.-1286A>G; c.320A>G; c.-1089A>G; c.-41A>G; c.380A>G; c.182A>G; c.366+1552A>G; n.416A>G; c.-939A>G; c.-1158A>G,p.N61S; p.N107S; p.N127S,43.98,Benign,0.753
2,48027345,48027345,MSH6,c.-1623C>T; n.2312C>T; c.1833C>T; c.-3047C>T; c.1317C>T; c.1606+617C>T; c.2055C>T; c.2223C>T; c.1698C>T; c.628-460C>T; c.2229C>T; n.1085C>T; c.2145C>T; c.2319C>T; c.1926C>T,p.N566N; p.N611N; p.N685N; p.N439N; p.N743N; p.N773N; p.N642N; p.N741N; p.N715N,47.61,Likely Benign,0.001
2,48030639,48030640,MSH6,c.2355dup; c.2871dup; c.42dup; n.3451dup; n.3522dup; c.2397dup; c.108dup; n.3350dup; c.1206dup; c.3267dup; c.3173-86dup; n.2191dup; c.3357dup; c.2736dup; c.3183dup; c.3173-2110dup; c.3093dup; c.1695dup; c.2964dup; c.3261dup,p.F403Lfs*5; p.F15Lfs*5; p.F1032Lfs*5; p.F1062Lfs*5; p.F1088Lfs*5; p.F800Lfs*5; p.F913Lfs*5; p.F958Lfs*5; p.F1090Lfs*5; p.F989Lfs*5; p.F1120Lfs*5; p.F786Lfs*5; p.F37Lfs*5; p.F566Lfs*5,1.03,Pathogenic,0.006
2,48030640,48030640,MSH6,c.3093del; c.3261del; c.2355del; c.3267del; c.3183del; c.3173-2110del; c.108del; n.3451del; c.3173-86del; c.2964del; c.2397del; c.3357del; n.3522del; c.2871del; n.3350del; c.1206del; n.2191del; c.42del; c.2736del; c.1695del,p.F786Sfs*2; p.F913Sfs*2; p.F958Sfs*2; p.F1088Sfs*2; p.F37Sfs*2; p.F989Sfs*2; p.F1032Sfs*2; p.F1090Sfs*2; p.F566Sfs*2; p.F800Sfs*2; p.F1120Sfs*2; p.F403Sfs*2; p.F1062Sfs*2; p.F15Sfs*2,1.03,Pathogenic,0.001
2,61720156,61720156,XPO1,c.1278A>C; c.885A>C; c.1233A>C; c.777A>C; c.921A>C; c.1062A>C; c.1002A>C,p.K307N; p.K426N; p.K259N; p.K411N; p.K334N; p.K354N; p.K295N,2.83,Uncertain Significance,
2,198257075,198257075,SF3B1,c.3867C>T,p.N1289N,48.32,Likely Benign,0.599
2,204736106,204736106,CTLA4,c.457+450G>A; c.463G>A; c.110-1325G>A; c.535G>A,p.E155K; p.E179K,3.49,Uncertain Significance,
2,209113296,209113296,IDH1,c.211G>A,p.V71I,37.05,Benign,0.449
3,10088253,10088266,FANCD2,c.1135-11_1137del,,0.69,Likely Pathogenic,
3,10088285,10088285,FANCD2,c.1156T>G,p.F386V,11.80,Uncertain Significance,0.048
3,10088408,10088412,FANCD2,c.1278+1_1278+5delinsT,,12.44,Likely Pathogenic,
3,10091084,10091084,FANCD2,c.1440T>C,p.H480H,5.26,Likely Benign,0.029
3,10094159,10094159,FANCD2,c.1634A>G; c.1545+2970A>G,p.N545S,42.28,Likely Benign,0.423
3,10106408,10106408,FANCD2,c.2022-5C>T; c.1911-5C>T,,0.84,Likely Benign,0.051
3,10107090,10107090,FANCD2,c.2181G>A; c.2070G>A,p.P690P; p.P727P,1.51,Likely Benign,0.032
3,10107113,10107113,FANCD2,c.2204G>A; c.2093G>A,p.R735Q; p.R698Q,1.39,Likely Pathogenic,0.002
3,10107147,10107147,FANCD2,c.2238C>T; c.2127C>T,p.N746N; p.N709N,2.14,Uncertain Significance,0.003
3,10107168,10107168,FANCD2,c.2148T>C; c.2259T>C,p.D753D; p.D716D,1.07,Uncertain Significance,0.003
3,10122782,10122782,FANCD2,c.2977-2del; c.2866-2del,,0.78,Likely Pathogenic,
3,105438902,105438902,CBLB,c.1396A>G; c.1480A>G; n.1475A>G; c.67A>G; n.1687A>G; c.1462A>G; n.1511A>G; n.1819A>G; c.1249A>G; n.1735A>G; n.1438A>G; c.616A>G; c.208A>G,p.N417D; p.N206D; p.N70D; p.N23D; p.N494D; p.N466D; p.N488D,46.30,Benign,0.394
3,105464781,105464781,CBLB,c.-528A>G; n.940A>G; c.45A>G; c.678A>G; c.909A>G; c.825A>G; n.904A>G; c.-555A>G; n.1164A>G; n.867A>G; c.891A>G; n.1248A>G; n.1116A>G,p.K226K; p.K15K; p.K303K; p.K275K; p.K297K,44.74,Likely Benign,0.069
3,128200143,128200143,GATA2,c.1120A>G; c.1444A>G; c.1162A>G,p.M374V; p.M482V; p.M388V,51.28,Likely Pathogenic,
3,128202732,128202732,GATA2,c.1270C>T; c.988C>T,p.R330*; p.R424*,46.44,Pathogenic,
3,128202754,128202754,GATA2,c.966C>T; c.1248C>T,p.Y416Y; p.Y322Y,0.82,Uncertain Significance,0.001
3,128205123,128205133,GATA2,c.590_600del; c.308_318del,p.A103Gfs*78; p.A197Gfs*78,49.59,Likely Pathogenic,
3,128205878,128205880,GATA2; GATA2-AS1,n.-1552_-1550del; c.277_279del; n.-1587_-1585del; c.-6_-4del,p.P93del,0.63,Uncertain Significance,0.002
3,187447754,187447754,LOC100131635; BCL6; ENSG00000228804,n.294-2405G>A; c.439C>T,p.R147W,50.73,Uncertain Significance,0.000
3,187451338,187451338,BCL6; ENSG00000228804,c.144G>A; n.595C>T,p.T48T,49.68,Likely Benign,0.334
4,55127448,55127448,PDGFRA; ENSG00000282278,c.275G>A; c.311G>A; c.1018-13644G>A; c.236G>A,p.G104D; p.G79D; p.G92D,48.74,Likely Benign,0.891
4,55133715,55133715,PDGFRA; ENSG00000282278,c.932-4A>G; c.971-4A>G; c.1007-4A>G; c.1018-7377A>G,,50.06,Benign,1.066
4,57352505,57352505,SRP72; ENSG00000289393,n.1120G>A; c.918G>A; c.1101G>A; n.133-8568C>T,p.Q306Q; p.Q367Q,6.17,Uncertain Significance,0.000
4,57352521,57352522,SRP72; ENSG00000289393,n.133-8585_133-8584delinsAT; n.1136_1137delinsAT; c.934_935delinsAT; c.1117_1118delinsAT,p.A312I; p.A373I,0.51,Uncertain Significance,
4,106156289,106156291,TET2; TET2-AS1,n.319-57462_319-57460del; n.289-57462_289-57460del; c.1264_1266del; c.1201_1203del,p.P401del; p.P422del,0.63,Uncertain Significance,0.003
4,106156379,106156379,TET2; TET2-AS1,c.1280A>G; c.1343A>G; n.319-57550T>C; n.289-57550T>C,p.N427S; p.N448S,0.83,Uncertain Significance,
4,106158189,106158189,TET2; TET2-AS1,c.3153G>A; n.289-59360C>T; c.3090G>A; n.319-59360C>T,p.Q1051Q; p.Q1030Q,49.58,Benign,0.580
4,106196431,106196431,TET2; TET2-AS1,n.166-13954G>C; c.4827C>G; c.4764C>G; n.318+59112G>C; n.288+59112G>C,p.I1588M; p.I1609M,44.23,Uncertain Significance,0.002
4,106196770,106196770,TET2; TET2-AS1,c.5103G>A; n.166-14293C>T; n.318+58773C>T; c.5166G>A; n.288+58773C>T,p.M1701I; p.M1722I,51.01,Uncertain Significance,0.426
4,106196819,106196819,TET2; TET2-AS1,n.166-14342C>A; n.318+58724C>A; c.5215G>T; c.5152G>T; n.288+58724C>A,p.V1718L; p.V1739L,48.47,Likely Benign,0.379
4,153268228,153268230,FBXW7,c.345-7_345-5del; c.231-7_231-5del; c.585-7_585-5del,,1.37,Likely Pathogenic,0.141
5,1254571,1254571,ENSG00000287486; TERT,c.3018C>T; n.289-218G>A; n.2915C>T; c.3207C>T; n.2879C>T,p.A1069A; p.A1006A,44.70,Uncertain Significance,0.016
5,1293676,1293678,TERT; ENSG00000300381,n.1402_1404del; c.1323_1325del; n.-1570_-1568del,p.E441del,44.52,Likely Benign,0.172
5,1294222,1294222,TERT; ENSG00000300381,n.-1032C>T; c.779G>A; n.858G>A,p.G260D,42.61,Likely Benign,0.006
5,1294665,1294665,TERT; ENSG00000300381,c.336del; n.415del; n.-583del,p.E113Rfs*15,1.47,Uncertain Significance,0.003
5,140432626,140432626,PCDHB1-AS1; PCDHB1,n.357+9370G>A; n.707+443G>A; n.160+9370G>A; c.1571C>T; n.357-1871G>A,p.A524V,47.60,Uncertain Significance,0.885
5,149433732,149433734,CSF1R,c.2817_2819del; n.2710_2712del; n.2781_2783del; c.2373_2375del,p.S792del; p.S940del,0.59,Uncertain Significance,0.002
5,149447806,149447808,CSF1R,n.1723_1725del; c.1596_1598del; n.1652_1654del; c.1152_1154del,p.L537del; p.L389del,0.81,Uncertain Significance,0.005
5,149449828,149449828,CSF1R,c.1236C>T; n.1292C>T; c.792C>T; n.1363C>T,p.N412N; p.N264N,50.69,Likely Benign,0.001
5,149456995,149456995,CSF1R,c.289G>T; n.860G>T; c.733G>T; n.789G>T,p.A245S; p.A97S,48.08,Benign,0.933
5,149459831,149459831,CSF1R,n.432C>T; c.-69C>T; c.376C>T; n.503C>T,p.P126S,1.57,Uncertain Significance,
5,170827157,170827159,NPM1,c.525-5136_525-5134del; c.247-7553_247-7551del; c.346_348del; c.244_246del; c.259-7534_259-7532del; c.538_540del; n.510_512del,p.D180del; p.D82del; p.D116del,0.72,Uncertain Significance,0.008
5,170837527,170837527,NPM1,c.880-4C>T; c.934-4C>T; c.466-4C>T; c.334-4C>T; c.760-4C>T; c.568-4C>T; n.819-4C>T; c.847-4C>T; c.655-4C>T; c.*30-4C>T,,0.76,Uncertain Significance,0.026
5,176636915,176636915,NSD1,c.1206T>C; c.762T>C; c.1095T>C; c.642T>C; c.1515T>C,p.N365N; p.N214N; p.N402N; p.N254N; p.N505N,41.32,Likely Benign,0.215
5,176675269,176675269,NSD1,c.4171del; c.3718del; c.3838del; c.4282del; c.4591del,p.M1240Cfs*43; p.M1280Cfs*43; p.M1428Cfs*43; p.M1391Cfs*43; p.M1531Cfs*43,0.54,Likely Pathogenic,
5,176939826,176939826,DDX41; DOK3,c.976C>T; c.1354C>T; c.-2062C>T,p.L326L; p.L452L,48.52,Likely Benign,0.119
6,18130993,18130993,TPMT; ENSG00000307971,n.267+7656C>T; c.644G>A; c.599G>A,p.R215H; p.R200H,49.42,Likely Benign,0.237
6,18143955,18143955,TPMT; ENSG00000307971,c.238G>C; n.268-5764C>G,p.A80P,49.63,Uncertain Significance,0.168
6,33287898,33287900,DAXX,c.1389_1391del; c.1128_1130del; c.1353_1355del,p.E457del; p.E382del; p.E469del,0.69,Uncertain Significance,0.031
6,33289246,33289246,DAXX,c.342G>A; c.81G>A; c.306G>A,p.S102S; p.S27S; p.S114S,49.47,Uncertain Significance,0.165
7,2963941,2963943,CARD11,c.1864_1866del,p.S622del,1.01,Uncertain Significance,0.001
7,2966383,2966383,CARD11,c.1797A>G,p.L599L,0.81,Uncertain Significance,
7,2968291,2968291,CARD11,c.1695C>T,p.A565A,43.71,Benign,0.774
7,6026708,6026708,PMS2,c.755G>T; c.1283G>T; c.1712G>T; c.803+10249G>T; c.1688G>T; c.1874G>T; c.1175G>T; c.1580G>T; n.1775G>T; c.1532G>T; c.1127G>T; c.1352G>T; c.804-4086G>T; c.917G>T; c.1370G>T; c.1214G>T; c.1223G>T; c.1685G>T; c.1364G>T; c.1379G>T; c.1115G>T; c.1490G>T; c.1322G>T; c.1520G>T,p.R451L; p.R625L; p.R306L; p.R455L; p.R460L; p.R408L; p.R428L; p.R392L; p.R372L; p.R405L; p.R376L; p.R497L; p.R562L; p.R441L; p.R457L; p.R252L; p.R571L; p.R507L; p.R527L; p.R563L; p.R511L,37.58,Benign,0.641
7,6027002,6027002,PMS2,c.1238A>G; c.1070A>G; c.821A>G; c.920A>G; c.1058A>G; c.989A>G; c.1394A>G; c.623A>G; c.1580A>G; n.1481A>G; c.1196A>G; c.1028A>G; c.804-4380A>G; c.1076A>G; c.881A>G; c.803+9955A>G; c.1226A>G; c.461A>G; c.929A>G; c.1418A>G; c.833A>G; c.1085A>G; c.1391A>G; c.1286A>G,p.K274R; p.K294R; p.K307R; p.K359R; p.K343R; p.K278R; p.K399R; p.K464R; p.K362R; p.K310R; p.K330R; p.K208R; p.K527R; p.K357R; p.K353R; p.K409R; p.K429R; p.K413R; p.K473R; p.K465R; p.K154R,0.95,Likely Benign,0.002
7,6043613,6043613,PMS2,c.-113C>T; c.-245C>T; c.25C>T; c.-63C>T; c.-142C>T; n.327C>T; c.-645C>T; c.-341C>T; c.426C>T; c.-192C>T; c.-52-1346C>T; c.-156C>T; c.240C>T; c.-166C>T,p.F80F; p.F142F; p.R9*,5.46,Likely Benign,0.007
7,6043666,6043666,PMS2,c.-219G>A; c.-116G>A; c.-29G>A; c.373G>A; c.-52-1399G>A; c.-245G>A; c.-195G>A; n.274G>A; c.-166G>A; c.-298G>A; c.-209G>A; c.-394G>A; c.187G>A; c.-698G>A,p.V63M; p.V125M,0.68,Uncertain Significance,0.000
7,6043675,6043675,PMS2,c.-254G>A; c.-38G>A; c.-707G>A; c.178G>A; c.-125G>A; c.-228G>A; c.-218G>A; n.265G>A; c.-204G>A; c.-403G>A; c.-52-1408G>A; c.-307G>A; c.-175G>A; c.364G>A,p.D60N; p.D122N,0.71,Uncertain Significance,0.004
7,6043676,6043676,PMS2,c.-229G>A; c.-126G>A; c.363G>A; c.-219G>A; c.-255G>A; c.-39G>A; c.-404G>A; c.-708G>A; n.264G>A; c.-205G>A; c.-52-1409G>A; c.177G>A; c.-308G>A; c.-176G>A,p.K59K; p.K121K,1.67,Likely Benign,
7,55233080,55233080,EGFR,c.1830C>T; c.1029C>T; c.1695C>T; c.1671C>T,p.Y343Y; p.Y610Y; p.Y565Y; p.Y557Y,50.14,Likely Benign,0.160
7,55238227,55238227,EGFR,c.1080-641C>T; c.2108C>T; c.1881-641C>T; c.1746-641C>T; c.1722-641C>T,p.S703F,49.37,Benign,1.170
7,55270257,55270257,EGFR,c.3075C>T; c.3051C>T; c.2409C>T; c.3210C>T,p.S1025S; p.S803S; p.S1070S; p.S1017S,54.50,Likely Benign,0.103
7,92731759,92731760,SAMD9,c.3651dup,p.D1218*,40.97,Likely Benign,0.241
7,92732731,92732731,SAMD9,c.2680A>G,p.K894E,41.30,Benign,0.727
7,92734416,92734416,SAMD9,c.995T>C,p.I332T,48.20,Likely Benign,0.420
7,92735258,92735258,SAMD9,c.153del,p.E52Nfs*16,0.68,Uncertain Significance,
7,92760738,92760738,SAMD9L,c.4547del,p.N1516Mfs*10,1.05,Uncertain Significance,0.000
7,92761061,92761061,SAMD9L,c.4224del,p.K1408Nfs*10,1.05,Uncertain Significance,0.002
7,92763372,92763372,SAMD9L,c.1913G>A,p.R638H,46.11,Likely Benign,0.254
7,101713691,101713691,CUX1,c.295G>A; c.262G>A; c.184G>A; c.247G>A,p.V83I; p.V62I; p.V99I; p.V88I,51.12,Uncertain Significance,0.198
7,101821895,101821895,CUX1,c.1008A>T; c.1002A>T; c.960A>T; c.891A>T; c.870A>T; c.975A>T,p.S336S; p.S325S; p.S320S; p.S334S; p.S297S; p.S290S,0.63,Uncertain Significance,
7,101845066,101845066,CUX1,c.2354C>T; c.2522C>T; c.2048C>T; c.1207+6183C>T; c.1255+6183C>T; c.1117+6183C>T; c.1138+6183C>T; c.1249+6183C>T; c.2489C>T,p.P785L; p.P841L; p.P830L; p.P683L,44.65,Uncertain Significance,0.018
7,101892133,101892135,CUX1,c.1250-24491_1250-24489del; c.1208-24491_1208-24489del; c.1139-24491_1139-24489del; c.4375_4377del; c.1256-24491_1256-24489del; c.3901_3903del; c.4207_4209del; c.1118-24491_1118-24489del; c.4342_4344del,p.S1301del; p.S1403del; p.S1448del; p.S1459del,0.66,Likely Benign,0.370
7,101916646,101916647,CUX1,c.1265_1266delinsGG; c.1259_1260delinsGG; c.1148_1149delinsGG; c.1127_1128delinsGG; c.1217_1218delinsGG,p.A422G; p.A406G; p.A383G; p.A376G; p.A420G,48.20,Uncertain Significance,
7,103131196,103131196,RELN; SLC26A5-AS1,n.308-22020T>G; n.1366-13655T>G; n.876T>G; c.9524A>C,p.H3175P,50.48,Likely Benign,0.200
7,103136218,103136218,RELN; SLC26A5-AS1,n.308-16998G>A; c.9321C>T; n.1366-8633G>A,p.L3107L,83.75,Likely Benign,0.082
7,103155665,103155665,RELN,c.8086G>A,p.A2696T,50.60,Likely Benign,0.373
7,103194196,103194196,RELN,c.5880A>G,p.T1960T,47.76,Likely Benign,0.038
7,103198427,103198427,RELN,c.5599A>C,p.R1867R,48.51,Likely Benign,0.004
7,103202401,103202402,RELN,c.5211-2_5211-1delinsT,,0.92,Likely Pathogenic,
7,103202405,103202406,RELN,c.5211-6_5211-5del,,1.50,Uncertain Significance,0.001
7,103205827,103205827,RELN,c.5108C>G,p.P1703R,50.99,Uncertain Significance,0.351
7,103205893,103205893,RELN,c.5042G>A,p.S1681N,0.83,Uncertain Significance,0.002
7,103230238,103230238,RELN,c.3950C>T,p.A1317V,0.68,Uncertain Significance,
7,103244853,103244853,RELN,c.3086T>C,p.I1029T,47.95,Uncertain Significance,0.002
7,103301976,103301977,RELN,c.1290-3dup,,1.55,Benign,0.535
7,103301977,103301977,RELN,c.1290-3del,,3.89,Likely Benign,0.024
7,103338537,103338537,RELN,c.906C>T,p.A302A,45.68,Likely Benign,0.087
7,103389908,103389908,RELN,c.621C>T,p.D207D,43.99,Likely Benign,0.169
7,103629803,103629804,RELN,c.-3_-1dup,,0.65,Uncertain Significance,0.820
7,103629803,103629804,RELN,c.-9_-1dup,,24.69,Uncertain Significance,1.117
7,103629803,103629804,RELN,c.-12_-1dup,,36.38,Likely Benign,0.785
7,103629804,103629806,RELN,c.-3_-1del,,1.62,Likely Benign,1.127
7,139090515,139090515,FMC1-LUC7L2; LUC7L2,c.492A>G; c.690A>G; c.483A>G; c.489A>G,p.A230A; p.A161A; p.A163A; p.A164A,49.92,Uncertain Significance,0.437
7,139094364,139094365,FMC1-LUC7L2; LUC7L2,c.757_758dup; c.955_956dup; c.754_755dup; c.748_749dup,p.E251Kfs*6; p.E253Kfs*6; p.E320Kfs*6; p.E254Kfs*6,0.56,Uncertain Significance,0.001
7,140449164,140449164,BRAF,c.1849G>A; c.1651G>A; c.2035G>A; c.1759G>A; c.1915G>A; c.1804G>A; c.1813G>A; c.1924G>A,p.V587I; p.V642I; p.V679I; p.V602I; p.V605I; p.V639I; p.V617I; p.V551I,1.41,Likely Pathogenic,
7,148543694,148543695,EZH2,c.118-5_118-4del,,4.69,Likely Benign,0.254
7,151836879,151836879,KMT2C; ENSG00000293764,c.14515-3del; c.13897-3del; n.-903del; c.14344-3del,,1.45,Uncertain Significance,0.003
7,151874013,151874013,KMT2C,c.8525del; c.8300del,p.N2842Mfs*21; p.N2767Mfs*21,0.64,Likely Pathogenic,0.000
7,151874147,151874148,KMT2C,c.8165dup; c.8390dup,p.E2798Gfs*11; p.E2723Gfs*11,1.46,Pathogenic,0.004
7,151874148,151874148,KMT2C,c.8165del; c.8390del,p.K2722Rfs*26; p.K2797Rfs*26,3.74,Pathogenic,0.195
7,151875096,151875097,KMT2C,c.7218-2dup; c.7443-2dup,,0.67,Uncertain Significance,0.068
7,151875100,151875100,KMT2C,c.7218-5delinsTTTTTTT; c.7443-5delinsTTTTTTT,,0.61,Uncertain Significance,
7,151878841,151878841,KMT2C,c.5879C>T; c.6104C>T,p.P1960L; p.P2035L,49.49,Uncertain Significance,0.001
7,151879084,151879084,KMT2C,c.5636C>G; c.5861C>G,p.S1879C; p.S1954C,47.34,Uncertain Significance,0.013
7,151892636,151892636,KMT2C,c.4154-983T>C; c.4378+356T>C,,46.24,Uncertain Significance,1.233
7,151902216,151902216,KMT2C,c.3936C>T; c.3816C>T,p.S1272S; p.S1312S,0.58,Uncertain Significance,0.002
7,151919738,151919738,KMT2C,c.3233A>G; c.3353A>G,p.N1118S; p.N1078S,45.90,Uncertain Significance,0.021
7,151921099,151921099,KMT2C,c.3203+1G>A; c.3323+1G>A,,1.52,Pathogenic,
7,151921114,151921114,KMT2C,c.3309T>A; c.3189T>A,p.C1063*; p.C1103*,0.56,Pathogenic,
7,151921237,151921237,KMT2C,c.3186A>G; c.3066A>G,p.A1022A; p.A1062A,0.81,Uncertain Significance,
7,151921255,151921255,KMT2C,c.3168G>A; c.3048G>A,p.W1056*; p.W1016*,5.36,Likely Pathogenic,
7,151921586,151921586,KMT2C,c.3092G>T; c.2972G>T,p.S991I; p.S1031I,1.20,Uncertain Significance,
7,151927089,151927089,KMT2C,c.2895T>C; c.2775T>C,p.S925S; p.S965S,13.61,Uncertain Significance,0.174
7,151932923,151932923,KMT2C,c.2628C>T; c.2748C>T,p.I876I; p.I916I,0.89,Uncertain Significance,0.338
7,151932961,151932961,KMT2C,c.2710C>T; c.2590C>T,p.R904*; p.R864*,0.57,Uncertain Significance,0.132
7,151933014,151933014,KMT2C,c.2657G>A; c.2537G>A,p.R886H; p.R846H,0.55,Uncertain Significance,0.010
7,151935788,151935788,KMT2C,c.2652+4A>C; c.2533-2770A>C,,4.07,Uncertain Significance,
7,151945051,151945051,KMT2C,c.2468delinsAC; c.2471delinsAC,p.I824Nfs*5; p.I823Nfs*5,0.59,Likely Pathogenic,
7,151945225,151945225,KMT2C,c.2297A>G; c.2294A>G,p.E766G; p.E765G,5.61,Uncertain Significance,0.474
7,151945228,151945228,KMT2C,c.2294C>T; c.2291C>T,p.S765F; p.S764F,11.79,Uncertain Significance,0.012
7,151945256,151945256,KMT2C,c.2263C>T; c.2266C>T,p.Q756*; p.Q755*,2.25,Likely Pathogenic,0.563
7,151945291,151945291,KMT2C,c.2228C>T; c.2231C>T,p.P743L; p.P744L,1.22,Uncertain Significance,0.001
7,151945313,151945313,KMT2C,c.2209T>C; c.2206T>C,p.L736L; p.L737L,0.86,Likely Benign,0.147
7,151962134,151962134,KMT2C,c.1176C>A; c.1173C>A,p.C392*; p.C391*,0.67,Pathogenic,0.262
7,151962168,151962168,KMT2C,c.1139G>T; c.1142G>T,p.R381L; p.R380L,0.55,Uncertain Significance,0.146
7,151962257,151962257,KMT2C,c.1053G>A; c.1050G>A,p.P351P; p.P350P,4.96,Uncertain Significance,0.100
7,151962265,151962265,KMT2C,c.1042G>A; c.1045G>A,p.D348N; p.D349N,4.58,Uncertain Significance,0.033
7,151962269,151962269,KMT2C,c.1041G>A; c.1038G>A,p.V347V; p.V346V,0.64,Uncertain Significance,0.012
7,151962290,151962290,KMT2C,c.1020G>C; c.1017G>C,p.K339N; p.K340N,4.60,Uncertain Significance,0.008
7,151970797,151970797,KMT2C,c.1008T>A; c.1005T>A,p.P336P; p.P335P,4.33,Uncertain Significance,0.244
7,151970835,151970835,KMT2C,c.967A>G; c.970A>G,p.I323V; p.I324V,4.20,Uncertain Significance,0.016
7,151970859,151970859,KMT2C,c.946G>T; c.943G>T,p.G315C; p.G316C,2.91,Uncertain Significance,0.010
7,151970859,151970859,KMT2C,c.943G>A; c.946G>A,p.G315S; p.G316S,4.25,Likely Benign,0.425
7,151970868,151970868,KMT2C,c.934G>T; c.937G>T,p.A313S; p.A312S,0.51,Uncertain Significance,
7,151970877,151970877,KMT2C,c.925C>T; c.928C>T,p.P309S; p.P310S,6.62,Uncertain Significance,0.519
7,151970899,151970899,KMT2C,c.903A>G; c.906A>G,p.K302K; p.K301K,4.04,Uncertain Significance,0.000
7,151970911,151970911,KMT2C,c.891C>T; c.894C>T,p.C297C; p.C298C,4.41,Uncertain Significance,0.000
7,151970924,151970924,KMT2C,c.878C>T; c.881C>T,p.A294V; p.A293V,5.92,Uncertain Significance,0.000
7,151970939,151970939,KMT2C,c.863G>T; c.866G>T,p.C289F; p.C288F,5.91,Uncertain Significance,
7,151970951,151970951,KMT2C,c.854G>A; c.851G>A,p.R284Q; p.R285Q,5.39,Likely Benign,0.327
7,152132743,152132746,KMT2C; FABP5P3,n.-1237_-1234del; n.-37_-34del; c.126_129del,p.D43Afs*61; p.D43Afs*62,1.04,Likely Pathogenic,
8,30915970,30915971,WRN,c.15dup,p.L6Ifs*12,0.71,Uncertain Significance,0.001
8,30915971,30915971,WRN,c.15del,p.K5Nfs*15,0.81,Likely Pathogenic,0.003
8,30941211,30941211,WRN,c.1270-4A>T,,1.77,Uncertain Significance,0.000
8,30945377,30945379,WRN,c.1530_1532del,p.E510del,0.60,Uncertain Significance,0.017
8,30969283,30969283,WRN,c.2241T>G,p.L747L,43.45,Likely Benign,0.276
8,30977943,30977943,WRN,c.2630+10del,,1.42,Uncertain Significance,0.002
8,30982451,30982451,WRN,c.2760A>G,p.K920K,1.43,Uncertain Significance,
8,38285914,38285916,FGFR1,c.129_131del; c.372_374del; c.495_497del; c.396_398del,p.D44del; p.D133del; p.D125del; p.D166del,0.82,Pathogenic,0.014
8,41790747,41790749,KAT6A,c.4989_4991del,p.P1664del,0.67,Uncertain Significance,0.006
8,41790787,41790789,KAT6A,c.4949_4951del,p.Q1650del,0.56,Uncertain Significance,0.009
8,41790824,41790824,KAT6A,c.4914C>T,p.C1638C,50.24,Benign,0.987
8,41791592,41791592,KAT6A,c.4146G>A,p.T1382T,45.53,Likely Benign,0.052
8,41798420,41798422,KAT6A,c.2977_2979del,p.E993del,0.64,Uncertain Significance,0.006
8,41834752,41834754,KAT6A,c.1135_1137del,p.S379del,0.57,Uncertain Significance,
8,90949268,90949268,NBN,c.2271T>C; c.1995T>C; c.2151T>C; c.1974T>C; c.2185-1428T>C; c.2220T>C; c.1908T>C,p.A717A; p.A740A; p.A665A; p.A636A; p.A658A; p.A757A,51.52,Uncertain Significance,0.056
8,90955519,90955519,NBN,c.1834A>G; c.1921A>G; c.2146A>G; c.1900A>G; c.2077A>G,p.N612D; p.N634D; p.N716D; p.N693D; p.N641D,48.20,Likely Benign,0.262
8,90965666,90965666,NBN,c.1405del; c.1339del; c.1651del,p.R469Gfs*8; p.R551Gfs*8; p.R447Gfs*8,0.59,Pathogenic,
8,90982659,90982659,NBN,c.583A>C; c.585-5924A>C; c.829A>C,p.N195H; p.N277H,0.56,Uncertain Significance,
8,117864952,117864953,RAD21,c.1162-7_1162-6dup,,3.51,Uncertain Significance,0.149
8,128750605,128750607,CASC11; MYC,c.-192_-190del; c.109_111del; c.151_153del; c.154_156del; n.-84_-82del,p.Q37del; p.Q51del; p.Q52del,0.84,Uncertain Significance,0.002
9,5065003,5065003,JAK2,c.730C>G; c.-39C>G; n.1578C>G; n.1661C>G; c.1177C>G,p.L393V; p.L244V,42.52,Benign,0.788
9,5069153,5069153,JAK2,c.1458T>G; c.1011T>G; n.1859T>G; c.243T>G; n.1942T>G,p.V486V; p.V337V; p.V81V,51.03,Likely Benign,0.093
9,5126443,5126443,INSL6; JAK2,c.3288T>A; c.2841T>A; n.3689T>A; c.*11-1932A>T; n.3772T>A; c.2073T>A,p.D691E; p.D947E; p.D1096E,49.05,Likely Benign,0.125
9,35074424,35074424,VCP; FANCG,c.-2269T>C; c.1704T>C; c.-2074T>C; c.-2201T>C; c.1698T>C; c.-2789T>C; c.-2209T>C,p.T566T; p.T568T,49.25,Likely Benign,0.001
9,35075022,35075022,FANCG,c.1532G>A; c.1538G>A,p.R511Q; p.R513Q,99.81,Likely Benign,0.850
9,37020769,37020769,PAX5,c.-112-5578del; n.313del; c.76del; c.-249del,p.V26Ffs*3,0.58,Likely Pathogenic,
9,37034023,37034023,PAX5,n.243T>A; c.-153T>A; c.6T>A,p.D2E,47.27,Likely Benign,0.338
9,86586806,86586808,HNRNPK-AS1; HNRNPK,n.139_141del; c.942_944del; c.870_872del; n.-193_-191del,p.P315del; p.P291del,0.67,Uncertain Significance,0.003
9,86586877,86586877,HNRNPK-AS1; HNRNPK,n.199G>A; c.873C>T; c.801C>T; n.-133G>A,p.P291P; p.P267P,0.96,Uncertain Significance,
9,86586890,86586890,HNRNPK-AS1; HNRNPK,c.788G>A; c.860G>A; n.212C>T; n.-120C>T,p.R263Q; p.R287Q,1.00,Uncertain Significance,0.000
9,86586893,86586893,HNRNPK-AS1; HNRNPK,n.-117C>T; c.785G>A; c.857G>A; n.215C>T,p.R262H; p.R286H,5.19,Uncertain Significance,
9,86586904,86586912,HNRNPK-AS1; HNRNPK,c.766_774del; n.229_237del; c.838_846del; n.-103_-95del,p.Y256_D258del; p.Y280_D282del,5.48,Uncertain Significance,
9,97869536,97869536,FANCC,c.1345G>A,p.V449M,48.18,Benign,0.755
9,97897631,97897631,FANCC,c.840G>A,p.S280S,49.76,Likely Benign,0.056
9,133729620,133729620,ABL1,c.249T>G; c.306T>G,p.T102T; p.T83T,50.71,Likely Benign,0.614
9,133756050,133756050,ABL1,c.1677C>T; c.1734C>T,p.S559S; p.S578S,49.06,Likely Benign,0.338
9,133759490,133759492,ABL1,c.1883_1885del; c.1826_1828del,p.K609del; p.K628del,1.22,Uncertain Significance,0.037
9,133760106,133760106,ABL1,c.2429C>T; c.2486C>T,p.P810L; p.P829L,49.10,Likely Benign,0.528
9,139390945,139390947,NOTCH1,c.7124_7126del; c.7244_7246del; c.4841_4843del; c.7130_7132del,p.P2375del; p.P2415del; p.P2377del; p.P1614del,1.03,Uncertain Significance,0.003
9,139399121,139399121,NOTCH1,c.4904+4A>T; c.2615+4A>T; c.4898+4A>T; c.5018+4A>T,,0.75,Uncertain Significance,
9,139402584,139402584,NOTCH1,c.930C>T; c.3219C>T; c.3333C>T,p.D1111D; p.D1073D; p.D310D,46.74,Likely Benign,0.393
9,139409089,139409089,NOTCH1,c.2080G>A; c.1966G>A; c.-1881G>A,p.E656K; p.E694K,49.00,Likely Benign,0.064
9,139412728,139412728,NOTCH1,c.1116C>G,p.L372L,50.60,Uncertain Significance,0.004
9,139413269,139413269,NOTCH1,c.873C>T,p.Y291Y,47.66,Likely Benign,0.147
9,139413921,139413921,NOTCH1,c.839A>G,p.N280S,49.38,Uncertain Significance,0.010
9,139418386,139418386,NOTCH1,c.186G>C,p.P62P,48.50,Likely Benign,0.058
10,27301849,27301849,ANKRD26,c.4915C>T; c.4912C>T,p.R1638W; p.R1639W,50.91,Uncertain Significance,0.002
10,27322259,27322259,ANKRD26,c.3699del; c.3702del,p.K1233Nfs*19; p.K1234Nfs*19,0.64,Likely Pathogenic,
10,27329038,27329038,ANKRD26,c.2228del; c.2231del,p.N743Ifs*8; p.N744Ifs*8,0.80,Uncertain Significance,0.001
10,27333122,27333123,ANKRD26,c.1983-4_1983-3del; c.1986-4_1986-3del,,2.59,Uncertain Significance,0.422
10,27335399,27335399,ANKRD26,c.1865G>A; c.1868G>A,p.R622Q; p.R623Q,52.92,Benign,0.811
10,27337806,27337808,ANKRD26,c.1736_1738del,p.D579del,0.82,Likely Benign,0.003
10,27368038,27368038,ANKRD26,c.793G>A,p.D265N,47.62,Benign,0.562
10,27369086,27369086,ANKRD26,c.741-996del,,1.77,Uncertain Significance,0.024
10,27381410,27381410,ANKRD26,c.563G>A,p.S188N,0.61,Uncertain Significance,
10,89692921,89692921,PTEN,c.498A>T; c.405A>T; c.-346A>T; c.924A>T; c.360A>T,p.I120I; p.I308I; p.I135I; p.I166I,0.72,Uncertain Significance,
10,89692923,89692923,PTEN,c.407G>A; c.926G>A; c.-344G>A; c.362G>A; c.500G>A,p.C136Y; p.C309Y; p.C167Y; p.C121Y,0.92,Pathogenic,
10,89720649,89720649,PTEN,c.802-2A>T; c.895-2A>T; c.211-2A>T; c.1321-2A>T; c.757-2A>T,,0.62,Pathogenic,0.005
10,90762896,90762896,FAS,c.141G>A; n.220G>A; n.307G>A; n.450G>A; c.186G>A,p.Q62Q; p.Q47Q,45.16,Benign,0.674
10,90768676,90768676,FAS,n.531C>T; n.363-1620C>T; n.674C>T; n.276-1620C>T; c.410C>T; n.413+1082C>T; c.365C>T,p.T122I; p.T137I,43.90,Likely Benign,0.270
10,112357944,112357944,SMC3,c.2164G>A,p.E722K,1.07,Uncertain Significance,
10,112362348,112362348,SMC3,c.3222T>C,p.S1074S,7.80,Uncertain Significance,
11,30033224,30033224,KCNA4,c.1002C>T,p.D334D,46.37,Uncertain Significance,0.028
11,30033563,30033563,KCNA4,c.663del,p.F221Lfs*21,0.95,Uncertain Significance,0.000
11,30034029,30034031,KCNA4,c.195_197del,p.H65del,1.61,Uncertain Significance,0.006
11,32456485,32456487,WT1-AS; WT1,n.-820_-818del; c.-969_-967del; n.599_601del; n.-672_-670del; n.-374_-372del; n.-715_-713del; n.-608_-606del; n.-676_-674del; n.-568_-566del; n.-629_-627del; n.-770_-768del; n.-1089_-1087del; n.-850_-848del; n.-874_-872del; c.-1278_-1276del; n.-811_-809del; n.-843_-841del; c.201_203del; c.420_422del,p.P141del; p.P68del,0.77,Uncertain Significance,0.013
11,32456619,32456621,WT1-AS; WT1,n.-718_-716del; c.67_69del; n.-679_-677del; n.-436_-434del; n.-540_-538del; n.-688_-686del; n.-742_-740del; c.-1412_-1410del; n.-544_-542del; n.465_467del; n.-583_-581del; n.-476_-474del; n.-638_-636del; n.-957_-955del; c.-1103_-1101del; n.-497_-495del; n.-711_-709del; n.-242_-240del; c.286_288del,p.G96del; p.G23del,0.61,Uncertain Significance,0.021
11,64533455,64533455,SF1,c.2130G>A; c.1958-465G>A; c.1750G>A; c.1755G>A; c.1242-465G>A; c.1587-465G>A; c.1238-465G>A; c.1476-465G>A; c.1583-465G>A; c.1578-465G>A; c.1677G>A,p.P559P; p.A584T; p.P710P; p.P585P,52.81,Uncertain Significance,0.001
11,64534503,64534505,SF1,c.1403-61_1403-59del; c.1453_1455del; c.1104_1106del; c.1449_1451del; c.1824_1826del; c.1108_1110del; c.1371_1373del; c.1444_1446del,p.P610del; p.A370del; p.A482del; p.P485del; p.P370del; p.A485del; p.P459del,1.37,Uncertain Significance,0.186
11,72945799,72945799,P2RY2,c.595A>G,p.S199G,48.20,Uncertain Significance,0.114
11,108043888,108043888,NPAT,c.1823T>C,p.V608A,47.39,Benign,0.747
11,108044069,108044069,NPAT,c.1642del,p.S548Vfs*11,0.73,Uncertain Significance,
11,108100039,108100039,ATM,c.320G>A,p.C107Y,51.00,Likely Benign,0.021
11,108106399,108106399,ATM,c.334G>A,p.A112T,51.46,Likely Benign,0.027
11,108129778,108129778,ATM,c.2442C>A,p.D814E,47.23,Likely Benign,0.240
11,108155205,108155205,ATM,c.3993+5G>T,,42.58,Likely Benign,0.091
11,108158375,108158375,ATM,c.4042T>C,p.L1348L,49.63,Likely Benign,0.188
11,108164151,108164151,ATM,c.4723C>T; c.4437-1503C>T,p.R1575C,0.62,Uncertain Significance,
11,108170612,108170612,ATM,c.5177G>T,p.C1726F,0.50,Uncertain Significance,
11,108192118,108192118,C11orf65; ATM,c.641-12320C>A; c.*39-12320C>A; c.6543G>T,p.E2181D,47.90,Uncertain Significance,0.018
11,108196957,108196958,C11orf65; ATM,c.6975+13dup; c.*38+8989dup; c.641-17160dup,,0.81,Likely Benign,0.009
11,108200946,108200946,C11orf65; ATM,c.*38+5001G>A; c.7313C>T; c.641-21148G>A,p.T2438I,50.72,Likely Benign,0.019
11,108235824,108235824,C11orf65; ATM,c.8867del; n.1105-8988del; c.694+20823del; c.640+20823del; c.*2-8988del,p.P2956Hfs*7,0.57,Likely Pathogenic,
11,118307279,118307281,KMT2A; ENSG00000285827; ENSG00000255384,n.-1360_-1358del; n.-1131_-1129del; c.63_65del; c.214-11050_214-11048del; c.-798-32200_-798-32198del,p.G23del,0.50,Uncertain Significance,0.009
11,118307316,118307316,KMT2A; ENSG00000285827; ENSG00000255384,n.-1395G>C; c.-798-32174C>G; n.-1166G>C; c.89C>G; c.214-11024C>G,p.A30G,47.68,Likely Benign,1.768
11,118307414,118307416,KMT2A; ENSG00000285827; ENSG00000255384,c.200_202del; c.214-10913_214-10911del; n.-1495_-1493del; c.-798-32063_-798-32061del; n.-1266_-1264del,p.A67del,1.23,Benign,0.792
11,118344494,118344495,KMT2A; ENSG00000285827,c.503-391_503-390del; c.2728_2729del; c.2629_2630del; c.1399_1400del,p.D877Pfs*8; p.D467Pfs*8; p.D910Pfs*8,0.82,Likely Pathogenic,0.000
11,118352721,118352721,KMT2A; ENSG00000285827,c.2696C>T; c.1409C>T; c.4025C>T; c.3926C>T,p.P470L; p.P1342L; p.P899L; p.P1309L,49.26,Uncertain Significance,0.003
11,118370065,118370065,KMT2A,c.6099C>T; c.6108C>T; c.6000C>T; c.5886C>T; c.6081C>T; c.6009C>T,p.D2000D; p.D2033D; p.D1962D; p.D2027D; p.D2036D; p.D2003D,49.56,Uncertain Significance,0.109
11,118371786,118371786,KMT2A,c.6234C>T; c.6120C>T; c.6243C>T; c.6333C>T; c.6342C>T; c.6315C>T,p.V2105V; p.V2111V; p.V2078V; p.V2114V; p.V2081V; p.V2040V,44.24,Likely Benign,0.163
11,118373179,118373179,KMT2A,c.6662G>A; c.6671G>A; c.6644G>A; c.6572G>A; c.6563G>A; c.6449G>A,p.R2191Q; p.R2150Q; p.R2221Q; p.R2188Q; p.R2224Q; p.R2215Q,50.75,Uncertain Significance,0.093
11,118373292,118373292,KMT2A,c.6757T>A; c.6775T>A; c.6784T>A; c.6676T>A; c.6562T>A; c.6685T>A,p.S2229T; p.S2259T; p.S2226T; p.S2188T; p.S2253T; p.S2262T,49.03,Uncertain Significance,0.004
11,118373911,118373911,KMT2A,c.7181C>G; c.7304C>G; c.7295C>G; c.7394C>G; c.7403C>G; c.7376C>G,p.S2465C; p.S2432C; p.S2459C; p.S2468C; p.S2435C; p.S2394C,47.50,Uncertain Significance,0.022
11,118374075,118374075,KMT2A,c.7558A>T; c.7567A>T; c.7540A>T; c.7468A>T; c.7459A>T; c.7345A>T,p.I2520F; p.I2487F; p.I2514F; p.I2449F; p.I2523F; p.I2490F,2.24,Uncertain Significance,
11,118375568,118375568,KMT2A,c.9051T>A; c.9060T>A; c.8838T>A; c.9033T>A; c.8961T>A; c.8952T>A,p.T2946T; p.T3017T; p.T2987T; p.T3020T; p.T3011T; p.T2984T,49.87,Benign,0.587
11,119077233,119077235,CBL,c.125_127del,p.H42del,1.70,Likely Benign,0.055
11,119142514,119142514,CBL,c.513T>C,p.S171S,49.05,Likely Benign,0.467
11,119155732,119155732,CBL,c.1485G>A,p.P495P,50.04,Likely Benign,0.406
11,124413248,124413248,OR8B12,c.303C>T,p.F101F,42.68,Benign,0.552
11,124413261,124413261,OR8B12,c.290T>A,p.M97K,44.89,Benign,0.553
12,22811998,22811998,ETNK1,c.734G>A; c.467G>A,p.G245D; p.G156D,4.45,Uncertain Significance,0.000
12,50026838,50026840,PRPF40B,c.348+182_348+184del; c.267+182_267+184del; c.316_318del; c.313_315del; c.397_399del,p.Y106del; p.Y133del; p.Y105del,0.56,Uncertain Significance,
12,50027224,50027224,PRPF40B,c.474A>G; c.282A>G; c.393A>G; c.363A>G; c.390A>G,p.Q131Q; p.Q121Q; p.Q130Q; p.Q158Q; p.Q94Q,51.95,Likely Benign,0.235
12,50029712,50029712,PRPF40B,c.1251G>A; c.1332G>A; c.1362G>A; c.1281G>A; c.1278G>A; c.1005G>A; c.1170G>A,p.T417T; p.T390T; p.T427T; p.T426T; p.T335T; p.T454T; p.T444T,49.18,Likely Benign,0.234
12,50037032,50037032,PRPF40B; FMNL3,c.1875G>T; c.*2678C>A; c.2202G>T; c.2124G>T; c.2121G>T; c.2235G>T; c.2232G>T; c.2130G>T; c.2154G>T; c.2151G>T; c.2043G>T; c.2040G>T; c.*2566C>A,p.L625L; p.L744L; p.L745L; p.L734L; p.L710L; p.L708L; p.L681L; p.L717L; p.L707L; p.L718L; p.L680L,50.26,Likely Benign,0.014
12,111856673,111856673,SH2B3,c.724C>T,p.P242S,48.07,Benign,0.275
13,19748181,19748181,TUBA3C,c.1175A>T,p.D392V,1.10,Uncertain Significance,
13,19751274,19751274,TUBA3C,c.849C>T,p.H283H,10.01,Uncertain Significance,0.007
13,19751289,19751289,TUBA3C,c.834C>T,p.A278A,1.76,Uncertain Significance,0.009
13,19751292,19751292,TUBA3C,c.831A>G,p.S277S,7.08,Uncertain Significance,0.005
13,19751301,19751301,TUBA3C,c.822G>A,p.P274P,7.01,Uncertain Significance,0.038
13,19751346,19751346,TUBA3C,c.777A>C,p.L259L,7.97,Uncertain Significance,
13,19751462,19751463,TUBA3C,c.660_661delinsAA,p.R221S,0.69,Uncertain Significance,
13,19751463,19751463,TUBA3C,c.660G>A,p.E220E,0.51,Uncertain Significance,
13,19751466,19751466,TUBA3C,c.657C>T,p.I219I,1.43,Uncertain Significance,0.002
13,19751586,19751586,TUBA3C,c.537G>A,p.T179T,2.01,Uncertain Significance,0.002
13,19753629,19753629,TUBA3C,c.78G>T,p.L26L,0.68,Uncertain Significance,
13,28609813,28609814,FLT3,c.1419-4dup; n.1485-4dup,,2.37,Uncertain Significance,0.541
13,28609814,28609814,FLT3,c.1419-4del; n.1485-4del,,8.73,Uncertain Significance,0.286
13,28611326,28611329,FLT3,c.1302_1305del; n.1368_1371del,p.N434Kfs*67,0.61,Uncertain Significance,
13,32907421,32907421,BRCA2,n.2012del; c.424+2261del; c.1444del; c.1813del,p.I605Yfs*9; p.I482Yfs*9,0.95,Pathogenic,0.003
13,32912346,32912346,BRCA2,c.1909+4828del; c.3491del; c.3860del; n.4059del; c.425-6343del,p.N1164Ifs*6; p.N1287Ifs*6,0.61,Pathogenic,0.002
13,32913559,32913559,BRCA2,c.4704del; c.425-5130del; c.1910-5130del; c.5073del; n.5272del,p.K1691Nfs*15; p.K1568Nfs*15,0.84,Pathogenic,
13,32914592,32914592,BRCA2,n.6299C>T; c.6100C>T; c.5731C>T; c.425-4103C>T; c.1910-4103C>T,p.R2034C; p.R1911C,47.15,Benign,0.308
13,32937488,32937488,BRCA2,c.7780G>T; c.1732G>T; c.3217G>T; n.8348G>T; c.8053G>T; c.8149G>T,p.A2717S; p.A1073S; p.A2594S; p.A578S; p.A2685S,44.54,Benign,0.111
13,32944667,32944667,BRCA2,c.8460A>C; c.8364A>C; n.8659A>C; c.3528A>C; c.8091A>C; c.2043A>C; c.8332-426A>C,p.V2697V; p.V681V; p.V1176V; p.V2788V; p.V2820V,51.19,Benign,0.399
13,32953633,32953633,BRCA2,c.8571del; c.8940del; c.2523del; c.4008del; c.8784del; c.8844del; n.9203del,p.E1337Kfs*7; p.E2858Kfs*7; p.E2981Kfs*7; p.E2949Kfs*7; p.E2929Kfs*7; p.E842Kfs*7; p.E2981Kfs*30,0.53,Pathogenic,0.000
13,32954023,32954023,BRCA2,c.8941del; c.2680del; c.4165del; c.9046del; c.8728del; c.9001del; c.9097del; n.9360del,p.T1389Lfs*29; p.T3033Lfs*29; p.T2910Lfs*29; p.T3001Lfs*29; p.T3016Lfs*29; p.T2981Lfs*29; p.T894Lfs*29,1.60,Pathogenic,0.001
13,48878115,48878117,RB1; RB1-DT,n.-305_-303del; n.-492_-490del; n.-279_-277del; c.78_80del,p.P29del,0.61,Uncertain Significance,0.034
14,86088848,86088848,FLRT2,c.990A>G,p.S330S,44.13,Benign,0.783
14,90651134,90651134,KCNK13,c.1014C>T,p.D338D,50.58,Uncertain Significance,0.102
14,90651285,90651285,KCNK13,c.1171del,p.V391Wfs*7,0.57,Uncertain Significance,0.000
15,66727454,66727456,MAP2K1,c.170_172delinsGAT; c.104_106delinsGAT,p.K35_Q36delinsR*; p.K57_Q58delinsR*,1.93,Uncertain Significance,
15,74336725,74336725,ENSG00000287543; PML,c.1881C>T; n.-1052G>A; c.2025C>T,p.A675A; p.A627A,49.23,Likely Benign,0.970
15,82575317,82575317,SAXO2,c.*848T>C; c.1066T>C; c.1111T>C; c.1291T>C; c.1150T>C; c.886T>C,p.S431P; p.S356P; p.S296P; p.S384P; p.S371P,44.30,Uncertain Significance,0.084
15,88483905,88483905,NTRK3,c.1371C>T; c.1641C>T; c.1665C>T,p.A547A; p.A555A; p.A457A,48.16,Likely Benign,0.099
15,91295064,91295064,BLM,c.-445A>G; c.847A>G,p.T283A,1.50,Uncertain Significance,0.003
15,91304138,91304139,BLM,c.419dup; c.1544dup,p.N140Kfs*2; p.N515Kfs*2,1.20,Pathogenic,0.009
15,91304139,91304139,BLM,c.419del; c.1544del,p.N515Mfs*16; p.N140Mfs*16,3.73,Pathogenic,0.004
15,91304286,91304288,BLM,c.570_572del; c.1695_1697del,p.D566del; p.D191del,0.69,Uncertain Significance,0.002
15,91310208,91310208,BLM,c.1143del; c.2268del,p.D757Tfs*4; p.D382Tfs*4,0.57,Pathogenic,
16,3778303,3778305,CREBBP,c.6743_6745del; c.6629_6631del,p.Q2210del; p.Q2248del,0.73,Uncertain Significance,0.002
16,3778401,3778403,CREBBP,c.6645_6647del; c.6531_6533del,p.Q2216del; p.Q2178del,0.58,Uncertain Significance,0.003
16,3778424,3778424,CREBBP,c.6624A>G; c.6510A>G,p.Q2208Q; p.Q2170Q,41.76,Likely Benign,0.323
16,3778440,3778442,CREBBP,c.6492_6494del; c.6606_6608del,p.Q2216del; p.Q2178del,0.75,Uncertain Significance,
16,3778452,3778452,CREBBP,c.6482A>T; c.6596A>T,p.Q2199L; p.Q2161L,0.59,Uncertain Significance,0.002
16,3779136,3779138,CREBBP,c.5910_5912del; c.5796_5798del,p.Q1932del; p.Q1970del,0.90,Uncertain Significance,0.016
16,3779211,3779211,CREBBP,c.5837del; c.5723del,p.P1946Hfs*30; p.P1908Hfs*30,1.55,Pathogenic,0.002
16,3781424,3781424,CREBBP,c.4941C>T; c.4827C>T,p.P1609P; p.P1647P,53.63,Uncertain Significance,0.002
16,3790548,3790548,CREBBP,c.3985C>T; c.3871C>T,p.L1329L; p.L1291L,49.17,Uncertain Significance,0.017
16,3808053,3808055,CREBBP,c.3256-6_3256-4del; c.3370-6_3370-4del,,0.60,Uncertain Significance,0.001
16,3808053,3808054,CREBBP,c.3256-5_3256-4del; c.3370-5_3370-4del,,2.36,Likely Benign,0.205
16,3819294,3819294,CREBBP,c.2827G>A; c.2941G>A,p.A943T; p.A981T,50.64,Uncertain Significance,0.340
16,67646013,67646014,CTCF,c.950_951del; c.-32-4626_-32-4625del,p.T317Rfs*91,0.55,Likely Pathogenic,0.000
16,67671655,67671655,CTCF,c.2070del; c.1086del; c.2064del,p.E689Sfs*30; p.E691Sfs*30; p.E363Sfs*30,0.69,Likely Pathogenic,
16,89825007,89825007,FANCA,c.2959G>A; c.2852+3350G>A,p.A987T,0.65,Uncertain Significance,0.004
16,89831345,89831346,FANCA,c.2730_2731del,p.W911Dfs*31,0.52,Pathogenic,
17,263235,263294,LIAT1; LOC105371430,c.304+2857_304+2916del; n.46-90_46-31del; c.660_719del,p.D220_P239del,22.95,Uncertain Significance,0.006
17,263336,263336,LIAT1; LOC105371430,n.46-132G>A; c.304+2899C>T; c.702C>T,p.G234G,97.85,Uncertain Significance,0.318
17,263357,263357,LIAT1; LOC105371430,n.46-153G>A; c.304+2920C>T; c.723C>T,p.A241A,0.53,Likely Benign,0.004
17,263405,263405,LIAT1; LOC105371430,c.771C>T; c.304+2968C>T; n.46-201G>A,p.P257P,2.60,Likely Benign,0.173
17,263412,263412,LIAT1; LOC105371430,n.46-208C>T; c.778G>A; c.304+2975G>A,p.E260K,1.31,Uncertain Significance,0.002
17,263426,263575,LIAT1; LOC105371430,c.304+2989_304+3138del; c.792_941del; n.45+208_46-209del,p.P267_H316del,2.02,Uncertain Significance,
17,263433,263433,LIAT1; LOC105371430,n.46-229G>T; c.799C>A; c.304+2996C>A,p.P267T,0.69,Uncertain Significance,0.003
17,263435,263435,LIAT1; LOC105371430,n.46-231G>A; c.801C>T; c.304+2998C>T,p.P267P,0.68,Likely Benign,0.010
17,263441,263442,LIAT1; LOC105371430,c.304+3004_304+3005delinsCA; n.46-238_46-237delinsTG; c.807_808delinsCA,p.E270K,0.63,Uncertain Significance,
17,263456,263456,LIAT1; LOC105371430,c.304+3019T>C; n.46-252A>G; c.822T>C,p.G274G,6.86,Likely Benign,0.016
17,263473,263622,LIAT1; LOC105371430,c.852_1001del; c.304+3049_304+3198del; n.45+148_46-269del,p.I287_H336del,11.05,Uncertain Significance,
17,263486,263486,LIAT1; LOC105371430,n.46-282A>G; c.852T>C; c.304+3049T>C,p.G284G,2.63,Likely Benign,0.112
17,263502,263503,LIAT1; LOC105371430,c.868_869insGGCCCTCAAGGGCTTCCACCCCGACCCCG; c.304+3065_304+3066insGGCCCTCAAGGGCTTCCACCCCGACCCCG; n.45+274_45+275insGGGGTGGAAGCCCTTGAGGGCCCGGGGTC,p.E290Gfs*138,0.68,Uncertain Significance,
17,263523,263525,LIAT1; LOC105371430,c.889_891delinsATT; n.45+245_45+247delinsAAT; c.304+3086_304+3088delinsATT,p.P297I,0.88,Uncertain Significance,
17,263523,263523,LIAT1; LOC105371430,c.304+3086C>A; c.889C>A; n.45+247G>T,p.P297T,22.00,Uncertain Significance,0.005
17,263531,263532,LIAT1; LOC105371430,c.897_898delinsTG; c.304+3094_304+3095delinsTG; n.45+238_45+239delinsCA,p.K300E,0.64,Uncertain Significance,
17,263532,263532,LIAT1; LOC105371430,c.304+3095A>G; c.898A>G; n.45+238T>C,p.K300E,14.94,Uncertain Significance,0.358
17,263533,263712,LIAT1; LOC105371430,n.45+58_45+237del; c.304+3116_304+3295del; c.919_1098del,p.P307_H366del,1.21,Uncertain Significance,
17,263537,263537,LIAT1; LOC105371430,c.304+3100C>T; n.45+233G>A; c.903C>T,p.A301A,0.75,Likely Benign,
17,263555,263555,LIAT1; LOC105371430,c.304+3118C>T; n.45+215G>A; c.921C>T,p.P307P,0.54,Likely Benign,0.000
17,263562,263562,LIAT1; LOC105371430,c.304+3125A>G; n.45+208T>C; c.928A>G,p.K310E,3.77,Uncertain Significance,0.025
17,263576,263576,LIAT1; LOC105371430,c.304+3139T>C; n.45+194A>G; c.942T>C,p.G314G,20.33,Likely Benign,0.215
17,263583,263583,LIAT1; LOC105371430,c.304+3146A>C; c.949A>C; n.45+187T>G,p.T317P,2.43,Uncertain Significance,0.002
17,263585,263585,LIAT1; LOC105371430,n.45+185A>G; c.951T>C; c.304+3148T>C,p.T317T,1.43,Likely Benign,0.030
17,263586,263589,LIAT1; LOC105371430,c.304+3149_304+3152del; n.45+181_45+184del; c.952_955del,p.D318Pfs*99,0.59,Uncertain Significance,
17,263586,263675,LIAT1; LOC105371430,c.988_1077del; c.304+3185_304+3274del; n.45+95_45+184del,p.K330_P359del,47.20,Likely Benign,0.020
17,263623,263652,LIAT1; LOC105371430,c.304+3266_304+3295del; n.45+118_45+147del; c.1069_1098del,p.P357_H366del,0.74,Uncertain Significance,0.006
17,263623,263682,LIAT1; LOC105371430,c.1039_1098del; c.304+3236_304+3295del; n.45+88_45+147del,p.P347_H366del,1.05,Uncertain Significance,0.006
17,263636,263636,LIAT1; LOC105371430,c.304+3199C>T; n.45+134G>A; c.1002C>T,p.G334G,7.51,Uncertain Significance,0.002
17,263643,263643,LIAT1; LOC105371430,c.304+3206C>A; n.45+127G>T; c.1009C>A,p.P337T,7.96,Uncertain Significance,0.001
17,263645,263645,LIAT1; LOC105371430,c.304+3208C>T; n.45+125G>A; c.1011C>T,p.P337P,7.68,Likely Benign,0.001
17,263652,263652,LIAT1; LOC105371430,c.304+3215G>A; n.45+118C>T; c.1018G>A,p.E340K,1.17,Uncertain Significance,0.002
17,263657,263657,LIAT1; LOC105371430,c.304+3220C>T; n.45+113G>A; c.1023C>T,p.A341A,1.14,Likely Benign,
17,263673,263673,LIAT1; LOC105371430,c.304+3236C>A; n.45+97G>T; c.1039C>A,p.P347T,0.63,Uncertain Significance,
17,263675,263675,LIAT1; LOC105371430,c.304+3238C>T; c.1041C>T; n.45+95G>A,p.P347P,0.64,Likely Benign,
17,263682,263682,LIAT1; LOC105371430,c.304+3245G>A; n.45+88C>T; c.1048G>A,p.E350K,4.26,Uncertain Significance,0.001
17,263684,263684,LIAT1; LOC105371430,n.45+86C>G; c.304+3247G>C; c.1050G>C,p.E350D,0.69,Uncertain Significance,
17,263687,263687,LIAT1; LOC105371430,c.304+3250C>T; n.45+83G>A; c.1053C>T,p.A351A,7.66,Likely Benign,0.000
17,263696,263696,LIAT1; LOC105371430,c.304+3259C>T; c.1062C>T; n.45+74G>A,p.G354G,1.18,Uncertain Significance,0.007
17,263703,263703,LIAT1; LOC105371430,c.304+3266C>A; n.45+67G>T; c.1069C>A,p.P357T,1.05,Uncertain Significance,0.007
17,263711,263711,LIAT1; LOC105371430,n.45+59G>A; c.304+3274C>T; c.1077C>T,p.P359P,0.79,Likely Benign,
17,263712,263712,LIAT1; LOC105371430,c.304+3275G>A; n.45+58C>T; c.1078G>A,p.E360K,6.48,Uncertain Significance,0.001
17,1559777,1559777,PRPF8,c.5567A>C; c.5702A>C; c.5555A>C,p.K1901T; p.K1856T; p.K1852T,0.54,Uncertain Significance,
17,1561640,1561640,PRPF8,c.5265C>T; c.5412C>T; c.5277C>T,p.N1759N; p.N1755N; p.N1804N,46.97,Likely Benign,0.107
17,1564292,1564292,PRPF8,c.4503T>C; c.4368T>C; c.4356T>C,p.L1501L; p.L1456L; p.L1452L,43.86,Likely Benign,0.117
17,1577739,1577739,PRPF8,c.3296del; c.3161del,p.F1099Sfs*11; p.F1054Sfs*11; p.F1099Sfs*18,1.21,Likely Pathogenic,
17,16843667,16843667,TNFRSF13B; ENSG00000307457,c.466C>T; c.604C>T; n.270+4009G>A,p.R202C; p.R156C,49.33,Uncertain Significance,0.013
17,16843708,16843708,TNFRSF13B; ENSG00000307457,c.563A>T; n.270+4050T>A; c.425A>T,p.K188M; p.K142M,46.09,Benign,0.464
17,29490295,29490295,NF1,c.380G>A,p.G127E,0.98,Likely Pathogenic,
17,29509641,29509641,NF1,c.846G>A,p.Q282Q,6.53,Benign,0.496
17,29527569,29527569,NF1,c.1018T>G,p.S340A,0.64,Likely Pathogenic,
17,29528125,29528126,NF1,c.1133_1134delinsTTTCT,p.D378delinsVS,1.42,Likely Pathogenic,
17,29528142,29528142,NF1,c.1150T>C,p.F384L,3.94,Likely Pathogenic,
17,29528148,29528148,NF1,c.1156A>G,p.I386V,0.92,Uncertain Significance,0.001
17,29541476,29541476,NF1,c.1430C>T; c.1445C>T; c.1400C>T,p.T482I; p.T477I; p.T467I,2.06,Pathogenic,
17,29553484,29553484,NF1,c.2078C>T; c.2033C>T; c.2063C>T,p.P688L; p.P678L; p.P693L,50.21,Uncertain Significance,0.030
17,29554541,29554541,NF1,c.2356G>A; c.2371G>A; c.2326G>A,p.A786T; p.A791T; p.A776T,0.86,Pathogenic,
17,29554582,29554582,NF1,c.2397G>A; c.2367G>A; c.2412G>A,p.K799K; p.K789K; p.K804K,12.96,Uncertain Significance,
17,29554589,29554589,NF1,c.2419C>T; c.2374C>T; c.2404C>T,p.L802F; p.L792F; p.L807F,11.64,Pathogenic,
17,29585457,29585457,NF1,c.4251A>G; c.4299A>G; c.4269A>G; c.4206A>G,p.E1433E; p.E1423E; p.E1402E; p.E1417E,51.40,Uncertain Significance,0.077
17,29652884,29652884,NF1,c.-622T>C; c.4912T>C; c.-555T>C; c.4819T>C; c.4882T>C; c.4864T>C,p.L1638L; p.L1607L; p.L1628L; p.L1622L,50.88,Benign,0.703
17,29664535,29664536,NF1,c.6522_6523del; c.6615_6616del; c.6585_6586del; c.1149_1150del; c.741_742del; c.6567_6568del,p.E2195Dfs*46; p.E247Dfs*46; p.E2205Dfs*46; p.E2189Dfs*46; p.E2174Dfs*46; p.E383Dfs*46,0.52,Pathogenic,
17,29683994,29683994,NF1,c.7692C>T; c.1911C>T; c.2319C>T; c.7755C>T; c.7737C>T; c.7785C>T,p.S2585S; p.S773S; p.S2595S; p.S2564S; p.S2579S; p.S637S,37.81,Likely Benign,0.349
17,30264426,30264428,SUZ12,c.175_177del,p.S59del,1.80,Likely Benign,0.222
17,30267304,30267304,SUZ12,c.275-1G>C,,6.20,Likely Pathogenic,
17,30267331,30267331,SUZ12,c.301C>T,p.R101*,1.14,Likely Pathogenic,
17,30302736,30302737,SUZ12,c.754+15dup; c.823+15dup,,3.65,Uncertain Significance,2.207
17,30302737,30302738,SUZ12,c.754+14_754+15del; c.823+14_823+15del,,1.18,Uncertain Significance,0.001
17,30303572,30303572,SUZ12,c.856C>T; c.787C>T,p.R263*; p.R286*,1.41,Pathogenic,
17,30310124,30310124,SUZ12,c.954+1G>C; c.1023+1G>C,,0.62,Likely Pathogenic,
17,30323878,30323878,SUZ12,c.1856T>C; c.1787T>C,p.L596P; p.L619P,1.59,Uncertain Significance,
17,37922622,37922622,IKZF3,c.834C>T; c.690C>T; c.666C>T; c.288C>T; c.405C>T; c.783C>T; c.549C>T; c.522C>T; c.951C>T; c.849C>T; c.210C>T; c.732C>T; c.717C>T,p.A70A; p.A96A; p.A239A; p.A317A; p.A230A; p.A135A; p.A283A; p.A261A; p.A278A; p.A174A; p.A222A; p.A244A; p.A183A,50.51,Likely Benign,0.351
17,40354794,40354794,STAT5B,c.2047A>C; c.2107A>C; c.2110A>C; c.2017A>C,p.I683L; p.I703L; p.I704L; p.I673L,5.30,Pathogenic,
17,40370235,40370236,STAT5B,c.1099dup; c.1102dup,p.Q368Pfs*9; p.Q367Pfs*9,1.13,Uncertain Significance,0.004
17,40370236,40370236,STAT5B,c.1099del; c.1102del,p.Q368Rfs*2; p.Q367Rfs*2,0.76,Uncertain Significance,0.000
17,40370345,40370345,STAT5B,c.993G>A; c.990G>A,p.T331T; p.T330T,45.10,Benign,0.487
17,41245587,41245587,BRCA1,c.646+1174del; c.1835del; c.1073del; c.1883del; c.1748del; c.-99+31701del; c.1961del; c.5-29619del; c.-43-19049del; c.787+1174del; c.784+1174del; c.706+1174del; c.1820del,p.K358Sfs*47; p.K583Sfs*47; p.K607Sfs*47; p.K628Sfs*47; p.K612Sfs*47; p.K654Sfs*47,1.60,Pathogenic,0.001
17,74732959,74732959,MFSD11; MIR636; SRSF2,n.-329C>A; n.244G>T; c.-1476G>T; c.-281G>T; c.-1171G>T; n.-1242G>T; c.-1078G>T; c.-817G>T; c.-286G>T; n.455C>A; c.-1360G>T; c.284C>A; c.-1193G>T,p.P95H,6.91,Pathogenic,0.010
17,74733168,74733168,MFSD11; MIR636; SRSF2,c.-984G>A; n.246C>T; n.-1033G>A; c.-1151G>A; c.-77G>A; c.75C>T; c.-869G>A; n.-538C>T; c.-608G>A; n.453G>A; c.-962G>A; c.-72G>A; c.-1267G>A,p.T25T,44.66,Benign,0.960
18,42456664,42456665,SETBP1,c.678_681dup; c.540+7419_540+7422dup,p.T228Sfs*8,0.66,Uncertain Significance,
18,42531907,42531907,SETBP1,c.2602G>A,p.D868N,4.41,Pathogenic,
18,42532741,42532741,SETBP1,c.3436C>T,p.R1146W,0.61,Uncertain Significance,0.000
18,42532923,42532923,SETBP1,c.3618T>C,p.H1206H,4.85,Likely Benign,0.667
18,42618580,42618580,SETBP1,c.4131G>A; c.4001-24464G>A,p.V1377V,51.00,Likely Benign,0.285
18,42643452,42643453,SETBP1; ENSG00000267101,n.1023+224_1023+232dup; c.4587_4595dup; c.4416_4424dup,p.L1473_P1475dup; p.L1530_P1532dup,21.83,Uncertain Significance,
19,7705691,7705691,STXBP2,c.321C>T; c.225C>T; c.312C>T; n.361C>T; c.354C>T,p.T104T; p.T107T; p.T118T; p.T75T,47.80,Uncertain Significance,0.000
19,7706656,7706656,STXBP2,c.528C>T; c.399C>T; n.535C>T; c.486C>T; c.495C>T,p.R162R; p.R165R; p.R176R; p.R133R,47.07,Benign,0.680
19,7706680,7706680,STXBP2,c.510C>A; c.519C>A; c.552C>A; c.423C>A; n.559C>A,p.A170A; p.A173A; p.A184A; p.A141A,0.54,Uncertain Significance,
19,10262139,10262139,DNMT1,c.2152del; c.2200del; c.1837del,p.M613Cfs*59; p.M718Cfs*59; p.M734Cfs*59,0.75,Uncertain Significance,
19,10291473,10291473,DNMT1,c.-118G>A; c.206G>A,p.R69H,50.57,Likely Benign,1.028
19,10908077,10908077,DNM2,c.1218C>T; c.1336-1085C>T,p.D406D,47.58,Likely Benign,0.177
19,10940882,10940882,DNM2,c.2377del; c.2365del,p.L789*; p.L793*,0.59,Pathogenic,
19,17942515,17942515,ENSG00000297031; JAK3,c.2773C>A; n.373G>T,p.R925S,48.89,Benign,0.097
19,17945471,17945471,JAK3,c.2259C>T,p.A753A,4.05,Likely Benign,1.033
19,17953838,17953838,JAK3,c.564C>G,p.V188V,50.32,Uncertain Significance,0.001
19,17955112,17955112,JAK3,c.115del,p.Q39Sfs*108,0.84,Uncertain Significance,0.001
19,33792732,33792737,CEBPA; CEBPA-DT,n.-993_-988del; c.542_547del; n.-985_-980del; n.-980_-975del; c.227_232del; c.584_589del; n.-1007_-1002del; c.689_694del,p.H76_P77del; p.H195_P196del; p.H181_P182del; p.H230_P231del,3.15,Uncertain Significance,0.013
19,33792755,33792757,CEBPA; CEBPA-DT,n.-967_-965del; c.564_566del; c.669_671del; n.-981_-979del; n.-954_-952del; c.522_524del; c.207_209del; n.-959_-957del,p.P175del; p.P70del; p.P189del; p.P224del,1.56,Likely Benign,0.595
19,33792919,33792919,CEBPA; CEBPA-DT,n.-835C>T; c.360G>A; n.-808C>T; n.-821C>T; c.45G>A; c.402G>A; c.507G>A; n.-813C>T,p.A134A; p.A169A; p.A120A; p.A15A,47.84,Uncertain Significance,0.476
19,33793008,33793010,CEBPA; CEBPA-DT,c.269_271del; n.-703_-701del; c.416_418del; n.-730_-728del; c.-47_-45del; n.-708_-706del; c.311_313del; n.-716_-714del,p.G139del; p.G90del; p.G104del,0.56,Likely Benign,0.034
19,45284236,45284236,CBLC,c.428A>G,p.K143R,8.36,Uncertain Significance,
19,45285734,45285734,CBLC,c.765G>A,p.R255R,48.27,Benign,0.908
19,45295664,45295664,CBLC,c.892A>G; c.1030A>G,p.M298V; p.M344V,48.57,Uncertain Significance,0.692
19,45297373,45297373,CBLC,c.1147-88T>A; c.1285-88T>A,,47.63,Benign,1.359
19,56171899,56171901,ENSG00000309226; U2AF2,n.-1456_-1454del; c.259_261del,p.K87del,0.86,Uncertain Significance,0.012
19,56172477,56172477,ENSG00000309226; U2AF2,n.-889G>C; c.408G>C,p.P136P,49.69,Uncertain Significance,0.017
19,56172480,56172480,ENSG00000309226; U2AF2,c.411G>C; n.-886G>C,p.V137V,50.31,Uncertain Significance,0.017
19,56180938,56180938,U2AF2,c.1173C>T; c.1161C>T,p.D391D; p.D387D,47.26,Uncertain Significance,0.344
20,30946592,30946594,ASXL1; ENSG00000305457,c.-508_-506del; c.25_27del; c.-947_-945del; n.-631_-629del,p.K9del,0.66,Likely Benign,0.035
20,31021430,31021430,ASXL1,c.1246G>C; c.1429G>C; c.1414G>C,p.E477Q; p.E416Q; p.E472Q,44.92,Uncertain Significance,0.046
20,31022441,31022442,ASXL1,c.1934dup; c.1751dup; c.1919dup; c.1869+65dup,p.G646Wfs*12; p.G585Wfs*12; p.G641Wfs*12,1.23,Pathogenic,0.050
20,31022442,31022442,ASXL1,c.1919del; c.1869+65del; c.1934del; c.1751del,p.G645Vfs*58; p.G584Vfs*58; p.G640Vfs*58,0.84,Pathogenic,0.029
20,31023899,31023899,ASXL1,c.1869+1515C>T; c.3384C>T; c.3201C>T; c.3369C>T,p.D1123D; p.D1128D; p.D1067D,45.06,Likely Benign,0.049
20,31024704,31024704,ASXL1,c.4006G>A; c.1870-1529G>A; c.4174G>A; c.4189G>A,p.G1336S; p.G1397S; p.G1392S,48.08,Uncertain Significance,0.188
20,62292822,62292824,RTEL1-TNFRSF6B; RTEL1,c.-383_-381del; n.1114_1116del; c.287_289del,p.A96del,0.98,Uncertain Significance,0.025
20,62305428,62305428,RTEL1-TNFRSF6B; RTEL1,c.901G>A; n.1728G>A; c.973G>A; c.232G>A,p.A78T; p.A325T; p.A301T,0.90,Uncertain Significance,0.001
20,62305450,62305450,RTEL1-TNFRSF6B; RTEL1,c.250+4C>T; n.1746+4C>T; c.919+4C>T; c.991+4C>T,,1.47,Uncertain Significance,0.001
20,62309514,62309514,RTEL1-TNFRSF6B; RTEL1,c.267G>A; n.1763G>A; c.1008G>A; c.936G>A,p.L312L; p.L336L; p.L89L,46.03,Likely Benign,1.015
20,62319501,62319501,RTEL1-TNFRSF6B; RTEL1,c.1605G>A; c.936G>A; n.2432G>A; c.1677G>A,p.E535E; p.E312E; p.E559E,44.63,Likely Benign,0.043
20,62324310,62324310,RTEL1-TNFRSF6B; RTEL1,n.3632C>T; c.2805C>T; c.2877C>T; c.2136C>T,p.L712L; p.L935L; p.L959L,50.40,Likely Benign,0.176
20,62324328,62324328,RTEL1-TNFRSF6B; RTEL1,n.3650G>C; c.2823G>C; c.2154G>C; c.2895G>C,p.E941D; p.E718D; p.E965D,46.25,Benign,1.056
20,62326159,62326159,RTEL1-TNFRSF6B; RTEL1; TNFRSF6B,c.2506G>A; c.-1962G>A; n.4002G>A; c.3175G>A; c.3247G>A,p.A1059T; p.A1083T; p.A836T,50.45,Likely Benign,0.307
21,36164712,36164712,RUNX1,c.1082C>A; c.1163C>A,p.S361*; p.S388*,51.15,Pathogenic,
21,36252904,36252904,RUNX1-AS1; RUNX1,n.662-2875del; c.377del; c.458del; n.635-2875del,p.N126Tfs*23; p.N153Tfs*23,50.79,Pathogenic,
21,36253011,36253011,RUNX1-AS1; RUNX1,n.635-2769C>A; c.352-1G>T; c.271-1G>T; n.662-2769C>A,,50.62,Pathogenic,
21,44513243,44513243,ENSG00000295227; U2AF1,c.473C>T; n.925G>A; c.692C>T,p.S231L; p.S158L,0.85,Uncertain Significance,0.000
21,44514601,44514601,U2AF1,c.336G>A; c.555G>A,p.L185L; p.L112L,53.11,Uncertain Significance,0.301
22,17687992,17687992,ADA2,c.511C>T; c.151C>T; c.385C>T,p.R129W; p.R51W; p.R171W,43.95,Likely Benign,0.157
22,23613759,23613759,BCR,c.1901C>T,p.T634M,0.72,Uncertain Significance,0.003
22,23651619,23651619,BCR,c.3021G>A; c.2889G>A,p.P963P; p.P1007P,19.87,Likely Benign,0.202
22,23653987,23653987,BCR,c.3286A>G; c.3154A>G,p.T1096A; p.T1052A,3.29,Uncertain Significance,0.255
22,23653989,23653989,BCR,c.3288G>A; c.3156G>A,p.T1096T; p.T1052T,3.35,Likely Benign,0.244
22,23654012,23654012,BCR,c.3311C>G; c.3179C>G,p.A1060G; p.A1104G,1.05,Uncertain Significance,0.001
22,23654017,23654017,BCR,c.3316G>A; c.3184G>A,p.D1062N; p.D1106N,9.96,Likely Pathogenic,0.024
22,23655119,23655119,BCR,c.3368C>T; c.3236C>T,p.A1123V; p.A1079V,1.43,Uncertain Significance,
22,23655131,23655131,BCR,c.3380C>T; c.3248C>T,p.T1127M; p.T1083M,1.53,Uncertain Significance,0.001
22,29083899,29083899,CHEK2,c.1417G>A; c.1618G>A; c.958G>A; c.1345G>A; c.955G>A; c.1531G>A; c.1747G>A,p.A320T; p.A473T; p.A583T; p.A540T; p.A511T; p.A319T; p.A449T,0.51,Uncertain Significance,
22,29083909,29083909,CHEK2,c.1608A>G; c.1737A>G; c.948A>G; c.1335A>G; c.945A>G; c.1521A>G; c.1407A>G,p.P316P; p.P579P; p.P469P; p.P536P; p.P315P; p.P445P; p.P507P,2.30,Uncertain Significance,0.000
22,29090030,29090031,CHEK2,c.790_791delinsT; c.787_788delinsT; c.1177_1178delinsT; c.1579_1580delinsT; c.1450_1451delinsT; c.1363_1364delinsT; c.1249_1250delinsT,p.P263Cfs*8; p.P527Cfs*8; p.P455Cfs*8; p.P484Cfs*8; p.P264Cfs*8; p.P417Cfs*8; p.P393Cfs*8,0.61,Likely Pathogenic,
22,29090054,29090054,CHEK2,c.1154C>T; c.764C>T; c.1427C>T; c.1226C>T; c.1340C>T; c.1556C>T; c.767C>T,p.T256M; p.T476M; p.T255M; p.T385M; p.T409M; p.T519M; p.T447M,6.61,Uncertain Significance,0.031
22,29091120,29091120,CHEK2,c.1499A>T; c.1370A>T; c.1169A>T; c.710A>T; c.1097A>T; c.1283A>T; c.707A>T,p.E236V; p.E500V; p.E366V; p.E457V; p.E237V; p.E390V; p.E428V,2.13,Uncertain Significance,
22,29091142,29091142,CHEK2,c.1261G>A; c.685G>A; c.1075G>A; c.1348G>A; c.688G>A; c.1477G>A; c.1147G>A,p.E421K; p.E229K; p.E359K; p.E383K; p.E493K; p.E450K; p.E230K,5.39,Likely Pathogenic,
22,29091741,29091741,CHEK2,c.943C>T; c.1345C>T; c.1129C>T; c.1216C>T; c.556C>T; c.553C>T; c.1015C>T,p.R377C; p.R315C; p.R406C; p.R339C; p.R449C; p.R185C; p.R186C,49.89,Likely Pathogenic,0.006
22,30742328,30742330,SF3A1,c.364_366del,p.Q122del,1.44,Uncertain Significance,0.006
22,41566525,41566525,EP300; EP300-AS1,c.4330del; n.249-940del; c.4408del,p.M1470Cfs*26; p.M1444Cfs*26,0.70,Pathogenic,
22,41574679,41574679,EP300; EP300-AS1,n.333-2202del; n.249-9094del; c.6970del; c.6892del; n.319-2463del,p.H2298Tfs*29; p.H2324Tfs*29,0.52,Likely Pathogenic,0.000
X,15343205,15343205,PIGA,n.660G>T; c.216G>T; n.376G>T; c.918G>T,p.L72L; p.L306L,1.86,Uncertain Significance,
X,15344087,15344087,PIGA,n.539C>A; n.255C>A; c.95C>A; c.797C>A,p.P32Q; p.P266Q,0.62,Uncertain Significance,
X,15841063,15841063,ZRSR2,c.1147C>G; c.1069C>G,p.P383A; p.P357A,99.46,Uncertain Significance,0.086
X,15841311,15841311,ZRSR2,c.1395del; c.1317del,p.R466Gfs*?; p.R440Gfs*?,0.72,Likely Pathogenic,
X,15841311,15841311,ZRSR2,c.1317C>G; c.1395C>G,p.G465G; p.G439G,1.48,Likely Benign,
X,15841319,15841319,ZRSR2,c.1325G>A; c.1403G>A,p.R468K; p.R442K,3.85,Uncertain Significance,
X,34148841,34148842,FAM47A; ENSG00000233928,n.495+54155_495+54156delinsGA; n.379-27372_379-27371delinsGA; n.381+54155_381+54156delinsGA; c.1554_1555delinsTC; n.390+54155_390+54156delinsGA,p.S519P,2.24,Uncertain Significance,
X,34148844,34148844,FAM47A; ENSG00000233928,n.390+54158G>C; c.1552C>G; n.495+54158G>C; n.381+54158G>C; n.379-27369G>C,p.R518G,2.17,Uncertain Significance,
X,39931673,39931673,BCOR,c.2926C>T,p.R976*,4.58,Pathogenic,
X,44896898,44896898,KDM6A,c.461-2A>T; c.620-2A>T; c.677-2A>T; c.-134-2A>T; n.984-2A>T,,0.72,Likely Pathogenic,
X,47070244,47070244,UBA1,c.547A>T; c.2203A>T,p.T735S; p.T183S,0.54,Uncertain Significance,
X,47070524,47070524,UBA1,c.708C>T; c.2364C>T,p.A788A; p.A236A,80.81,Likely Benign,0.188
X,76812945,76812947,ATRX,c.6560_6562del; c.6674_6676del; c.1772_1774del,p.K2225del; p.K2187del; p.K591del,0.50,Uncertain Significance,
X,76872161,76872161,ATRX,c.584C>A; c.5486C>A; c.5372C>A,p.P195Q; p.P1829Q; p.P1791Q,0.83,Likely Pathogenic,
X,76874403,76874403,ATRX,c.5319T>A; c.417T>A; c.5205T>A,p.I139I; p.I1773I; p.I1735I,0.53,Uncertain Significance,
X,76907782,76907784,ATRX,c.4377_4379del; c.4263_4265del,p.E1464del; p.E1426del,54.72,Likely Benign,0.150
X,76907786,76907786,ATRX,c.4375del; c.4261del,p.E1421Rfs*31; p.E1459Rfs*31,0.55,Likely Pathogenic,
X,76931742,76931744,ATRX,c.3786_3788del; c.3672_3674del,p.D1264del; p.D1226del,0.56,Uncertain Significance,0.000
X,76937962,76937963,ATRX,c.2785_2786delinsGG; c.2671_2672delinsGG,p.E929G; p.E891G; p.Q929G; p.Q891G,0.71,Uncertain Significance,
X,123164868,123164868,STAG2,c.181G>T,p.G61*,0.85,Likely Pathogenic,
X,123164881,123164881,STAG2,c.194C>G,p.S65C,0.63,Uncertain Significance,
X,123171471,123171475,STAG2,c.385+1_385+5del,,12.33,Likely Pathogenic,
X,123181311,123181311,STAG2,c.775C>T,p.R259*,2.74,Pathogenic,
X,123184077,123184077,STAG2,c.936del,p.I312Mfs*5,0.96,Likely Pathogenic,
X,123191755,123191759,STAG2,c.1347_1351del,p.R451Kfs*10,2.41,Likely Pathogenic,
X,123197697,123197697,STAG2,c.1822-1G>A,,18.64,Likely Pathogenic,
X,123197716,123197716,STAG2,c.1840C>T,p.R614*,4.24,Pathogenic,
X,123197747,123197747,STAG2,c.1871del,p.T624Kfs*27,2.21,Likely Pathogenic,
X,123217281,123217288,STAG2,c.2935_2942del,p.E979Ffs*2,0.55,Likely Pathogenic,
X,123220425,123220441,STAG2,c.3082_3098del,p.F1028Kfs*20,20.82,Likely Pathogenic,
X,123220428,123220428,STAG2,c.3085C>T,p.Q1029*,6.08,Pathogenic,
X,129159222,129159224,ENSG00000298740; BCORL1,n.-951_-949del; c.3957_3959del,p.E1324del,0.82,Uncertain Significance,0.001
X,153996596,153996596,SNORA36A; MIR664B; DKC1,c.540T>A; n.1358T>A; n.-207T>A; n.762T>A; c.573T>A; c.660T>A; c.51T>A; n.1239T>A; n.-275T>A,p.C180*; p.C191*; p.C17*; p.C220*,0.57,Likely Pathogenic,
X,153999117,153999117,DKC1,c.960T>G; n.1697T>G; n.1471T>G; n.1578T>G; c.879T>G; c.999T>G; c.390T>G; c.912T>G,p.I333M; p.I320M; p.I304M; p.I293M; p.I130M,0.89,Uncertain Significance,
X,154005088,154005089,DKC1,n.1984_1986dup; c.*738_*740dup; n.2210_2212dup; c.*471_*473dup; n.2091_2093dup; c.1392_1394dup; c.1473_1475dup; c.1511_1513dup; c.903_905dup; c.1497_1499dup; c.1425_1427dup; c.1512_1514dup,p.K465dup; p.K500dup; p.K302dup; p.K505dup; p.R504dup; p.K492dup; p.K476dup,39.18,Likely Benign,0.707
X,154005089,154005091,DKC1,n.2091_2093del; c.903_905del; n.1984_1986del; c.1425_1427del; c.*738_*740del; n.2210_2212del; c.1512_1514del; c.1392_1394del; c.1473_1475del; c.1511_1513del; c.1497_1499del; c.*471_*473del,p.R504del; p.K476del; p.K500del; p.K505del; p.K492del; p.K465del; p.K302del,1.17,Likely Benign,0.380

