Chromosome,Position,End Position,Gene Symbol,Transcript Variant,Protein Variant,1730D-ClincRun15 - Allele Fraction,Classification,gnomAD Frequency
1,12918885,12918885,PRAMEF2,c.21G>C,p.P7P,3.71,Likely Benign,0.393
1,12918891,12918891,PRAMEF2,c.27A>C,p.L9L,3.68,Benign,6.355
1,12919081,12919081,PRAMEF2,c.217C>T,p.L73F,93.51,Benign,10.838
1,12919587,12919587,PRAMEF2,c.327T>C,p.D109D,94.89,Benign,24.064
1,12919934,12919934,PRAMEF2,c.674A>G,p.Y225C,1.03,Benign,15.327
1,12919963,12919963,PRAMEF2,c.703T>G,p.C235G,0.77,Benign,11.623
1,12921114,12921114,PRAMEF2,c.905G>A,p.C302Y,2.78,Uncertain Significance,0.041
1,12921127,12921127,PRAMEF2,c.918A>G,p.L306L,96.21,Benign,26.699
1,12921136,12921137,PRAMEF2,c.927_928delinsTG,p.L310V,6.52,Likely Pathogenic,
1,12921332,12921333,PRAMEF2,c.1123_1124delinsCA,p.C375H,94.94,Uncertain Significance,
1,12921519,12921519,PRAMEF2,c.1310T>C,p.L437P,47.83,Uncertain Significance,0.295
1,36937059,36937059,CSF3R,c.864T>C; c.1260T>C,p.T420T; p.T288T,98.28,Benign,55.798
1,47685455,47685455,TAL1,c.933A>G; c.456A>G *; c.933A>G *,p.K311K; p.K152K,99.09,Benign,100.000
1,47685640,47685642,TAL1,c.269_271del; c.746_748del,p.E249del; p.E90del,0.66,Uncertain Significance,0.000
1,65303659,65303659,JAK1,c.2964G>A; c.2991G>A; c.3090G>A; c.3093G>A; c.2967G>A; c.3096G>A,p.K1030K; p.K1032K; p.K1031K; p.K989K; p.K988K; p.K997K,48.05,Benign,7.703
1,65310489,65310489,JAK1,c.2199A>G; c.2067A>G; c.2070A>G; c.2193A>G; c.2196A>G,p.P690P; p.P733P; p.P689P; p.P731P; p.P732P,49.96,Benign,30.343
1,65335062,65335062,JAK1,c.579T>C; c.573T>C,p.A191A; p.A193A,46.71,Benign,7.793
1,65339111,65339111,JAK1,c.425del,p.K142Rfs*24; p.K142Rfs*26,1.13,Likely Pathogenic,
2,47643457,47643457,MSH2,c.932G>A; c.-504G>A; c.905G>A; n.851G>A; c.-573G>A; c.-701G>A; c.815G>A; n.843G>A; c.767G>A; c.545G>A; c.68G>A; c.965G>A; n.1001G>A; c.-656G>A,p.G302D; p.G322D; p.G272D; p.G256D; p.G311D; p.G23D; p.G182D,47.74,Benign,1.384
2,47739551,47739551,KCNK12; MSH2,n.2748A>G; n.3260A>G; c.*133A>G; c.1847A>G; n.2622A>G; c.2324A>G; n.3103A>G; n.2974A>G; n.2913A>G; c.1388A>G; n.2630A>G; c.2744A>G; n.2575A>G; c.2594A>G; c.2711A>G; n.2780A>G; c.*8495T>C,p.Q904R; p.Q915R; p.Q865R; p.Q616R; p.Q463R; p.Q775R,98.45,Benign,42.795
2,48030640,48030640,MSH6,c.3093del; c.3261del; c.2355del; c.3267del; c.3183del; c.3173-2110del; c.108del; n.3451del; c.3173-86del; c.2964del; c.2397del; c.3357del; n.3522del; c.2871del; n.3350del; c.1206del; n.2191del; c.42del; c.2736del; c.1695del,p.F786Sfs*2; p.F913Sfs*2; p.F958Sfs*2; p.F1088Sfs*2; p.F37Sfs*2; p.F989Sfs*2; p.F1032Sfs*2; p.F1090Sfs*2; p.F566Sfs*2; p.F800Sfs*2; p.F1120Sfs*2; p.F403Sfs*2; p.F1062Sfs*2; p.F15Sfs*2,1.09,Pathogenic,0.001
2,204732714,204732714,CTLA4,c.49A>G; c.121A>G,p.T17A; p.T41A,49.88,Uncertain Significance,41.611
3,10091084,10091084,FANCD2,c.1440T>C,p.H480H,1.30,Likely Benign,0.029
3,10106532,10106532,FANCD2,c.2030C>T; c.2141C>T,p.P677L; p.P714L,2.73,Benign,14.696
3,10107147,10107147,FANCD2,c.2238C>T; c.2127C>T,p.N746N; p.N709N,0.56,Uncertain Significance,0.003
3,10107168,10107168,FANCD2,c.2148T>C; c.2259T>C,p.D753D; p.D716D,1.05,Uncertain Significance,0.003
3,10142949,10142949,FANCD2OS; FANCD2,c.*43+2933G>A; c.*3C>T,,48.97,Benign,32.842
3,105389153,105389153,CBLB,n.3129T>C; c.2547T>C; n.2886T>C; c.2550T>C; n.2930T>C; n.2751T>C; c.2697T>C; n.2975T>C; c.1284T>C; n.2841T>C; c.1701T>C; c.1833T>C; n.2641T>C; c.1686T>C; c.1554T>C; c.2613T>C; c.2481T>C; c.2466T>C; c.1293T>C; c.2334T>C,p.P431P; p.P562P; p.P871P; p.P778P; p.P822P; p.P899P; p.P428P; p.P567P; p.P611P; p.P850P; p.P827P; p.P849P; p.P518P,49.90,Benign,22.367
3,105422844,105422844,CBLB,c.252G>A; c.801G>A; n.1986G>A; n.1623G>A; c.1647G>A; c.1665G>A; n.1920G>A; n.1660G>A; n.2004G>A; n.1872G>A; c.1581G>A; n.1696G>A; c.1434G>A; c.393G>A,p.T527T; p.T549T; p.T478T; p.T555T; p.T267T; p.T84T; p.T131T,50.81,Benign,72.630
3,105438957,105438957,CBLB,c.1341A>C; c.1425A>C; n.1420A>C; c.12A>C; n.1680A>C; c.1407A>C; n.1383A>C; n.1456A>C; c.153A>C; c.561A>C; c.1194A>C; n.1764A>C; n.1632A>C,p.L447L; p.L469L; p.L4L; p.L51L; p.L475L; p.L187L; p.L398L,49.86,Benign,22.577
3,105439026,105439026,CBLB,c.1356C>T; n.1351C>T; c.84C>T; n.1695C>T; n.1563C>T; c.1338C>T; n.1611C>T; n.1314C>T; c.-58C>T; c.1272C>T; n.1387C>T; c.492C>T; c.1125C>T,p.D164D; p.D375D; p.D452D; p.D424D; p.D446D; p.D28D,49.50,Benign,22.469
3,128205776,128205776,GATA2,c.381C>A; c.99C>A,p.Y127*; p.Y33*,49.41,Likely Pathogenic,
3,128205860,128205860,GATA2,c.297C>G; c.15C>G,p.P99P; p.P5P,44.96,Benign,66.313
3,183211906,183211906,KLHL6,c.1311T>C,p.N437N,99.17,Benign,55.874
3,183212026,183212026,KLHL6,c.1191G>A,p.S397S,49.66,Benign,17.403
3,187447032,187447032,LOC100131635; BCL6,n.294-3127G>A; c.1161C>T,p.N387N,97.74,Benign,64.365
4,1807894,1807894,FGFR3,c.1956G>A; n.2379G>A; c.1959G>A; c.1953G>A; c.1617G>A,p.T651T; p.T652T; p.T539T; p.T653T,99.50,Benign,98.654
4,55130078,55130078,PDGFRA; ENSG00000282278,c.651T>C; c.612T>C; c.1018-11014T>C; c.687T>C,p.N204N; p.N217N; p.N229N,50.71,Benign,18.408
4,55133726,55133726,PDGFRA; ENSG00000282278,c.939T>G; c.1014T>G; c.1018-7366T>G; c.978T>G,p.G326G; p.G338G; p.G313G,49.51,Benign,18.274
4,55139771,55139771,PDGFRA; ENSG00000282278,c.1471T>C; c.1018-1321T>C; c.1432T>C; c.1507T>C,p.S478P; p.S491P; p.S503P,49.84,Benign,15.338
4,55141055,55141055,PDGFRA; ENSG00000282278,c.1740A>G; c.1776A>G; c.1701A>G; c.1018-37A>G,p.P580P; p.P592P; p.P567P,99.18,Benign,98.760
4,55143577,55143577,PDGFRA; ENSG00000282278,c.1089G>A; c.1848G>A; c.1809G>A; c.1884G>A,p.A363A; p.A603A; p.A628A; p.A616A,49.59,Benign,16.004
4,55152040,55152040,PDGFRA; ENSG00000282278,c.1752C>T; c.2511C>T; c.2547C>T; c.2472C>T,p.V584V; p.V824V; p.V837V; p.V849V,48.13,Benign,18.422
4,55161391,55161391,PDGFRA; ENSG00000282278,c.2502T>C; c.3261T>C; c.3222T>C; c.3297T>C,p.D834D; p.D1099D; p.D1087D; p.D1074D,99.83,Benign,99.911
4,55593464,55593464,KIT,c.1624A>C; c.1621A>C; c.1609A>C; c.1612A>C; c.1111A>C,p.M371L; p.M542L; p.M541L; p.M537L; p.M538L,47.51,Uncertain Significance,7.647
4,55602765,55602765,KIT,c.2583G>C; c.2451G>C; c.2586G>C; c.2577G>C; c.2076G>C; c.2574G>C; c.2571G>C; c.2589G>C,p.L857L; p.L862L; p.L861L; p.L863L; p.L692L; p.L859L; p.L858L; p.L817L,50.22,Benign,11.310
4,55972946,55972946,KDR,c.1444T>C,p.C482R,47.46,Uncertain Significance,2.304
4,55972974,55972974,KDR,c.1416A>T,p.Q472H,48.50,Uncertain Significance,22.255
4,57333822,57333822,SRP72,n.40G>T; c.21G>T,p.G7G,49.57,Benign,22.522
4,57352505,57352505,SRP72,n.1120G>A; c.918G>A; c.1101G>A,p.Q306Q; p.Q367Q,4.90,Uncertain Significance,0.000
4,106196951,106196951,TET2; TET2-AS1,c.5284A>G; n.318+58592T>C; c.5347A>G,p.I1762V; p.I1783V,48.24,Benign,29.475
5,1293767,1293767,TERT,c.1234C>T; n.1313C>T,p.H412Y,48.34,Benign,0.325
5,1294086,1294086,TERT,c.915G>A; n.994G>A,p.A305A,46.14,Benign,27.537
5,1294509,1294509,TERT,n.571C>T; c.492C>T,p.P164P,49.16,Uncertain Significance,0.004
5,35861068,35861068,IL7R,c.197T>C; n.284T>C,p.I66T,48.54,Benign,62.570
5,35871190,35871190,IL7R,c.412G>A; n.499G>A,p.V138I,49.71,Benign,64.899
5,35874575,35874575,IL7R,n.625-1039C>T; c.731C>T; c.706+825C>T,p.T244I,49.41,Uncertain Significance,23.062
5,149433888,149433888,CSF1R,n.2653G>C; c.2760G>C; n.2724G>C; c.2316G>C,p.E920D; p.E772D,45.10,Likely Benign,0.278
5,149457678,149457678,CSF1R,n.853C>T; c.282C>T; c.726C>T; n.782C>T,p.T242T; p.T94T,49.52,Benign,50.924
5,149460553,149460553,CSF1R,c.-361T>C; c.84T>C; n.211T>C; n.140T>C,p.P28P,50.39,Benign,48.014
5,176721198,176721198,NSD1,c.5956T>C; c.1471T>C; c.6067T>C; c.6829T>C; c.6076T>C; c.5707T>C; c.6520T>C; c.6409T>C,p.L1986L; p.L2174L; p.L1903L; p.L491L; p.L2137L; p.L2277L; p.L2026L; p.L2023L,99.70,Benign,82.274
5,176940384,176940384,DDX41,c.822C>T; c.1200C>T,p.R274R; p.R400R,49.07,Benign,41.586
6,18139214,18139214,TPMT,c.474C>T; c.474T>C *,p.I158I,50,Benign,76.396
6,33288271,33288271,DAXX,c.1173T>C; c.912T>C; c.1137T>C,p.Y379Y; p.Y304Y; p.Y391Y,47.57,Benign,29.226
7,2946461,2946461,CARD11,c.3276A>G,p.R1092R,45.37,Benign,51.281
7,2969680,2969680,CARD11,c.1599C>T,p.D533D,50.72,Benign,18.940
7,2976767,2976767,CARD11,c.1245C>T,p.D415D,49.41,Benign,16.318
7,6026775,6026775,PMS2,c.1513A>G; c.1645A>G; c.850A>G; c.1423A>G; c.1465A>G; c.1048A>G; c.1453A>G; c.1147A>G; c.804-4153A>G; c.1303A>G; c.1618A>G; c.1255A>G; c.1108A>G; c.1312A>G; n.1708A>G; c.1807A>G; c.1285A>G; c.1621A>G; c.803+10182A>G; c.1216A>G; c.1297A>G; c.1060A>G; c.688A>G; c.1156A>G,p.K429E; p.K603E; p.K433E; p.K489E; p.K541E; p.K230E; p.K383E; p.K505E; p.K549E; p.K386E; p.K354E; p.K475E; p.K540E; p.K350E; p.K370E; p.K419E; p.K435E; p.K284E; p.K406E; p.K438E; p.K485E,45.14,Benign,84.429
7,6036980,6036980,PMS2,c.780C>G; c.966C>G; c.-154C>G; c.471C>G; c.444C>G; c.672C>G; c.267C>G; c.804C>G; c.705+1759C>G; c.132+5104C>G; c.375C>G; c.207C>G; c.612C>G; c.777C>G; n.867C>G; c.537+5104C>G; c.462C>G,p.S157S; p.S125S; p.S89S; p.S148S; p.S69S; p.S322S; p.S204S; p.S224S; p.S268S; p.S260S; p.S259S; p.S154S,49.54,Benign,80.387
7,6043613,6043613,PMS2,c.-113C>T; c.-245C>T; c.25C>T; c.-63C>T; c.-142C>T; n.327C>T; c.-645C>T; c.-341C>T; c.426C>T; c.-192C>T; c.-52-1346C>T; c.-156C>T; c.240C>T; c.-166C>T,p.F80F; p.F142F; p.R9*,6.17,Likely Benign,0.007
7,6043666,6043666,PMS2,c.-219G>A; c.-116G>A; c.-29G>A; c.373G>A; c.-52-1399G>A; c.-245G>A; c.-195G>A; n.274G>A; c.-166G>A; c.-298G>A; c.-209G>A; c.-394G>A; c.187G>A; c.-698G>A,p.V63M; p.V125M,0.72,Uncertain Significance,0.000
7,50467767,50467767,IKZF1,c.573C>A; c.543C>A; c.801C>A; c.417C>A; c.711C>A; c.585C>A; c.615C>A; c.1062C>A; c.876C>A; c.1002C>A; c.312C>A; c.741C>A; c.447C>A; c.480C>A,p.P292P; p.P160P; p.P195P; p.P354P; p.P191P; p.P181P; p.P334P; p.P267P; p.P247P; p.P104P; p.P237P; p.P149P; p.P139P; p.P205P,46.50,Benign,17.935
7,55214348,55214348,EGFR,c.424+3167C>T; c.315C>T; c.89-9175C>T; c.474C>T,p.N158N; p.N105N,49.88,Benign,51.021
7,55229255,55229255,EGFR,c.1562G>A; c.1427G>A; c.761G>A; c.1403G>A,p.R476K; p.R254K; p.R468K; p.R521K,47.36,Uncertain Significance,28.542
7,55238874,55238874,EGFR,c.1752T>A; c.1086T>A; c.1887T>A; c.1728T>A,p.T584T; p.T362T; p.T629T; p.T576T,47.91,Benign,37.141
7,55249063,55249063,EGFR-AS1; EGFR,n.1201C>T; c.2226G>A; c.1560G>A; c.2202G>A; c.2361G>A,p.Q734Q; p.Q787Q; p.Q520Q; p.Q742Q,98.06,Benign,52.144
7,55266417,55266417,EGFR,c.2574T>C; c.2709T>C; c.1908T>C; c.2550T>C,p.T636T; p.T903T; p.T858T; p.T850T,89.34,Benign,89.426
7,92734451,92734451,SAMD9,c.960T>C,p.Y320Y,98.01,Benign,37.879
7,92762681,92762681,SAMD9L,c.2604T>C,p.A868A,93.20,Benign,17.871
7,92764982,92764982,SAMD9L,c.303G>A,p.Q101Q,48.72,Benign,22.980
7,101892121,101892121,CUX1,c.3876G>A; c.1250-24516G>A; c.1256-24516G>A; c.1118-24516G>A; c.4182G>A; c.1139-24516G>A; c.1208-24516G>A; c.4350G>A; c.4317G>A,p.P1450P; p.P1394P; p.P1292P; p.P1439P,46.09,Benign,48.426
7,101916647,101916647,CUX1,c.1260A>G; c.1266A>G *; c.1218A>G *; c.1149A>G; c.1218A>G; c.1149A>G *; c.1266A>G; c.1128A>G *; c.1128A>G; c.1260A>G *,p.A383A; p.A422A; p.A376A; p.A420A; p.A406A,99.52,Benign,72.926
7,101917521,101917521,CUX1,c.1252G>A; c.1384G>A; c.1342G>A; c.1390G>A; c.1273G>A,p.A464T; p.A462T; p.A425T; p.A418T; p.A448T,47.32,Benign,56.358
7,103292224,103292224,RELN,c.1776A>G,p.E592E,45.44,Benign,7.732
7,103301976,103301977,RELN,c.1290-3dup,,1.17,Benign,0.535
7,103389954,103389954,RELN,c.578-3T>C,,98.33,Benign,49.219
7,116397572,116397572,MET,c.1944A>G; c.654A>G,p.Q648Q; p.Q218Q,48.61,Benign,18.140
7,116435768,116435768,MET,c.3858C>T; c.2568C>T; c.3912C>T,p.D856D; p.D1286D; p.D1304D,49.26,Benign,42.252
7,116436022,116436022,MET,c.4071G>A; c.4017G>A; c.2727G>A,p.A1339A; p.A1357A; p.A909A,48.81,Benign,42.426
7,116436097,116436097,MET,c.4146G>A; c.4092G>A; c.2802G>A,p.P1382P; p.P934P; p.P1364P,44.61,Benign,42.451
7,127668769,127668769,LRRC4; SND1,c.1925C>A; c.1779+37660G>T,p.T642N,46.52,Uncertain Significance,2.133
7,127669857,127669857,LRRC4; SND1,c.837T>A; c.1779+38748A>T,p.S279S,48.35,Benign,30.888
7,140426257,140426257,BRAF,c.*37T>C; c.2187T>C; c.2128-10421T>C,p.S729S,51.62,Benign,37.551
7,140449164,140449164,BRAF,c.1849G>A; c.1651G>A; c.2035G>A; c.1759G>A; c.1915G>A; c.1804G>A; c.1813G>A; c.1924G>A,p.V587I; p.V642I; p.V679I; p.V602I; p.V605I; p.V639I; p.V617I; p.V551I,1.12,Likely Pathogenic,
7,148543694,148543694,EZH2,c.118-4del,,56.08,Benign,70.685
7,151873853,151873853,KMT2C,c.8460G>A; c.8685G>A,p.Q2895Q; p.Q2820Q,50.11,Benign,25.284
7,151874581,151874581,KMT2C,c.7957C>G; c.7732C>G,p.L2578V; p.L2653V,46.59,Likely Benign,0.686
7,151875047,151875047,KMT2C,c.7266C>T; c.7491C>T,p.R2422R; p.R2497R,40.71,Likely Benign,0.663
7,151902216,151902216,KMT2C,c.3936C>T; c.3816C>T,p.S1272S; p.S1312S,0.58,Uncertain Significance,0.002
7,151921255,151921255,KMT2C,c.3168G>A; c.3048G>A,p.W1056*; p.W1016*,5.81,Likely Pathogenic,
7,151927021,151927021,KMT2C,c.2963G>T; c.2843G>T,p.C988F; p.C948F,25.86,Benign,22.612
7,151927023,151927023,KMT2C,c.2961C>G; c.2841C>G,p.Y947*; p.Y987*,21.85,Likely Pathogenic,
7,151927025,151927025,KMT2C,c.2959T>C; c.2839T>C,p.Y987H; p.Y947H,40.83,Benign,38.544
7,151927026,151927026,KMT2C,c.2838A>G; c.2958A>G,p.P986P; p.P946P,3.98,Benign,23.424
7,151927067,151927067,KMT2C,c.2797A>G; c.2917A>G,p.R973G; p.R933G,22.90,Likely Pathogenic,
7,151932908,151932908,KMT2C,c.2643A>G; c.2763A>G,p.L921L; p.L881L,3.23,Benign,42.499
7,151932923,151932923,KMT2C,c.2628C>T; c.2748C>T,p.I876I; p.I916I,0.79,Uncertain Significance,0.338
7,151935798,151935799,KMT2C,c.2645_2646delinsCA; c.2533-2781_2533-2780delinsCA,p.I882T,31.83,Uncertain Significance,
7,151935866,151935866,KMT2C,c.2533-2848C>T; c.2578C>T,p.P860S,26.04,Likely Pathogenic,
7,151935871,151935871,KMT2C,c.2533-2853G>T; c.2573G>T,p.W858L,26.24,Likely Pathogenic,
7,151945007,151945007,KMT2C,c.2515G>A; c.2512G>A,p.G838S; p.G839S,48.46,Benign,49.408
7,151945071,151945072,KMT2C,c.2447dup; c.2450dup,p.Y816*; p.Y817*,22.82,Benign,48.670
7,151945140,151945140,KMT2C,c.2379G>A; c.2382G>A,p.S794S; p.S793S,33.07,Benign,43.539
7,151945256,151945256,KMT2C,c.2263C>T; c.2266C>T,p.Q756*; p.Q755*,2.46,Likely Pathogenic,0.563
7,151962257,151962257,KMT2C,c.1053G>A; c.1050G>A,p.P351P; p.P350P,12.04,Uncertain Significance,0.100
7,151962265,151962265,KMT2C,c.1042G>A; c.1045G>A,p.D348N; p.D349N,11.13,Uncertain Significance,0.033
7,151962290,151962290,KMT2C,c.1020G>C; c.1017G>C,p.K339N; p.K340N,4.81,Uncertain Significance,0.008
7,151970856,151970856,KMT2C,c.946A>T; c.949A>T,p.T317S; p.T316S,74.42,Benign,50.094
7,151970931,151970931,KMT2C,c.871C>T; c.874C>T,p.L291F; p.L292F,62.81,Benign,49.945
7,151970951,151970951,KMT2C,c.854G>A; c.851G>A,p.R284Q; p.R285Q,4.72,Likely Benign,0.327
8,30915971,30915971,WRN,c.15del,p.K5Nfs*15,0.64,Likely Pathogenic,0.003
8,30924557,30924557,WRN,c.513C>T,p.C171C,99.14,Benign,70.808
8,30973957,30973957,WRN,c.2361G>T,p.L787L,98.78,Benign,45.121
8,30999280,30999280,WRN,c.3222G>T,p.L1074F,98.17,Benign,45.358
8,31024654,31024654,WRN,c.4099T>C,p.C1367R,40.68,Benign,23.683
8,41794934,41794934,KAT6A,c.3192G>A,p.T1064T,47.22,Benign,20.756
9,5050706,5050706,JAK2,c.489C>T; n.890C>T; c.-632C>T; n.973C>T; c.42C>T,p.H163H; p.H14H,42.82,Benign,32.549
9,5081780,5081780,JAK2,c.2043G>A; c.1275G>A; n.2891G>A; c.2490G>A; n.2974G>A,p.L681L; p.L425L; p.L830L,49.97,Benign,53.602
9,36840623,36840623,PAX5,c.1008C>T; c.921C>T; c.810C>T; c.878C>T; c.1110C>T; c.894C>T; c.597C>T; c.981C>T; c.1023C>T; c.786C>T; n.1274C>T; c.791C>T; n.1217C>T,p.T293I; p.Y336Y; p.Y327Y; p.Y307Y; p.Y262Y; p.Y341Y; p.Y199Y; p.Y298Y; p.Y370Y; p.T264I; p.Y270Y,98.93,Benign,86.447
9,86586806,86586808,HNRNPK,c.942_944del; c.870_872del,p.P315del; p.P291del,0.66,Uncertain Significance,0.003
9,86586890,86586890,HNRNPK,c.788G>A; c.860G>A,p.R263Q; p.R287Q,1.23,Uncertain Significance,0.000
9,86586893,86586893,HNRNPK,c.785G>A; c.857G>A,p.R262H; p.R286H,2.44,Uncertain Significance,
9,86586904,86586912,HNRNPK,c.766_774del; c.838_846del,p.Y256_D258del; p.Y280_D282del,2.69,Uncertain Significance,
9,133755528,133755528,ABL1,c.1497A>G; c.1554A>G,p.E499E; p.E518E,48.05,Benign,6.636
9,133761001,133761001,ABL1,c.3381A>G; c.3324A>G,p.P1108P; p.P1127P,97.02,Benign,55.454
9,139391636,139391636,NOTCH1,c.4152C>T; c.6555C>T; c.6441C>T; c.6435C>T,p.D2185D; p.D2145D; p.D1384D; p.D2147D,47.73,Benign,61.822
9,139397707,139397707,NOTCH1,c.4980C>T; c.4974C>T; c.5094C>T; c.2691C>T,p.D1660D; p.D1658D; p.D897D; p.D1698D,51.16,Benign,44.879
9,139405261,139405261,NOTCH1,c.2474-4G>A; c.2588-4G>A; c.185-4G>A,,44.00,Benign,47.788
9,139407932,139407932,NOTCH1,c.-724T>C; c.2265T>C; c.2151T>C,p.N755N; p.N717N,49.31,Benign,40.508
9,139418260,139418260,NOTCH1,c.312T>C,p.N104N,50.71,Benign,59.336
10,27303605,27303605,ANKRD26,c.4539T>A; c.4542T>A,p.F1514L; p.F1513L,45.19,Benign,21.930
10,27317778,27317778,ANKRD26,c.3969+3A>G; c.3972+3A>G,,50.33,Benign,11.082
10,27317840,27317840,ANKRD26,c.3910G>A; c.3913G>A,p.V1304I; p.V1305I,50.27,Benign,21.844
10,27381349,27381349,ANKRD26,c.624A>G,p.V208V,50.53,Benign,24.163
10,27389197,27389197,ANKRD26,c.59A>G,p.Q20R,99.28,Benign,89.948
10,27389314,27389314,ANKRD26,c.-59G>A,,48.67,Benign,7.705
10,72360387,72360387,PRF1; PALD1,c.272C>T; c.2250+36112G>A; c.*17+1547G>A,p.A91V,46.92,Likely Benign,2.916
10,89692923,89692923,PTEN,c.926G>A; c.-344G>A; c.362G>A; c.407G>A,p.C136Y; p.C309Y; p.C121Y,0.63,Pathogenic,
10,90771829,90771829,FAS,n.411T>C; n.612T>C; n.951T>C; n.538+1257T>C; n.474T>C; c.568+1257T>C; n.808T>C; c.687T>C; n.549T>C; n.561T>C; c.579T>C; c.642T>C,p.T193T; p.T229T; p.T214T,99.57,Benign,76.186
10,112361870,112361870,SMC3,c.3039A>G,p.S1013S,99.74,Benign,99.598
10,123239112,123239112,FGFR2,c.2107C>T; c.*259C>T; n.3161C>T; c.*453C>T,p.L703L,97.88,Benign,53.214
10,123298158,123298158,FGFR2,n.984A>G; c.429A>G; c.696A>G; c.351A>G,p.V232V; p.V143V; p.V117V,98.57,Benign,78.012
11,534242,534242,HRAS,c.81T>C; c.-239T>C,p.H27H,98.21,Benign,31.879
11,30033191,30033191,KCNA4,c.1035C>T,p.G345G,47.62,Benign,17.601
11,32456694,32456694,WT1-AS; WT1,n.-891C>A; c.213G>T; c.-1176G>T; n.392G>T; c.-1485G>T; n.-370C>A,p.P71P,49.12,Benign,23.604
11,72945341,72945341,P2RY2,c.137C>T,p.P46L,95.99,Benign,92.488
11,72946020,72946020,P2RY2,c.816C>T,p.R272R,47.07,Benign,56.602
11,72946140,72946140,P2RY2,c.936G>C,p.R312S,46.66,Benign,27.787
11,108040484,108040484,NPAT,c.2997C>A,p.N999K,48.67,Benign,6.897
11,108043988,108043988,NPAT,c.1723G>A,p.V575I,97.71,Benign,60.114
11,108175462,108175462,ATM,c.5557G>A,p.D1853N,48.35,Benign,11.344
11,108183167,108183167,C11orf65; ATM,c.5948A>G; c.641-3369T>C; c.*39-3369T>C; c.5948A>G *,p.N1983S; p.S1983S,99.83,Benign,100.000
11,124412838,124412838,OR8B12,c.713G>A,p.S238N,47.37,Benign,5.181
12,25368462,25368462,KRAS,c.451-5617G>A; c.253-5617G>A; c.376-5617G>A; c.483G>A *; c.483G>A,p.R161R,99.66,Benign,99.949
12,111884608,111884608,SH2B3,c.178T>C; c.784T>C,p.W60R; p.W262R,49.45,Benign,66.803
13,19748181,19748181,TUBA3C,c.1175A>T,p.D392V,1.38,Uncertain Significance,
13,19751274,19751274,TUBA3C,c.849C>T,p.H283H,10.00,Uncertain Significance,0.007
13,19751289,19751289,TUBA3C,c.834C>T,p.A278A,1.41,Uncertain Significance,0.009
13,19751292,19751292,TUBA3C,c.831A>G,p.S277S,8.28,Uncertain Significance,0.005
13,19751301,19751301,TUBA3C,c.822G>A,p.P274P,8.03,Uncertain Significance,0.038
13,19751462,19751463,TUBA3C,c.660_661delinsAA,p.R221S,0.74,Uncertain Significance,
13,19751466,19751466,TUBA3C,c.657C>T,p.I219I,2.36,Uncertain Significance,0.002
13,28610183,28610183,FLT3,n.1376-3T>C; c.1310-3T>C,,49.27,Uncertain Significance,70.039
13,28624294,28624294,FLT3,n.746C>T; c.680C>T,p.T227M,49.46,Benign,59.806
13,28636084,28636084,FLT3,n.354C>T; c.288C>T,p.D96D,99.02,Benign,98.285
13,32912299,32912299,BRCA2,c.425-6396T>C; c.3438T>C; c.1909+4775T>C; c.3807T>C; n.4006T>C,p.V1146V; p.V1269V,47.79,Benign,17.542
13,32913055,32913055,BRCA2,c.4563A>G; n.4762A>G; c.425-5640A>G; c.4194A>G; c.1909+5531A>G,p.L1398L; p.L1521L,77.69,Benign,99.275
13,32915005,32915005,BRCA2,c.425-3690G>C; c.1910-3690G>C; c.6144G>C; c.6513G>C; n.6712G>C,p.V2048V; p.V2171V,96.62,Benign,99.253
13,32929387,32929387,BRCA2,c.980T>C; c.7301T>C; c.7028T>C; c.7397T>C; n.7596T>C; c.2465T>C,p.V2434A; p.V2343A; p.V2466A; p.V327A; p.V822A,99.54,Benign,99.343
14,86088056,86088056,FLRT2,c.198T>C,p.T66T,98.11,Benign,99.769
15,66727454,66727456,MAP2K1,c.170_172delinsGAT; c.104_106delinsGAT,p.K35_Q36delinsR*; p.K57_Q58delinsR*,0.79,Uncertain Significance,
15,74328116,74328116,PML,c.*1119A>G; c.*2167A>G; c.*35+1245A>G; c.*639A>G; c.2314A>G; c.1710+1245A>G; c.1566+1245A>G; c.1255-232A>G; c.2170A>G,p.S772G; p.S724G,50.45,Benign,52.387
15,74328141,74328141,PML,c.1710+1270G>T; c.*664G>T; c.*35+1270G>T; c.2195G>T; c.1566+1270G>T; c.1255-207G>T; c.*2192G>T; c.*1144G>T; c.2339G>T,p.G732V; p.G780V,49.17,Benign,36.446
15,74336633,74336633,PML,c.1789T>C; c.1933T>C,p.F597L; p.F645L,50.58,Benign,34.517
15,82555242,82555242,EFL1; SAXO2,c.-170A>G; c.-784T>C; c.-260A>G; c.-54A>G; c.-307T>C; n.-167T>C; c.-1011T>C; n.84A>G; c.-376A>G; c.-432A>G; c.22A>G; c.-176A>G,p.S8G,48.42,Benign,19.105
15,82558034,82558034,SAXO2,c.178G>C; c.-20G>C; c.28+2505G>C; c.53+2761G>C; c.37G>C,p.A60P; p.A13P,81.39,Benign,61.085
15,82563991,82563991,SAXO2,c.28+8462C>T; c.56C>T; c.140C>T; c.281C>T; c.233+5902C>T; c.101C>T,p.P94L; p.P47L; p.P34L; p.P19L,47.45,Benign,43.935
15,82574461,82574461,SAXO2,c.294C>T; c.435C>T; c.255C>T; c.30C>T; c.210C>T; c.235C>T,p.D70D; p.D145D; p.D85D; p.D10D; p.D98D; p.R79*,47.52,Benign,2.569
15,82574734,82574735,SAXO2,c.483_484del; c.708_709del; c.528_529del; c.*265_*266del; c.303_304del; c.567_568del,p.R102Lfs*2; p.R237Lfs*2; p.R177Lfs*2; p.R190Lfs*2; p.R162Lfs*2,48.55,Uncertain Significance,0.575
15,82574879,82574879,SAXO2,c.712T>C; c.448T>C; c.673T>C; c.853T>C; c.628T>C; c.*410T>C,p.W210R; p.W150R; p.W285R; p.W225R; p.W238R,45.23,Benign,24.845
15,88679785,88679785,NTRK3,c.384C>T; c.678C>T *; c.678C>T,p.N226N; p.N128N,99.60,Benign,99.673
15,91304286,91304288,BLM,c.570_572del; c.1695_1697del,p.D566del; p.D191del,0.61,Uncertain Significance,0.002
15,91326099,91326099,BLM,c.2603C>T; c.1478C>T,p.P493L; p.P868L,46.75,Benign,5.706
15,91354521,91354521,BLM,c.3961G>A; c.3568G>A; c.2836G>A,p.V1190I; p.V946I; p.V1321I,48.44,Benign,6.828
16,89849480,89849480,FANCA,c.1501G>A,p.G501S,49.06,Benign,50.407
17,260142,260142,C17orf97; LOC105371430; LIAT1,c.9G>T; n.330+2778C>A,p.T3T,50.25,Benign,31.608
17,260182,260182,C17orf97; LOC105371430; LIAT1,n.330+2738A>G; c.49T>C,p.L17L,46.43,Benign,30.542
17,263292,263292,C17orf97; LOC105371430; LIAT1,c.304+2855G>A; c.658G>A; n.46-88C>T,p.D220N,31.53,Benign,3.639
17,263294,263294,C17orf97; LOC105371430; LIAT1,c.304+2857C>G; n.46-90G>C; c.660C>G,p.D220E,33.54,Benign,23.003
17,1554770,1554770,PRPF8; RILP,c.6588T>C; c.-1672T>C; c.6453T>C; c.6441T>C,p.H2196H; p.H2151H; p.H2147H,49.72,Benign,11.332
17,1556911,1556911,PRPF8,c.6159G>A; c.6147G>A; c.6294G>A,p.K2098K; p.K2053K; p.K2049K,48.73,Benign,2.911
17,1565283,1565283,PRPF8,c.3804G>A; c.3792G>A; c.3939G>A,p.P1313P; p.P1268P; p.P1264P,47.22,Benign,2.910
17,1578939,1578939,PRPF8,c.2847G>A; c.2712G>A,p.P949P; p.P904P,49.47,Benign,21.339
17,1580929,1580929,PRPF8,c.1914C>G; c.1779C>G,p.L638L; p.L593L,50.88,Benign,21.727
17,1584324,1584324,PRPF8,c.891T>C,p.N297N,47.72,Benign,21.785
17,7579472,7579472,TP53,c.98C>G; c.215C>G; c.-1020C>G; c.-939C>G; n.357C>G,p.P72R; p.P33R,95.78,Uncertain Significance,66.289
17,16842912,16842912,TNFRSF13B,c.693T>C; c.831T>C,p.S277S; p.S231S,52.63,Benign,49.363
17,16855878,16855878,TNFRSF13B,c.81G>A; c.62-3581G>A,p.T27T,51.99,Benign,80.823
17,29508775,29508775,NF1,c.702G>A,p.L234L,47.92,Benign,62.010
17,29527569,29527569,NF1,c.1018T>G,p.S340A,0.69,Likely Pathogenic,
17,29528142,29528142,NF1,c.1150T>C,p.F384L,2.18,Likely Pathogenic,
17,29541476,29541476,NF1,c.1430C>T; c.1445C>T; c.1400C>T,p.T482I; p.T477I; p.T467I,1.27,Pathogenic,
17,29553485,29553485,NF1,c.2079G>A; c.2034G>A; c.2064G>A,p.P678P; p.P693P; p.P688P,49.01,Benign,38.412
17,29554582,29554582,NF1,c.2397G>A; c.2367G>A; c.2412G>A,p.K799K; p.K789K; p.K804K,14.79,Uncertain Significance,
17,29554589,29554589,NF1,c.2419C>T; c.2374C>T; c.2404C>T,p.L802F; p.L792F; p.L807F,14.30,Pathogenic,
17,30267331,30267331,SUZ12,c.301C>T,p.R101*,2.24,Likely Pathogenic,
17,30303572,30303572,SUZ12,c.856C>T; c.787C>T,p.R263*; p.R286*,1.42,Likely Pathogenic,
17,41223094,41223094,BRCA1,c.310A>G; c.4903A>G; c.4759A>G; c.4711A>G; c.4900A>G; c.1387A>G; c.-98-20887A>G; c.1525A>G; c.3949A>G; c.4696A>G; c.1444A>G; c.4624A>G; c.5-7126A>G; c.4834A>G; c.4837A>G,p.S1587G; p.S1566G; p.S1317G; p.S104G; p.S463G; p.S482G; p.S1613G; p.S1571G; p.S1635G; p.S1634G; p.S1612G; p.S509G; p.S1542G,98.16,Benign,34.998
17,41234470,41234470,BRCA1,c.4095T>C; c.918T>C; c.-43-7932T>C; c.5-18502T>C; c.4182T>C; c.858T>C; c.-98-32263T>C; c.4308T>C; c.4167T>C; c.3420T>C; c.4230T>C; c.996T>C; c.999T>C,p.S1140S; p.S306S; p.S1394S; p.S1365S; p.S1410S; p.S1389S; p.S332S; p.S1436S; p.S333S; p.S286S,98.13,Benign,34.330
17,41244000,41244000,BRCA1,c.3470A>G; c.3422A>G; c.3335A>G; c.-43-17462A>G; c.5-28032A>G; c.707-951A>G; c.-99+33288A>G; c.3548A>G; c.3407A>G; c.647-951A>G; c.2660A>G; c.788-951A>G; c.785-951A>G,p.K1112R; p.K1157R; p.K1136R; p.K887R; p.K1183R; p.K1141R,95.50,Benign,34.855
17,41244435,41244435,BRCA1,c.-43-17897A>G; c.647-1386A>G; c.-99+32853A>G; c.2225A>G; c.3113A>G; c.2987A>G; c.5-28467A>G; c.788-1386A>G; c.785-1386A>G; c.2972A>G; c.3035A>G; c.2900A>G; c.707-1386A>G,p.E991G; p.E1038G; p.E996G; p.E742G; p.E1012G; p.E967G,92.66,Benign,34.300
17,41244936,41244936,BRCA1,c.2486C>T; c.2399C>T; c.787+1825C>T; c.2471C>T; c.646+1825C>T; c.706+1825C>T; c.5-28968C>T; c.784+1825C>T; c.1724C>T; c.2534C>T; c.-43-18398C>T; c.-99+32352C>T; c.2612C>T,p.P575L; p.P829L; p.P871L; p.P800L; p.P824L; p.P845L,93.20,Benign,41.275
17,41245237,41245237,BRCA1,c.2185T>C; c.5-29269T>C; c.706+1524T>C; c.646+1524T>C; c.784+1524T>C; c.2233T>C; c.-43-18699T>C; c.2170T>C; c.-99+32051T>C; c.2311T>C; c.1423T>C; c.2098T>C; c.787+1524T>C,p.L724L; p.L700L; p.L745L; p.L771L; p.L475L; p.L729L,98.22,Benign,34.216
17,41245466,41245466,BRCA1,c.706+1295C>T; c.1956C>T; c.1194C>T; c.1869C>T; c.2004C>T; c.-99+31822C>T; c.2082C>T; c.787+1295C>T; c.5-29498C>T; c.-43-18928C>T; c.784+1295C>T; c.646+1295C>T; c.1941C>T,p.S623S; p.S668S; p.S694S; p.S398S; p.S652S; p.S647S,91.01,Benign,34.860
17,41245471,41245471,BRCA1,c.1864G>A; c.706+1290G>A; c.-99+31817G>A; c.646+1290G>A; c.-43-18933G>A; c.5-29503G>A; c.784+1290G>A; c.2077G>A; c.1189G>A; c.1999G>A; c.787+1290G>A; c.1936G>A; c.1951G>A,p.D651N; p.D693N; p.D646N; p.D397N; p.D667N; p.D622N,49.78,Benign,5.800
17,74732507,74732507,MFSD11; SRSF2,c.-1928A>G; c.-1812A>G; c.-733A>G; c.-1623A>G; n.573T>C; n.-1694A>G; c.402T>C; c.-1530A>G; c.402T>C *; c.-1645A>G; c.-738A>G; n.-209A>G; c.-1269A>G; c.366T>C,p.S122S; p.S134S,99.66,Benign,99.703
17,74733099,74733099,MFSD11; MIR636; SRSF2,n.-1102G>A; c.-141G>A; n.-469C>T; c.-1336G>A; c.-1053G>A; n.315C>T; c.-938G>A; c.-146G>A; c.-1220G>A; c.-1031G>A; n.384G>A; c.144C>T; c.-677G>A,p.D48D,96.42,Benign,88.440
18,42456653,42456653,SETBP1,c.540+7405G>A; c.664G>A,p.A222T,47.26,Benign,52.534
18,42456670,42456671,SETBP1,c.540+7422_540+7423insTCTT; c.681_682insTCTT,p.T228Sfs*8,48.84,Benign,52.471
18,42532011,42532011,SETBP1,c.2706G>A,p.P902P,45.28,Uncertain Significance,0.018
18,42533130,42533130,SETBP1,c.3825A>G,p.S1275S,98.37,Benign,88.475
19,7711221,7711221,STXBP2,c.1443T>C; n.1458T>C; c.48T>C; c.1347T>C; c.1476T>C; c.1434T>C,p.D481D; p.D492D; p.D478D; p.D449D; p.D16D,50.33,Benign,42.083
19,7712277,7712277,STXBP2,c.1480A>G; c.1609A>G; c.1576A>G; c.1538+144A>G; n.1591A>G; c.181A>G; c.1567A>G,p.I61V; p.I494V; p.I523V; p.I526V; p.I537V,51.52,Benign,64.010
19,10265312,10265312,DNMT1,c.1419A>G; c.1734A>G; c.1782A>G,p.T578T; p.T594T; p.T473T,99.57,Benign,99.074
19,10267077,10267077,DNMT1,c.1341A>G; c.1389A>G; c.1026A>G,p.P447P; p.P463P; p.P342P,50.03,Benign,51.810
19,56180968,56180968,U2AF2,c.1191C>T; c.1203C>T,p.D397D; p.D401D,99.56,Benign,86.871
20,31022959,31022959,ASXL1,c.1869+575T>C; c.2429T>C; c.2261T>C *; c.2261T>C; c.2444T>C *,p.L754P; p.P815P; p.P754P; p.L810P,98.57,Benign,99.999
20,31024274,31024274,ASXL1,c.3576T>C; c.3744T>C; c.1869+1890T>C; c.3759T>C,p.S1253S; p.S1192S; p.S1248S,47.08,Benign,41.808
20,43264927,43264927,ADA,c.-254G>A; n.128G>A; c.36G>A; c.99G>A; c.-115G>A; c.114G>A; c.-118G>A; c.111G>A,p.V33V; p.V12V; p.V37V; p.V38V,99.14,Benign,99.525
20,57478807,57478807,GNAS,c.393C>T; c.396C>T; c.*299C>T; c.174C>T; c.*296C>T; c.351C>T; c.2322C>T; c.2325C>T; c.*254C>T; c.66C>T; c.297C>T; c.*305C>T; c.219C>T; c.2277C>T; c.216C>T; c.348C>T,p.I775I; p.I117I; p.I72I; p.I116I; p.I73I; p.I759I; p.I132I; p.I131I; p.I58I; p.I22I; p.I99I; p.I774I,48.33,Benign,54.473
20,62321655,62321655,RTEL1-TNFRSF6B; RTEL1,c.2274G>A; c.1605G>A; c.2346G>A; n.3101G>A,p.A535A; p.A758A; p.A782A,97.68,Benign,74.190
20,62322288,62322288,RTEL1-TNFRSF6B; RTEL1,c.2544T>C; c.2616T>C; n.3371T>C; c.1875T>C,p.P625P; p.P848P; p.P872P,99.47,Benign,75.007
20,62326110,62326110,RTEL1-TNFRSF6B; RTEL1; TNFRSF6B,n.3953A>C; c.2457A>C; c.-2011A>C; c.3126A>C; c.3198A>C,p.Q1042H; p.Q819H; p.Q1066H,99.45,Benign,75.489
20,62326579,62326579,RTEL1-TNFRSF6B; RTEL1; TNFRSF6B,c.3571+5G>T; c.2830+5G>T; c.3499+5G>T; c.-1542G>T; n.4326+5G>T,,48.15,Benign,14.281
20,62327199,62327199,RTEL1-TNFRSF6B; RTEL1; TNFRSF6B,c.-922A>G; c.3891A>G; n.4718A>G; c.*61A>G,p.P1297P,47.81,Benign,5.938
21,44513243,44513243,U2AF1; LOC102724594,c.692C>T; c.473C>T; c.578C>T,p.S231L; p.S193L; p.S158L,0.88,Uncertain Significance,0.000
21,44514891,44514891,U2AF1; LOC102724594,c.137G>A; c.242G>A; c.356G>A,p.R119H; p.R81H; p.R46H,46.64,Uncertain Significance,0.001
22,17662793,17662793,ADA2,c.1359T>C; c.636T>C; c.1233T>C; c.999T>C; c.753T>C,p.Y251Y; p.Y453Y; p.Y212Y; p.Y411Y; p.Y333Y,49.67,Benign,25.903
22,17662917,17662917,ADA2,c.1114-5C>G; c.517-5C>G; c.634-5C>G; c.1240-5C>G; c.880-5C>G,,50.23,Benign,24.953
22,17690409,17690409,ADA2,c.33C>T; c.-38-2229C>T; c.159C>T,p.N11N; p.N53N,98.24,Benign,43.280
22,23523630,23523630,BCR,c.483C>A,p.I161I,42.97,Benign,28.124
22,23627369,23627369,BCR,c.2387A>G,p.N796S,99.43,Benign,81.784
22,23631801,23631801,BCR,c.2700T>C,p.N900N,47.12,Benign,29.064
22,23631813,23631814,BCR,c.2707+12dup,,41.33,Benign,28.676
22,23651619,23651619,BCR,c.3021G>A; c.2889G>A,p.P963P; p.P1007P,33.22,Likely Benign,0.202
22,23653975,23653976,BCR,c.3143_3146dup; c.3275_3278dup,p.V1050Rfs*17; p.V1094Rfs*17,7.22,Uncertain Significance,0.280
22,23654017,23654017,BCR,c.3316G>A; c.3184G>A,p.D1062N; p.D1106N,7.28,Likely Pathogenic,0.024
22,24159024,24159024,SMARCB1,c.669G>A; c.723G>A; c.558G>A; c.750G>A; c.696G>A,p.T232T; p.T241T; p.T186T; p.T250T; p.T223T,48.63,Likely Benign,0.016
22,24167513,24167513,SMARCB1,c.897G>A; c.759G>A; c.951G>A; c.924G>A; c.870G>A,p.S253S; p.S299S; p.S290S; p.S317S; p.S308S,47.98,Benign,11.202
22,29090054,29090054,CHEK2,c.1154C>T; c.764C>T; c.1427C>T; c.1226C>T; c.1340C>T; c.1556C>T; c.767C>T,p.T256M; p.T476M; p.T255M; p.T385M; p.T409M; p.T519M; p.T447M,5.84,Uncertain Significance,0.031
22,29091142,29091142,CHEK2,c.1261G>A; c.685G>A; c.1075G>A; c.1348G>A; c.688G>A; c.1477G>A; c.1147G>A,p.E421K; p.E229K; p.E359K; p.E383K; p.E493K; p.E450K; p.E230K,4.91,Likely Pathogenic,
22,41548008,41548008,EP300,c.2911A>G; c.2989A>G,p.I971V; p.I997V,49.72,Benign,29.946
22,41551039,41551039,EP300,c.3183T>A; c.3105T>A,p.T1061T; p.T1035T,98.46,Benign,65.695
X,1314931,1314931,CRLF2,c.394G>A; c.730G>A; n.924G>A,p.V132M; p.V244M,47.98,Benign,6.094
X,1331495,1331495,CRLF2,c.-201C>G; c.33C>G; n.48C>G,p.A11A,48.19,Benign,21.325
X,15349998,15349998,PIGA,n.171C>T; c.55C>T; c.13+3625C>T,p.R19W,51.63,Benign,3.006
X,15838366,15838366,ZRSR2,c.864C>T; c.786C>T,p.N288N; p.N262N,99.19,Benign,52.758
X,15841311,15841311,ZRSR2,c.1317C>G; c.1395C>G,p.G465G; p.G439G,2.23,Likely Benign,
X,15841319,15841319,ZRSR2,c.1325G>A; c.1403G>A,p.R468K; p.R442K,4.10,Uncertain Significance,
X,39933339,39933339,BCOR,c.1260T>C,p.D420D,92.80,Benign,89.920
X,44929077,44929077,KDM6A,c.1940C>A; c.2255C>A; c.2039C>A; c.2075C>A; c.2198C>A; c.2333C>A; c.2096C>A; c.1289C>A; n.2460C>A; c.2042C>A; c.2177C>A,p.T430K; p.T680K; p.T681K; p.T692K; p.T726K; p.T733K; p.T647K; p.T699K; p.T778K; p.T752K,49.98,Benign,13.199
X,47057647,47057647,UBA1,c.1-555A>G,,99.93,Benign,99.806
X,48542332,48542332,WAS,c.90C>T,p.H30H,48.97,Uncertain Significance,0.069
X,76938153,76938153,ATRX,c.2481C>G; c.2595C>G,p.H865Q; p.H827Q,45.94,Likely Benign,0.818
X,129147079,129147079,BCORL1,c.331T>C *; c.331T>C,p.F111L; p.L111L,95.73,Benign,99.998
X,153994596,153994596,DKC1,n.471G>T; n.948G>T; c.-241G>T; c.369G>T; c.282G>T,p.T123T; p.T94T,99.73,Benign,99.752

