Chromosome,Position,End Position,Gene Symbol,Transcript Variant,Protein Variant,1755D.1 - Allele Fraction,Classification,gnomAD Frequency
1,12918885,12918885,PRAMEF2,c.21G>C,p.P7P,1.48,Likely Benign,0.393
1,12919587,12919587,PRAMEF2,c.327T>C,p.D109D,46.70,Benign,24.064
1,12921114,12921114,PRAMEF2,c.905G>A,p.C302Y,1.12,Uncertain Significance,0.041
1,12921127,12921127,PRAMEF2,c.918A>G,p.L306L,50.66,Benign,26.699
1,12921136,12921137,PRAMEF2,c.927_928delinsTG,p.L310V,3.13,Likely Pathogenic,
1,12921332,12921333,PRAMEF2,c.1123_1124delinsCA,p.C375H,47.87,Uncertain Significance,
1,43805046,43805046,MPL,c.475A>G; c.496A>G,p.R159G; p.R166G,0.61,Uncertain Significance,
1,43805240,43805240,MPL,c.669A>G; c.690A>G,p.E223E; p.E230E,47.99,Benign,3.581
1,47685455,47685455,TAL1,c.933A>G; c.456A>G *; c.933A>G *,p.K311K; p.K152K,98.02,Benign,100.000
1,65310489,65310489,JAK1,c.2199A>G; c.2067A>G; c.2070A>G; c.2193A>G; c.2196A>G,p.P690P; p.P733P; p.P689P; p.P731P; p.P732P,48.27,Benign,30.343
1,65311262,65311262,JAK1,c.2046C>T; c.2049C>T; c.1917C>T; c.1920C>T; c.2043C>T,p.S639S; p.S683S; p.S640S; p.S681S; p.S682S,50.36,Benign,15.025
2,25973060,25973060,ASXL2,c.1365G>A; c.1191G>A; c.585G>A; c.1362G>A,p.P397P; p.P195P; p.P455P; p.P454P,49.01,Benign,4.412
2,25994412,25994413,ASXL2,c.404-4dup; c.230-4dup; c.-377-4dup; c.401-4dup,,93.04,Benign,23.466
2,26022277,26022277,ASXL2,c.380A>G; c.377A>G; c.206A>G,p.K127R; p.K126R; p.K69R,47.42,Benign,4.980
2,47739551,47739551,KCNK12; MSH2,n.2748A>G; n.3260A>G; c.*133A>G; c.1847A>G; n.2622A>G; c.2324A>G; n.3103A>G; n.2974A>G; n.2913A>G; c.1388A>G; n.2630A>G; c.2744A>G; n.2575A>G; c.2594A>G; c.2711A>G; n.2780A>G; c.*8495T>C,p.Q904R; p.Q915R; p.Q865R; p.Q616R; p.Q463R; p.Q775R,50.01,Benign,42.795
2,198257795,198257795,SF3B1,c.3657A>G,p.V1219V,49.89,Benign,66.086
2,198265526,198265526,SF3B1,c.2631T>C,p.G877G,48.04,Benign,66.033
2,198283305,198283305,SF3B1,c.423A>G,p.K141K,47.83,Benign,66.128
3,105422844,105422844,CBLB,c.252G>A; c.801G>A; n.1986G>A; n.1623G>A; c.1647G>A; c.1665G>A; n.1920G>A; n.1660G>A; n.2004G>A; n.1872G>A; c.1581G>A; n.1696G>A; c.1434G>A; c.393G>A,p.T527T; p.T549T; p.T478T; p.T555T; p.T267T; p.T84T; p.T131T,98.63,Benign,72.630
3,128205860,128205860,GATA2,c.297C>G; c.15C>G,p.P99P; p.P5P,48.05,Benign,66.313
3,183226072,183226072,KLHL6,c.684C>T,p.Y228Y,96.01,Benign,4.959
3,183226186,183226186,KLHL6,c.570G>A,p.K190K,96.07,Benign,3.477
3,183226213,183226213,KLHL6,c.543T>C,p.A181A,97.10,Benign,5.800
3,187447032,187447032,LOC100131635; BCL6,n.294-3127G>A; c.1161C>T,p.N387N,96.91,Benign,64.365
4,1803704,1803704,FGFR3,c.882T>C; n.1157T>C,p.N294N,48.49,Benign,16.389
4,1807894,1807894,FGFR3,c.1956G>A; n.2379G>A; c.1959G>A; c.1953G>A; c.1617G>A,p.T651T; p.T652T; p.T539T; p.T653T,99.64,Benign,98.654
4,55141055,55141055,PDGFRA; ENSG00000282278,c.1740A>G; c.1776A>G; c.1701A>G; c.1018-37A>G,p.P580P; p.P592P; p.P567P,98.61,Benign,98.760
4,55161391,55161391,PDGFRA; ENSG00000282278,c.2502T>C; c.3261T>C; c.3222T>C; c.3297T>C,p.D834D; p.D1099D; p.D1087D; p.D1074D,99.83,Benign,99.911
4,55602765,55602765,KIT,c.2583G>C; c.2451G>C; c.2586G>C; c.2577G>C; c.2076G>C; c.2574G>C; c.2571G>C; c.2589G>C,p.L857L; p.L862L; p.L861L; p.L863L; p.L692L; p.L859L; p.L858L; p.L817L,99.50,Benign,11.310
4,57352505,57352505,SRP72,n.1120G>A; c.918G>A; c.1101G>A,p.Q306Q; p.Q367Q,4.83,Uncertain Significance,0.000
4,106196951,106196951,TET2; TET2-AS1,c.5284A>G; n.318+58592T>C; c.5347A>G,p.I1762V; p.I1783V,46.82,Benign,29.475
4,106197313,106197313,TET2; TET2-AS1,c.5646C>T; c.5709C>T; n.318+58230G>A,p.A1903A; p.A1882A,49.70,Uncertain Significance,0.003
5,1294086,1294086,TERT,c.915G>A; n.994G>A,p.A305A,97.32,Benign,27.537
5,149450132,149450132,CSF1R,n.1212A>G; c.1085A>G; c.892A>G; n.1141A>G; c.641A>G,p.H214R; p.H362R; p.T298A,52.17,Benign,9.706
5,170819980,170819980,NPM1,c.246+1564A>G; c.258+1552A>G; c.330A>G; n.496+223A>G; c.522A>G; c.228A>G,p.E110E; p.E174E; p.E76E,25.29,Likely Benign,0.299
5,176562443,176562443,NSD1,c.-37+242C>T; c.339C>T,p.C113C,41.31,Likely Benign,0.443
5,176721198,176721198,NSD1,c.5956T>C; c.1471T>C; c.6067T>C; c.6829T>C; c.6076T>C; c.5707T>C; c.6520T>C; c.6409T>C,p.L1986L; p.L2174L; p.L1903L; p.L491L; p.L2137L; p.L2277L; p.L2026L; p.L2023L,99.66,Benign,82.274
6,18139214,18139214,TPMT,c.474C>T; c.474T>C *,p.I158I,49.68,Benign,76.396
7,2946461,2946461,CARD11,c.3276A>G,p.R1092R,97.24,Benign,51.281
7,2951824,2951824,CARD11,c.3126T>C,p.I1042I,99.14,Benign,6.497
7,2957005,2957005,CARD11,c.2622A>G,p.P874P,95.98,Benign,30.863
7,2959172,2959172,CARD11,c.2344C>T,p.L782L,99.39,Benign,7.993
7,6026988,6026988,PMS2,c.835C>T; c.1594C>T; c.1084C>T; c.1042C>T; c.1003C>T; c.1405C>T; c.1240C>T; n.1495C>T; c.1300C>T; c.934C>T; c.1090C>T; c.475C>T; c.1252C>T; c.803+9969C>T; c.1099C>T; c.895C>T; c.847C>T; c.1072C>T; c.1210C>T; c.943C>T; c.804-4366C>T; c.637C>T; c.1432C>T; c.1408C>T,p.P470S; p.P159S; p.P434S; p.P478S; p.P418S; p.P414S; p.P299S; p.P279S; p.P312S; p.P364S; p.P283S; p.P469S; p.P348S; p.P335S; p.P367S; p.P404S; p.P315S; p.P213S; p.P532S; p.P362S; p.P358S,97.79,Benign,38.600
7,6036980,6036980,PMS2,c.780C>G; c.966C>G; c.-154C>G; c.471C>G; c.444C>G; c.672C>G; c.267C>G; c.804C>G; c.705+1759C>G; c.132+5104C>G; c.375C>G; c.207C>G; c.612C>G; c.777C>G; n.867C>G; c.537+5104C>G; c.462C>G,p.S157S; p.S125S; p.S89S; p.S148S; p.S69S; p.S322S; p.S204S; p.S224S; p.S268S; p.S260S; p.S259S; p.S154S,99.63,Benign,80.387
7,6043613,6043613,PMS2,c.-113C>T; c.-245C>T; c.25C>T; c.-63C>T; c.-142C>T; n.327C>T; c.-645C>T; c.-341C>T; c.426C>T; c.-192C>T; c.-52-1346C>T; c.-156C>T; c.240C>T; c.-166C>T,p.F80F; p.F142F; p.R9*,6.44,Likely Benign,0.007
7,55214348,55214348,EGFR,c.424+3167C>T; c.315C>T; c.89-9175C>T; c.474C>T,p.N158N; p.N105N,99.11,Benign,51.021
7,92734451,92734451,SAMD9,c.960T>C,p.Y320Y,98.71,Benign,37.879
7,92762681,92762681,SAMD9L,c.2604T>C,p.A868A,96.41,Benign,17.871
7,92764982,92764982,SAMD9L,c.303G>A,p.Q101Q,97.78,Benign,22.980
7,101916647,101916647,CUX1,c.1260A>G; c.1266A>G *; c.1218A>G *; c.1149A>G; c.1218A>G; c.1149A>G *; c.1266A>G; c.1128A>G *; c.1128A>G; c.1260A>G *,p.A383A; p.A422A; p.A376A; p.A420A; p.A406A,99.65,Benign,72.926
7,103155705,103155705,RELN,c.8046T>C,p.H2682H,99.69,Benign,46.782
7,103162607,103162607,RELN,c.7530C>T,p.P2510P,98.69,Benign,5.112
7,103389954,103389954,RELN,c.578-3T>C,,98.54,Benign,49.219
7,103629803,103629804,RELN,c.-15_-1dup,,19.54,Likely Benign,1.044
7,116397572,116397572,MET,c.1944A>G; c.654A>G,p.Q648Q; p.Q218Q,99.79,Benign,18.140
7,140426257,140426257,BRAF,c.*37T>C; c.2187T>C; c.2128-10421T>C,p.S729S,48.77,Benign,37.551
7,140449150,140449150,BRAF,c.1773A>G; c.1863A>G; c.2049A>G; c.1938A>G; c.1818A>G; c.1827A>G; c.1665A>G; c.1929A>G,p.G643G; p.G621G; p.G555G; p.G646G; p.G683G; p.G591G; p.G609G; p.G606G,47.62,Benign,21.181
7,140449164,140449164,BRAF,c.1849G>A; c.1651G>A; c.2035G>A; c.1759G>A; c.1915G>A; c.1804G>A; c.1813G>A; c.1924G>A,p.V587I; p.V642I; p.V679I; p.V602I; p.V605I; p.V639I; p.V617I; p.V551I,1.10,Likely Pathogenic,
7,151921099,151921099,KMT2C,c.3203+1G>A; c.3323+1G>A,,0.58,Likely Pathogenic,
7,151921237,151921237,KMT2C,c.3186A>G; c.3066A>G,p.A1022A; p.A1062A,1.70,Uncertain Significance,
7,151921255,151921255,KMT2C,c.3168G>A; c.3048G>A,p.W1056*; p.W1016*,3.69,Likely Pathogenic,
7,151921586,151921586,KMT2C,c.3092G>T; c.2972G>T,p.S991I; p.S1031I,0.72,Uncertain Significance,
7,151927016,151927016,KMT2C,c.2968A>G; c.2848A>G,p.S990G; p.S950G,22.95,Likely Benign,2.562
7,151927021,151927021,KMT2C,c.2963G>T; c.2843G>T,p.C988F; p.C948F,28.97,Benign,22.612
7,151927023,151927023,KMT2C,c.2961C>G; c.2841C>G,p.Y947*; p.Y987*,23.41,Likely Pathogenic,
7,151927025,151927025,KMT2C,c.2959T>C; c.2839T>C,p.Y987H; p.Y947H,11.48,Benign,38.544
7,151927067,151927067,KMT2C,c.2797A>G; c.2917A>G,p.R973G; p.R933G,24.12,Likely Pathogenic,
7,151932908,151932908,KMT2C,c.2643A>G; c.2763A>G,p.L921L; p.L881L,1.54,Benign,42.499
7,151935798,151935799,KMT2C,c.2645_2646delinsCA; c.2533-2781_2533-2780delinsCA,p.I882T,31.71,Uncertain Significance,
7,151935866,151935866,KMT2C,c.2533-2848C>T; c.2578C>T,p.P860S,25.91,Likely Pathogenic,
7,151935871,151935871,KMT2C,c.2533-2853G>T; c.2573G>T,p.W858L,26.28,Likely Pathogenic,
7,151945007,151945007,KMT2C,c.2515G>A; c.2512G>A,p.G838S; p.G839S,40.69,Benign,49.408
7,151945071,151945072,KMT2C,c.2447dup; c.2450dup,p.Y816*; p.Y817*,25.46,Benign,48.670
7,151945140,151945140,KMT2C,c.2379G>A; c.2382G>A,p.S794S; p.S793S,9.27,Benign,43.539
7,151945215,151945215,KMT2C,c.2304A>G; c.2307A>G,p.S769S; p.S768S,2.20,Likely Benign,3.158
7,151970859,151970859,KMT2C,c.946G>T; c.943G>T,p.G315C; p.G316C,3.37,Uncertain Significance,0.010
7,151970859,151970859,KMT2C,c.943G>A; c.946G>A,p.G315S; p.G316S,8.35,Likely Benign,0.425
7,151970877,151970877,KMT2C,c.925C>T; c.928C>T,p.P309S; p.P310S,6.84,Uncertain Significance,0.519
7,151970889,151970889,KMT2C,c.916A>C; c.913A>C,p.M305L; p.M306L,7.95,Uncertain Significance,0.000
8,30924557,30924557,WRN,c.513C>T,p.C171C,99.86,Benign,70.808
8,30973957,30973957,WRN,c.2361G>T,p.L787L,99.86,Benign,45.121
8,30999280,30999280,WRN,c.3222G>T,p.L1074F,99.21,Benign,45.358
8,41791283,41791283,KAT6A,c.4455C>T,p.S1485S,97.73,Benign,12.018
8,41798417,41798417,KAT6A,c.2982G>A,p.P994P,99.75,Benign,12.062
8,41906095,41906095,KAT6A,c.401T>C,p.L134S,97.04,Benign,12.070
9,5081780,5081780,JAK2,c.2043G>A; c.1275G>A; n.2891G>A; c.2490G>A; n.2974G>A,p.L681L; p.L425L; p.L830L,99.53,Benign,53.602
9,36840623,36840623,PAX5,c.1008C>T; c.921C>T; c.810C>T; c.878C>T; c.1110C>T; c.894C>T; c.597C>T; c.981C>T; c.1023C>T; c.786C>T; n.1274C>T; c.791C>T; n.1217C>T,p.T293I; p.Y336Y; p.Y327Y; p.Y307Y; p.Y262Y; p.Y341Y; p.Y199Y; p.Y298Y; p.Y370Y; p.T264I; p.Y270Y,98.70,Benign,86.447
9,133730234,133730234,ABL1,c.300T>C; c.357T>C,p.C100C; p.C119C,49.23,Uncertain Significance,0.002
9,133761001,133761001,ABL1,c.3381A>G; c.3324A>G,p.P1108P; p.P1127P,46.01,Benign,55.454
9,139391636,139391636,NOTCH1,c.4152C>T; c.6555C>T; c.6441C>T; c.6435C>T,p.D2185D; p.D2145D; p.D1384D; p.D2147D,96.94,Benign,61.822
9,139397707,139397707,NOTCH1,c.4980C>T; c.4974C>T; c.5094C>T; c.2691C>T,p.D1660D; p.D1658D; p.D897D; p.D1698D,49.35,Benign,44.879
9,139405261,139405261,NOTCH1,c.2474-4G>A; c.2588-4G>A; c.185-4G>A,,41.76,Benign,47.788
9,139407932,139407932,NOTCH1,c.-724T>C; c.2265T>C; c.2151T>C,p.N755N; p.N717N,50.45,Benign,40.508
9,139413908,139413908,NOTCH1,c.852G>A,p.P284P,50.04,Benign,13.351
9,139418260,139418260,NOTCH1,c.312T>C,p.N104N,99.42,Benign,59.336
10,27389197,27389197,ANKRD26,c.59A>G,p.Q20R,97.90,Benign,89.948
10,72358577,72358577,PRF1; PALD1,c.900C>T; c.2419-67G>A; c.2250+34302G>A; c.2263-67G>A,p.H300H,48.24,Benign,64.107
10,90771829,90771829,FAS,n.411T>C; n.612T>C; n.951T>C; n.538+1257T>C; n.474T>C; c.568+1257T>C; n.808T>C; c.687T>C; n.549T>C; n.561T>C; c.579T>C; c.642T>C,p.T193T; p.T229T; p.T214T,50.58,Benign,76.186
10,112357944,112357944,SMC3,c.2164G>A,p.E722K,1.16,Uncertain Significance,
10,112361870,112361870,SMC3,c.3039A>G,p.S1013S,99.62,Benign,99.598
10,123239112,123239112,FGFR2,c.2107C>T; c.*259C>T; n.3161C>T; c.*453C>T,p.L703L,99.28,Benign,53.214
10,123298158,123298158,FGFR2,n.984A>G; c.429A>G; c.696A>G; c.351A>G,p.V232V; p.V143V; p.V117V,99.74,Benign,78.012
11,534242,534242,HRAS,c.81T>C; c.-239T>C,p.H27H,46.68,Benign,31.879
11,30033191,30033191,KCNA4,c.1035C>T,p.G345G,97.65,Benign,17.601
11,32456298,32456298,WT1-AS; WT1,n.-766G>A; c.-1089C>T; c.-780C>T; n.788C>T; c.609C>T; n.-1287G>A,p.N203N,98.99,Benign,8.098
11,32456694,32456694,WT1-AS; WT1,n.-891C>A; c.213G>T; c.-1176G>T; n.392G>T; c.-1485G>T; n.-370C>A,p.P71P,96.91,Benign,23.604
11,72945341,72945341,P2RY2,c.137C>T,p.P46L,47.54,Benign,92.488
11,72946020,72946020,P2RY2,c.816C>T,p.R272R,46.91,Benign,56.602
11,102201848,102201848,BIRC3,c.1323G>A; c.1200G>A,p.Q441Q; p.Q400Q,47.97,Benign,3.465
11,108043988,108043988,NPAT,c.1723G>A,p.V575I,99.55,Benign,60.114
11,108183167,108183167,C11orf65; ATM,c.5948A>G; c.641-3369T>C; c.*39-3369T>C; c.5948A>G *,p.N1983S; p.S1983S,99.74,Benign,100.000
12,25362777,25362777,KRAS,c.*73T>C; c.321T>C; c.444T>C; c.519T>C,p.D173D; p.D148D; p.D107D,50.85,Benign,19.056
12,25368462,25368462,KRAS,c.451-5617G>A; c.253-5617G>A; c.376-5617G>A; c.483G>A *; c.483G>A,p.R161R,99.10,Benign,99.949
12,111884608,111884608,SH2B3,c.178T>C; c.784T>C,p.W60R; p.W262R,99.70,Benign,66.803
13,19751274,19751274,TUBA3C,c.849C>T,p.H283H,14.70,Uncertain Significance,0.007
13,19751292,19751292,TUBA3C,c.831A>G,p.S277S,13.78,Uncertain Significance,0.005
13,19751301,19751301,TUBA3C,c.822G>A,p.P274P,12.26,Uncertain Significance,0.038
13,19751387,19751387,TUBA3C,c.736G>A,p.G246R,45.71,Uncertain Significance,0.001
13,19751466,19751466,TUBA3C,c.657C>T,p.I219I,2.94,Uncertain Significance,0.002
13,19752539,19752539,TUBA3C,c.227-5T>G,,48.24,Uncertain Significance,0.368
13,28608459,28608459,FLT3,c.1683A>G; n.1749A>G,p.L561L,99.72,Benign,7.897
13,28624294,28624294,FLT3,n.746C>T; c.680C>T,p.T227M,99.46,Benign,59.806
13,28636084,28636084,FLT3,n.354C>T; c.288C>T,p.D96D,98.87,Benign,98.285
13,32911888,32911888,BRCA2,c.3027A>G; c.1909+4364A>G; n.3595A>G; c.424+6721A>G; c.3396A>G,p.K1132K; p.K1009K,95.53,Benign,29.496
13,32913055,32913055,BRCA2,c.4563A>G; n.4762A>G; c.425-5640A>G; c.4194A>G; c.1909+5531A>G,p.L1398L; p.L1521L,83.34,Benign,99.275
13,32915005,32915005,BRCA2,c.425-3690G>C; c.1910-3690G>C; c.6144G>C; c.6513G>C; n.6712G>C,p.V2048V; p.V2171V,97.32,Benign,99.253
13,32929232,32929232,BRCA2,c.7146A>G; n.7441A>G; c.825A>G; c.2310A>G; c.7242A>G; c.6873A>G,p.S2291S; p.S275S; p.S2414S; p.S770S; p.S2382S,96.62,Benign,22.575
13,32929387,32929387,BRCA2,c.980T>C; c.7301T>C; c.7028T>C; c.7397T>C; n.7596T>C; c.2465T>C,p.V2434A; p.V2343A; p.V2466A; p.V327A; p.V822A,99.40,Benign,99.343
14,86088056,86088056,FLRT2,c.198T>C,p.T66T,98.27,Benign,99.769
15,74328116,74328116,PML,c.*1119A>G; c.*2167A>G; c.*35+1245A>G; c.*639A>G; c.2314A>G; c.1710+1245A>G; c.1566+1245A>G; c.1255-232A>G; c.2170A>G,p.S772G; p.S724G,95.86,Benign,52.387
15,74328206,74328206,PML,c.2260G>C; c.*1209G>C; c.1710+1335G>C; c.1566+1335G>C; c.*35+1335G>C; c.*729G>C; c.2404G>C; c.1255-142G>C; c.*2257G>C,p.A802P; p.A754P,95.18,Benign,12.085
15,82555242,82555242,EFL1; SAXO2,c.-170A>G; c.-784T>C; c.-260A>G; c.-54A>G; c.-307T>C; n.-167T>C; c.-1011T>C; n.84A>G; c.-376A>G; c.-432A>G; c.22A>G; c.-176A>G,p.S8G,99.83,Benign,19.105
15,82558034,82558034,SAXO2,c.178G>C; c.-20G>C; c.28+2505G>C; c.53+2761G>C; c.37G>C,p.A60P; p.A13P,84.28,Benign,61.085
15,82563991,82563991,SAXO2,c.28+8462C>T; c.56C>T; c.140C>T; c.281C>T; c.233+5902C>T; c.101C>T,p.P94L; p.P47L; p.P34L; p.P19L,99.31,Benign,43.935
15,82574879,82574879,SAXO2,c.712T>C; c.448T>C; c.673T>C; c.853T>C; c.628T>C; c.*410T>C,p.W210R; p.W150R; p.W285R; p.W225R; p.W238R,96.54,Benign,24.845
15,88576185,88576185,NTRK3,c.1464C>G; c.1194C>G; c.1170C>G; c.1488C>G,p.A488A; p.A398A; p.A496A; p.A390A,49.82,Benign,34.875
15,88679785,88679785,NTRK3,c.384C>T; c.678C>T *; c.678C>T,p.N226N; p.N128N,98.98,Benign,99.673
15,91292702,91292702,BLM,c.-1088C>T; c.204C>T,p.T68T,51.65,Likely Benign,0.025
15,91337479,91337479,BLM,c.1977G>A; c.3102G>A,p.T659T; p.T1034T,51.08,Benign,15.995
15,91346923,91346923,BLM,c.3358+5356C>A; c.3531C>A; c.2406C>A,p.A1177A; p.A802A,48.89,Benign,15.345
15,91354505,91354505,BLM,c.3552C>T; c.2820C>T; c.3945C>T,p.L1315L; p.L940L; p.L1184L,50.81,Benign,15.353
16,3778337,3778337,CREBBP,c.6711C>T; c.6597C>T,p.P2237P; p.P2199P,48.37,Benign,3.299
16,3795292,3795292,CREBBP,c.3786C>A; c.3900C>A,p.I1300I; p.I1262I,51.46,Benign,3.370
16,89805261,89805261,ZNF276; FANCA,c.4260+29T>C; c.4164T>C; n.2607A>G; c.4293T>C; n.2490A>G; c.*607A>G; n.2524A>G; c.4264+29T>C; n.2430A>G,p.H1388H; p.H1431H,97.47,Benign,70.470
16,89806347,89806347,ZNF276; FANCA,c.3934+55T>A; n.3693A>T; n.3516A>T; n.3576A>T; c.3805+55T>A; c.*1693A>T; n.3610A>T,,99.38,Benign,52.514
16,89836323,89836323,FANCA,c.2426G>A,p.G809D,98.10,Benign,47.268
16,89866043,89866043,FANCA,c.700A>G; c.796A>G,p.T234A; p.T266A,99.63,Benign,52.203
17,16855878,16855878,TNFRSF13B,c.81G>A; c.62-3581G>A,p.T27T,99.14,Benign,80.823
17,29528142,29528142,NF1,c.1150T>C,p.F384L,2.75,Likely Pathogenic,
17,29541476,29541476,NF1,c.1430C>T; c.1445C>T; c.1400C>T,p.T482I; p.T477I; p.T467I,2.23,Pathogenic,
17,29553485,29553485,NF1,c.2079G>A; c.2034G>A; c.2064G>A,p.P678P; p.P693P; p.P688P,99.40,Benign,38.412
17,29554541,29554541,NF1,c.2356G>A; c.2371G>A; c.2326G>A,p.A786T; p.A791T; p.A776T,0.75,Pathogenic,
17,29554582,29554582,NF1,c.2397G>A; c.2367G>A; c.2412G>A,p.K799K; p.K789K; p.K804K,7.76,Uncertain Significance,
17,30264485,30264485,SUZ12,c.220C>T,p.P74S,0.63,Uncertain Significance,0.005
17,30267331,30267331,SUZ12,c.301C>T,p.R101*,2.13,Likely Pathogenic,
17,41223141,41223141,BRCA1,c.4712C>A; c.4787C>A; c.1340C>A; c.4790C>A; c.-98-20934C>A; c.1478C>A; c.4856C>A; c.4664C>A; c.263C>A; c.4577C>A; c.3902C>A; c.1397C>A; c.4853C>A; c.4649C>A; c.5-7173C>A,p.T466N; p.T493N; p.T1618N; p.T1619N; p.T1555N; p.T1597N; p.T1596N; p.T1526N; p.T88N; p.T1301N; p.T447N; p.T1550N; p.T1571N,50.16,Uncertain Significance,0.001
17,74732507,74732507,MFSD11; SRSF2,c.-1928A>G; c.-1812A>G; c.-733A>G; c.-1623A>G; n.573T>C; n.-1694A>G; c.402T>C; c.-1530A>G; c.402T>C *; c.-1645A>G; c.-738A>G; n.-209A>G; c.-1269A>G; c.366T>C,p.S122S; p.S134S,99.72,Benign,99.703
17,74733099,74733099,MFSD11; MIR636; SRSF2,n.-1102G>A; c.-141G>A; n.-469C>T; c.-1336G>A; c.-1053G>A; n.315C>T; c.-938G>A; c.-146G>A; c.-1220G>A; c.-1031G>A; n.384G>A; c.144C>T; c.-677G>A,p.D48D,46.59,Benign,88.440
19,855966,855966,ELANE,c.606C>A,p.S202S,47.87,Benign,12.308
19,10265312,10265312,DNMT1,c.1419A>G; c.1734A>G; c.1782A>G,p.T578T; p.T594T; p.T473T,99.24,Benign,99.074
19,10267077,10267077,DNMT1,c.1341A>G; c.1389A>G; c.1026A>G,p.P447P; p.P463P; p.P342P,49.26,Benign,51.810
19,10273372,10273372,DNMT1,c.931A>G; c.979A>G; c.616A>G,p.I311V; p.I327V; p.I206V,48.25,Benign,13.478
19,10939792,10939792,DNM2,c.2139T>C; c.2127T>C,p.A709A; p.A713A,48.98,Benign,31.112
19,56180968,56180968,U2AF2,c.1191C>T; c.1203C>T,p.D397D; p.D401D,99.58,Benign,86.871
20,31022959,31022959,ASXL1,c.1869+575T>C; c.2429T>C; c.2261T>C *; c.2261T>C; c.2444T>C *,p.L754P; p.P815P; p.P754P; p.L810P,98.61,Benign,99.999
20,43252915,43252915,ADA,c.609A>G; c.597A>G; c.217-1196A>G; c.531A>G; c.217-1344A>G; n.626A>G; c.381A>G; c.534A>G; c.129A>G; c.219-1344A>G; c.612A>G; c.66-1344A>G,p.V43V; p.V127V; p.V204V; p.V203V; p.V177V; p.V199V; p.V178V,49.36,Benign,20.183
20,43264927,43264927,ADA,c.-254G>A; n.128G>A; c.36G>A; c.99G>A; c.-115G>A; c.114G>A; c.-118G>A; c.111G>A,p.V33V; p.V12V; p.V37V; p.V38V,99.18,Benign,99.525
20,57478807,57478807,GNAS,c.393C>T; c.396C>T; c.*299C>T; c.174C>T; c.*296C>T; c.351C>T; c.2322C>T; c.2325C>T; c.*254C>T; c.66C>T; c.297C>T; c.*305C>T; c.219C>T; c.2277C>T; c.216C>T; c.348C>T,p.I775I; p.I117I; p.I72I; p.I116I; p.I73I; p.I759I; p.I132I; p.I131I; p.I58I; p.I22I; p.I99I; p.I774I,99.34,Benign,54.473
20,62324289,62324289,RTEL1-TNFRSF6B; RTEL1,c.2784C>T; n.3611C>T; c.2115C>T; c.2856C>T,p.F928F; p.F952F; p.F705F,48.52,Benign,21.260
22,17690409,17690409,ADA2,c.33C>T; c.-38-2229C>T; c.159C>T,p.N11N; p.N53N,99.73,Benign,43.280
22,17690429,17690429,ADA2,c.139G>A; c.-38-2249G>A; c.13G>A,p.G5R; p.G47R,99.80,Uncertain Significance,0.011
22,23523630,23523630,BCR,c.483C>A,p.I161I,44.12,Benign,28.124
22,23627369,23627369,BCR,c.2387A>G,p.N796S,47.46,Benign,81.784
22,23655084,23655084,BCR,c.3333C>T; c.3201C>T,p.D1067D; p.D1111D,49.36,Benign,18.052
22,29090054,29090054,CHEK2,c.1154C>T; c.764C>T; c.1427C>T; c.1226C>T; c.1340C>T; c.1556C>T; c.767C>T,p.T256M; p.T476M; p.T255M; p.T385M; p.T409M; p.T519M; p.T447M,6.09,Uncertain Significance,0.031
22,29091142,29091142,CHEK2,c.1261G>A; c.685G>A; c.1075G>A; c.1348G>A; c.688G>A; c.1477G>A; c.1147G>A,p.E421K; p.E229K; p.E359K; p.E383K; p.E493K; p.E450K; p.E230K,2.12,Likely Pathogenic,
22,41548008,41548008,EP300,c.2911A>G; c.2989A>G,p.I971V; p.I997V,50.22,Benign,29.946
22,41551039,41551039,EP300,c.3183T>A; c.3105T>A,p.T1061T; p.T1035T,48.03,Benign,65.695
X,15838366,15838366,ZRSR2,c.864C>T; c.786C>T,p.N288N; p.N262N,99.71,Benign,52.758
X,15841311,15841311,ZRSR2,c.1317C>G; c.1395C>G,p.G465G; p.G439G,4.09,Likely Benign,
X,15841319,15841319,ZRSR2,c.1325G>A; c.1403G>A,p.R468K; p.R442K,6.99,Uncertain Significance,
X,39933339,39933339,BCOR,c.1260T>C,p.D420D,90.34,Benign,89.920
X,47057647,47057647,UBA1,c.1-555A>G,,99.41,Benign,99.806
X,48542817,48542817,WAS,c.273+11del,,0.74,Likely Benign,0.000
X,76937963,76937963,ATRX,c.2785C>G; c.2671C>G; c.2785G>C *; c.2671G>C *,p.Q929E; p.Q891E; p.E929Q; p.E891Q,48.03,Benign,38.534
X,76938748,76938748,ATRX,c.2000C>T; c.1886C>T,p.P629L; p.P667L,46.24,Likely Benign,0.124
X,129147079,129147079,BCORL1,c.331T>C *; c.331T>C,p.F111L; p.L111L,96.35,Benign,99.998
X,130678467,130678467,IGSF1; OR13H1,c.420A>G; c.-913+34175T>C,p.V140V,99.61,Benign,64.296
X,130678596,130678596,IGSF1; OR13H1,c.549C>G; c.-913+34046G>C,p.L183L,99.00,Benign,27.233
X,130678844,130678844,IGSF1; OR13H1,c.797A>C; c.-913+33798T>G,p.Y266S,97.91,Benign,64.337
X,153994596,153994596,DKC1,n.471G>T; n.948G>T; c.-241G>T; c.369G>T; c.282G>T,p.T123T; p.T94T,99.37,Benign,99.752
X,153999117,153999117,DKC1,c.960T>G; n.1697T>G; n.1471T>G; n.1578T>G; c.879T>G; c.999T>G; c.390T>G; c.912T>G,p.I333M; p.I320M; p.I304M; p.I293M; p.I130M,0.53,Uncertain Significance,

