Chromosome,Position,End Position,Gene Symbol,Transcript Variant,Protein Variant,1757D - Allele Fraction,Classification,gnomAD Frequency
1,12918885,12918885,PRAMEF2,c.21G>C,p.P7P,0.60,Likely Benign,0.393
1,12918891,12918891,PRAMEF2,c.27A>C,p.L9L,32.44,Benign,6.355
1,12918963,12918963,PRAMEF2,c.99G>T,p.R33S,31.00,Benign,10.577
1,12919064,12919064,PRAMEF2,c.200T>G,p.V67G,54.08,Benign,16.656
1,12919079,12919079,PRAMEF2,c.215C>G,p.T72R,26.67,Benign,10.738
1,12919587,12919587,PRAMEF2,c.327T>C,p.D109D,21.75,Benign,24.064
1,12919623,12919624,PRAMEF2,c.363_364delinsTG,p.L122V,24.89,Likely Benign,
1,12919798,12919798,PRAMEF2,c.538C>T,p.L180L,0.52,Likely Benign,0.000
1,12919872,12919872,PRAMEF2,c.612T>G,p.I204M,24.96,Benign,5.813
1,12919891,12919891,PRAMEF2,c.631G>T,p.E211*,29.47,Benign,5.758
1,12919928,12919928,PRAMEF2,c.668A>G,p.K223R,33.18,Benign,10.909
1,12919934,12919934,PRAMEF2,c.674A>G,p.Y225C,66.73,Benign,15.327
1,12919963,12919963,PRAMEF2,c.703T>G,p.C235G,32.95,Benign,11.623
1,12920067,12920067,PRAMEF2,c.807C>G,p.L269L,44.15,Benign,10.879
1,12921110,12921110,PRAMEF2,c.901A>G,p.T301A,32.25,Benign,10.748
1,12921114,12921114,PRAMEF2,c.905G>A,p.C302Y,1.52,Uncertain Significance,0.041
1,12921119,12921119,PRAMEF2,c.910A>T,p.N304Y,1.67,Uncertain Significance,0.194
1,12921127,12921127,PRAMEF2,c.918A>G,p.L306L,66.33,Benign,26.699
1,12921132,12921132,PRAMEF2,c.923A>G,p.E308G,31.65,Benign,10.747
1,12921136,12921137,PRAMEF2,c.927_928delinsTG,p.L310V,3.27,Likely Pathogenic,
1,12921332,12921333,PRAMEF2,c.1123_1124delinsCA,p.C375H,44.15,Uncertain Significance,
1,12921499,12921499,PRAMEF2,c.1290C>G,p.F430L,0.51,Likely Benign,1.019
1,12921635,12921635,PRAMEF2,c.*1G>A,,21.90,Benign,7.865
1,35250819,35250819,GJB3,c.456C>T,p.L152L,1.88,Uncertain Significance,
1,36937059,36937059,CSF3R,c.864T>C; c.1260T>C,p.T420T; p.T288T,48.51,Benign,55.798
1,36937065,36937065,CSF3R,c.1254T>C; c.858T>C,p.R286R; p.R418R,46.07,Benign,30.931
1,47685455,47685455,TAL1,c.933A>G; c.456A>G *; c.933A>G *,p.K311K; p.K152K,99.31,Benign,100.000
1,65306997,65306997,JAK1,c.2451del; c.2475del; c.2448del; c.2580del; c.2577del; c.2574del,p.K816Nfs*16; p.K817Nfs*16; p.K858Nfs*16; p.K859Nfs*16; p.K860Nfs*16; p.K825Nfs*16,0.90,Pathogenic,
1,65311262,65311262,JAK1,c.2046C>T; c.2049C>T; c.1917C>T; c.1920C>T; c.2043C>T,p.S639S; p.S683S; p.S640S; p.S681S; p.S682S,99.96,Benign,15.025
1,65339111,65339111,JAK1,c.425del,p.K142Rfs*24; p.K142Rfs*26,0.98,Likely Pathogenic,
1,172628474,172628476,FASLG,c.144_146del,p.P53del,1.14,Uncertain Significance,0.015
2,25469960,25469962,DNMT3A,c.513_515del; c.624_626del; n.1311_1313del; c.411_413del; c.1080_1082del,p.N137del; p.N171del; p.N360del; p.N208del,7.12,Likely Pathogenic,
2,47739551,47739551,KCNK12; MSH2,n.2748A>G; n.3260A>G; c.*133A>G; c.1847A>G; n.2622A>G; c.2324A>G; n.3103A>G; n.2974A>G; n.2913A>G; c.1388A>G; n.2630A>G; c.2744A>G; n.2575A>G; c.2594A>G; c.2711A>G; n.2780A>G; c.*8495T>C,p.Q904R; p.Q915R; p.Q865R; p.Q616R; p.Q463R; p.Q775R,97.68,Benign,42.795
2,48010488,48010488,MSH6,c.-984G>A; c.-468G>A; c.116G>A; c.-69+118G>A; c.-879G>A; c.-791G>A; c.-724G>A; c.-424G>A; c.-890G>A; c.-1233G>A; c.-38+118G>A; c.-1134G>A; c.-213G>A; c.-37-7578G>A; n.205G>A; c.-695G>A; c.-794G>A; c.-467G>A; c.-813G>A; c.-621G>A; c.-1399G>A; c.-280+118G>A; c.61G>A,p.G21R; p.G39E,47.47,Benign,18.288
2,48030639,48030640,MSH6,c.2355dup; c.2871dup; c.42dup; n.3451dup; n.3522dup; c.2397dup; c.108dup; n.3350dup; c.1206dup; c.3267dup; c.3173-86dup; n.2191dup; c.3357dup; c.2736dup; c.3183dup; c.3173-2110dup; c.3093dup; c.1695dup; c.2964dup; c.3261dup,p.F403Lfs*5; p.F15Lfs*5; p.F1032Lfs*5; p.F1062Lfs*5; p.F1088Lfs*5; p.F800Lfs*5; p.F913Lfs*5; p.F958Lfs*5; p.F1090Lfs*5; p.F989Lfs*5; p.F1120Lfs*5; p.F786Lfs*5; p.F37Lfs*5; p.F566Lfs*5,1.31,Pathogenic,0.006
2,48030640,48030640,MSH6,c.3093del; c.3261del; c.2355del; c.3267del; c.3183del; c.3173-2110del; c.108del; n.3451del; c.3173-86del; c.2964del; c.2397del; c.3357del; n.3522del; c.2871del; n.3350del; c.1206del; n.2191del; c.42del; c.2736del; c.1695del,p.F786Sfs*2; p.F913Sfs*2; p.F958Sfs*2; p.F1088Sfs*2; p.F37Sfs*2; p.F989Sfs*2; p.F1032Sfs*2; p.F1090Sfs*2; p.F566Sfs*2; p.F800Sfs*2; p.F1120Sfs*2; p.F403Sfs*2; p.F1062Sfs*2; p.F15Sfs*2,0.96,Pathogenic,0.001
2,48033981,48033982,MSH6,c.3684_3687dup; c.3543_3546dup; c.4068_4071dup; c.849_852dup; c.*89_*92dup; n.2998_3001dup; c.3990_3993dup; n.4157_4160dup; c.3771_3774dup; c.2013_2016dup; c.2502_2505dup; c.3900_3903dup; c.3204_3207dup; c.3678_3681dup; c.*49_*52dup; c.915_918dup; n.4258_4261dup; n.4039_4042dup; c.4074_4077dup; c.3162_3165dup; n.4329_4332dup; c.4164_4167dup; c.3894_3897dup,p.K1300Dfs*2; p.K1259Dfs*2; p.K1070Dfs*2; p.K1056Dfs*2; p.K285Dfs*2; p.K1360Dfs*2; p.K1332Dfs*2; p.K1183Dfs*2; p.K836Dfs*2; p.K673Dfs*2; p.K1390Dfs*2; p.K307Dfs*2; p.K1230Dfs*2; p.K1358Dfs*2; p.K1228Dfs*2; p.K1302Dfs*2,48.88,Pathogenic,0.242
2,61720156,61720156,XPO1,c.1278A>C; c.885A>C; c.1233A>C; c.777A>C; c.921A>C; c.1062A>C; c.1002A>C,p.K307N; p.K426N; p.K259N; p.K411N; p.K334N; p.K354N; p.K295N,3.16,Uncertain Significance,
2,198257795,198257795,SF3B1,c.3657A>G,p.V1219V,99.93,Benign,66.086
2,198265526,198265526,SF3B1,c.2631T>C,p.G877G,100,Benign,66.033
2,198283305,198283305,SF3B1,c.423A>G,p.K141K,100,Benign,66.128
2,204732714,204732714,CTLA4,c.49A>G; c.121A>G,p.T17A; p.T41A,49.45,Uncertain Significance,41.611
2,204736106,204736106,CTLA4,c.457+450G>A; c.463G>A; c.110-1325G>A; c.535G>A,p.E155K; p.E179K,4.55,Uncertain Significance,
3,10088266,10088266,FANCD2,c.1137G>T,p.V379V,11.80,Benign,18.180
3,10088299,10088299,FANCD2,c.1170C>T,p.S390S,13.61,Benign,25.706
3,10088308,10088308,FANCD2,c.1179T>C,p.T393T,13.94,Benign,26.856
3,10088343,10088343,FANCD2,c.1214A>G,p.N405S,11.00,Benign,25.717
3,10089723,10089723,FANCD2,c.1401G>A,p.T467T,1.37,Benign,41.841
3,10089738,10089738,FANCD2,c.1413+3A>G,,1.37,Benign,39.278
3,10107090,10107090,FANCD2,c.2181G>A; c.2070G>A,p.P690P; p.P727P,0.69,Likely Benign,0.032
3,10107113,10107113,FANCD2,c.2204G>A; c.2093G>A,p.R735Q; p.R698Q,0.67,Likely Pathogenic,0.002
3,10107147,10107147,FANCD2,c.2238C>T; c.2127C>T,p.N746N; p.N709N,1.00,Uncertain Significance,0.003
3,105389153,105389153,CBLB,n.3129T>C; c.2547T>C; n.2886T>C; c.2550T>C; n.2930T>C; n.2751T>C; c.2697T>C; n.2975T>C; c.1284T>C; n.2841T>C; c.1701T>C; c.1833T>C; n.2641T>C; c.1686T>C; c.1554T>C; c.2613T>C; c.2481T>C; c.2466T>C; c.1293T>C; c.2334T>C,p.P431P; p.P562P; p.P871P; p.P778P; p.P822P; p.P899P; p.P428P; p.P567P; p.P611P; p.P850P; p.P827P; p.P849P; p.P518P,51.73,Benign,22.367
3,105421034,105421034,CBLB,n.1942G>A; c.1863G>A; n.2202G>A; c.1947G>A; n.1905G>A; c.1929G>A; c.1716G>A; c.1083G>A; n.2268G>A; c.534G>A; n.1978G>A; c.675G>A; n.2286G>A; n.2154G>A,p.A621A; p.A643A; p.A225A; p.A649A; p.A572A; p.A178A; p.A361A,48.61,Benign,2.997
3,105422844,105422844,CBLB,c.252G>A; c.801G>A; n.1986G>A; n.1623G>A; c.1647G>A; c.1665G>A; n.1920G>A; n.1660G>A; n.2004G>A; n.1872G>A; c.1581G>A; n.1696G>A; c.1434G>A; c.393G>A,p.T527T; p.T549T; p.T478T; p.T555T; p.T267T; p.T84T; p.T131T,46.46,Benign,72.630
3,105438957,105438957,CBLB,c.1341A>C; c.1425A>C; n.1420A>C; c.12A>C; n.1680A>C; c.1407A>C; n.1383A>C; n.1456A>C; c.153A>C; c.561A>C; c.1194A>C; n.1764A>C; n.1632A>C,p.L447L; p.L469L; p.L4L; p.L51L; p.L475L; p.L187L; p.L398L,50.35,Benign,22.577
3,105439026,105439026,CBLB,c.1356C>T; n.1351C>T; c.84C>T; n.1695C>T; n.1563C>T; c.1338C>T; n.1611C>T; n.1314C>T; c.-58C>T; c.1272C>T; n.1387C>T; c.492C>T; c.1125C>T,p.D164D; p.D375D; p.D452D; p.D424D; p.D446D; p.D28D,50.80,Benign,22.469
3,128200118,128200118,GATA2,c.1187G>A; c.1145G>A; c.1469G>A,p.R396Q; p.R382Q; p.R490Q,51.18,Pathogenic,
3,128204951,128204951,GATA2,c.490G>A; c.772G>A,p.A164T; p.A258T,99.61,Uncertain Significance,19.632
3,128205860,128205860,GATA2,c.297C>G; c.15C>G,p.P99P; p.P5P,99.74,Benign,66.313
3,183211906,183211906,KLHL6,c.1311T>C,p.N437N,52.14,Benign,55.874
3,187447032,187447032,LOC100131635; BCL6,n.294-3127G>A; c.1161C>T,p.N387N,99.60,Benign,64.365
4,1807894,1807894,FGFR3,c.1956G>A; n.2379G>A; c.1959G>A; c.1953G>A; c.1617G>A,p.T651T; p.T652T; p.T539T; p.T653T,99.87,Benign,98.654
4,55141055,55141055,PDGFRA; ENSG00000282278,c.1740A>G; c.1776A>G; c.1701A>G; c.1018-37A>G,p.P580P; p.P592P; p.P567P,99.81,Benign,98.760
4,55161391,55161391,PDGFRA; ENSG00000282278,c.2502T>C; c.3261T>C; c.3222T>C; c.3297T>C,p.D834D; p.D1099D; p.D1087D; p.D1074D,99.94,Benign,99.911
4,55972974,55972974,KDR,c.1416A>T,p.Q472H,48.50,Uncertain Significance,22.255
4,57333822,57333822,SRP72,n.40G>T; c.21G>T,p.G7G,50.14,Benign,22.522
4,57344779,57344779,SRP72,c.789A>G; n.808A>G; c.642+1911A>G,p.L263L,50.78,Likely Benign,0.101
4,57352505,57352505,SRP72,n.1120G>A; c.918G>A; c.1101G>A,p.Q306Q; p.Q367Q,4.87,Uncertain Significance,0.000
4,106155185,106155185,TET2; TET2-AS1,c.149C>G; c.86C>G; n.319-56356G>C,p.P50R; p.P29R,47.72,Benign,6.050
4,106196300,106196302,TET2; TET2-AS1,n.318+59241_318+59243del; c.4643_4645del; c.4706_4708del,p.Q1548del; p.Q1569del,0.54,Uncertain Significance,0.000
4,153268228,153268230,FBXW7,c.345-7_345-5del; c.231-7_231-5del; c.585-7_585-5del,,1.12,Uncertain Significance,0.141
5,1294086,1294086,TERT,c.915G>A; n.994G>A,p.A305A,49.85,Benign,27.537
5,1294665,1294665,TERT,c.336del; n.415del,p.E113Rfs*15,1.54,Uncertain Significance,0.003
5,149447806,149447808,CSF1R,n.1723_1725del; c.1596_1598del; n.1652_1654del; c.1152_1154del,p.L537del; p.L389del,0.92,Uncertain Significance,0.005
5,149450132,149450132,CSF1R,n.1212A>G; c.1085A>G; c.892A>G; n.1141A>G; c.641A>G,p.H214R; p.H362R; p.T298A,99.81,Benign,9.706
5,149459831,149459831,CSF1R,n.432C>T; c.-69C>T; c.376C>T; n.503C>T,p.P126S,1.45,Uncertain Significance,
5,149460343,149460343,CSF1R,n.350C>T; n.421C>T; c.294C>T; c.-151C>T,p.H98H,51.29,Benign,5.610
5,149499672,149499672,PDGFRB,c.2601A>G; c.2118A>G; c.2409A>G,p.L706L; p.L803L; p.L867L,49.21,Benign,28.272
5,149515380,149515380,PDGFRB,c.-91C>T; c.102C>T; c.-416C>T,p.V34V,48.73,Benign,1.977
5,149515397,149515397,PDGFRB,c.85A>T; c.-433A>T; c.-108A>T,p.I29F,49.03,Benign,4.195
5,176636882,176636882,NSD1,c.1062C>T; c.1173C>T; c.729C>T; c.1482C>T; c.609C>T,p.C203C; p.C354C; p.C243C; p.C494C; p.C391C,48.51,Benign,30.155
5,176637149,176637149,NSD1,c.1749G>A; c.996G>A; c.1440G>A; c.1329G>A; c.876G>A,p.E583E; p.E443E; p.E332E; p.E292E; p.E480E,46.44,Benign,17.605
5,176637240,176637240,NSD1,c.1420G>T; c.1087G>T; c.967G>T; c.1531G>T; c.1840G>T,p.V511L; p.V614L; p.V363L; p.V323L; p.V474L,51.30,Benign,17.549
5,176637576,176637576,NSD1,c.1867T>C; c.1303T>C; c.2176T>C; c.1423T>C; c.1756T>C,p.S435P; p.S623P; p.S726P; p.S475P; p.S586P,46.06,Benign,19.986
5,176638587,176638587,NSD1,c.2767A>G; c.2314A>G; c.2878A>G; c.3187A>G; c.2434A>G,p.T812A; p.T1063A; p.T923A; p.T772A; p.T960A,49.06,Uncertain Significance,0.059
5,176721198,176721198,NSD1,c.5956T>C; c.1471T>C; c.6067T>C; c.6829T>C; c.6076T>C; c.5707T>C; c.6520T>C; c.6409T>C,p.L1986L; p.L2174L; p.L1903L; p.L491L; p.L2137L; p.L2277L; p.L2026L; p.L2023L,49.86,Benign,82.274
6,18139214,18139214,TPMT,c.474C>T; c.474T>C *,p.I158I,49.53,Benign,76.396
6,33287898,33287900,DAXX,c.1389_1391del; c.1128_1130del; c.1353_1355del,p.E457del; p.E382del; p.E469del,0.81,Uncertain Significance,0.031
6,33288271,33288271,DAXX,c.1173T>C; c.912T>C; c.1137T>C,p.Y379Y; p.Y304Y; p.Y391Y,49.87,Benign,29.226
7,2946461,2946461,CARD11,c.3276A>G,p.R1092R,49.27,Benign,51.281
7,2951824,2951824,CARD11,c.3126T>C,p.I1042I,48.14,Benign,6.497
7,2957005,2957005,CARD11,c.2622A>G,p.P874P,99.71,Benign,30.863
7,2959172,2959172,CARD11,c.2344C>T,p.L782L,47.95,Benign,7.993
7,2962293,2962293,CARD11,c.2244G>C,p.T748T,53.40,Benign,7.596
7,2963941,2963943,CARD11,c.1864_1866del,p.S622del,1.19,Uncertain Significance,0.001
7,2966383,2966383,CARD11,c.1797A>G,p.L599L,1.00,Uncertain Significance,
7,6026775,6026775,PMS2,c.1513A>G; c.1645A>G; c.850A>G; c.1423A>G; c.1465A>G; c.1048A>G; c.1453A>G; c.1147A>G; c.804-4153A>G; c.1303A>G; c.1618A>G; c.1255A>G; c.1108A>G; c.1312A>G; n.1708A>G; c.1807A>G; c.1285A>G; c.1621A>G; c.803+10182A>G; c.1216A>G; c.1297A>G; c.1060A>G; c.688A>G; c.1156A>G,p.K429E; p.K603E; p.K433E; p.K489E; p.K541E; p.K230E; p.K383E; p.K505E; p.K549E; p.K386E; p.K354E; p.K475E; p.K540E; p.K350E; p.K370E; p.K419E; p.K435E; p.K284E; p.K406E; p.K438E; p.K485E,98.91,Benign,84.429
7,6026942,6026942,PMS2,c.1286C>A; c.1049C>A; c.804-4320C>A; c.989C>A; c.1130C>A; c.893C>A; c.683C>A; c.1256C>A; c.1478C>A; c.1640C>A; c.1298C>A; c.980C>A; c.1454C>A; c.521C>A; c.881C>A; c.941C>A; n.1541C>A; c.1136C>A; c.1451C>A; c.803+10015C>A; c.1088C>A; c.1145C>A; c.1346C>A; c.1118C>A,p.T298K; p.T484K; p.T363K; p.T294K; p.T327K; p.T379K; p.T330K; p.T350K; p.T382K; p.T419K; p.T314K; p.T373K; p.T547K; p.T228K; p.T377K; p.T485K; p.T493K; p.T429K; p.T449K; p.T174K; p.T433K,50.05,Benign,7.760
7,6026988,6026988,PMS2,c.835C>T; c.1594C>T; c.1084C>T; c.1042C>T; c.1003C>T; c.1405C>T; c.1240C>T; n.1495C>T; c.1300C>T; c.934C>T; c.1090C>T; c.475C>T; c.1252C>T; c.803+9969C>T; c.1099C>T; c.895C>T; c.847C>T; c.1072C>T; c.1210C>T; c.943C>T; c.804-4366C>T; c.637C>T; c.1432C>T; c.1408C>T,p.P470S; p.P159S; p.P434S; p.P478S; p.P418S; p.P414S; p.P299S; p.P279S; p.P312S; p.P364S; p.P283S; p.P469S; p.P348S; p.P335S; p.P367S; p.P404S; p.P315S; p.P213S; p.P532S; p.P362S; p.P358S,49.20,Benign,38.600
7,6027157,6027157,PMS2,c.468del; c.1236del; c.1425del; c.903del; c.804-4535del; c.803+9800del; c.1071del; c.921del; n.1326del; c.915del; c.1131del; c.1263del; c.873del; c.678del; c.774del; c.834del; c.765del; c.1239del; c.306del; c.666del; c.1083del; c.726del; c.930del; c.1041del,p.D103Tfs*34; p.D414Tfs*34; p.D306Tfs*34; p.D259Tfs*34; p.D279Tfs*34; p.D362Tfs*34; p.D227Tfs*34; p.D302Tfs*34; p.D292Tfs*34; p.D157Tfs*34; p.D243Tfs*34; p.D348Tfs*34; p.D378Tfs*34; p.D413Tfs*34; p.D358Tfs*34; p.D476Tfs*34; p.D223Tfs*34; p.D308Tfs*34; p.D311Tfs*34; p.D256Tfs*34; p.D422Tfs*34,1.20,Pathogenic,
7,6036980,6036980,PMS2,c.780C>G; c.966C>G; c.-154C>G; c.471C>G; c.444C>G; c.672C>G; c.267C>G; c.804C>G; c.705+1759C>G; c.132+5104C>G; c.375C>G; c.207C>G; c.612C>G; c.777C>G; n.867C>G; c.537+5104C>G; c.462C>G,p.S157S; p.S125S; p.S89S; p.S148S; p.S69S; p.S322S; p.S204S; p.S224S; p.S268S; p.S260S; p.S259S; p.S154S,99.97,Benign,80.387
7,6043386,6043386,PMS2,c.-197C>T; c.-293C>T; c.288C>T; c.-52-1119C>T; n.375C>T; c.250+217C>T; c.-132+217C>T; c.35+217C>T; c.-144C>T; c.-65C>T; c.-597C>T; c.474C>T; c.-108C>T; c.-53+217C>T; c.-118C>T; c.312C>T,p.A96A; p.A104A; p.A158A,48.89,Benign,7.716
7,6043613,6043613,PMS2,c.-113C>T; c.-245C>T; c.25C>T; c.-63C>T; c.-142C>T; n.327C>T; c.-645C>T; c.-341C>T; c.426C>T; c.-192C>T; c.-52-1346C>T; c.-156C>T; c.240C>T; c.-166C>T,p.F80F; p.F142F; p.R9*,4.42,Likely Benign,0.007
7,6043666,6043666,PMS2,c.-219G>A; c.-116G>A; c.-29G>A; c.373G>A; c.-52-1399G>A; c.-245G>A; c.-195G>A; n.274G>A; c.-166G>A; c.-298G>A; c.-209G>A; c.-394G>A; c.187G>A; c.-698G>A,p.V63M; p.V125M,0.79,Uncertain Significance,0.000
7,55229255,55229255,EGFR,c.1562G>A; c.1427G>A; c.761G>A; c.1403G>A,p.R476K; p.R254K; p.R468K; p.R521K,99.95,Uncertain Significance,28.542
7,55238874,55238874,EGFR,c.1752T>A; c.1086T>A; c.1887T>A; c.1728T>A,p.T584T; p.T362T; p.T629T; p.T576T,100,Benign,37.141
7,55266417,55266417,EGFR,c.2574T>C; c.2709T>C; c.1908T>C; c.2550T>C,p.T636T; p.T903T; p.T858T; p.T850T,92.19,Benign,89.426
7,55268916,55268916,EGFR,c.2982C>T; c.2181C>T; c.2823C>T; c.2847C>T,p.D949D; p.D941D; p.D727D; p.D994D,99.70,Benign,13.342
7,92733975,92733975,SAMD9,c.1436C>T,p.T479M,48.97,Benign,5.826
7,92734051,92734051,SAMD9,c.1360G>A,p.A454T,39.57,Benign,5.168
7,92734451,92734451,SAMD9,c.960T>C,p.Y320Y,51.15,Benign,37.879
7,92735258,92735258,SAMD9,c.153del,p.E52Nfs*16,0.71,Uncertain Significance,
7,92760738,92760738,SAMD9L,c.4547del,p.N1516Mfs*10,1.15,Uncertain Significance,0.000
7,92764489,92764489,SAMD9L,c.796G>A,p.V266I,43.57,Benign,10.898
7,101892121,101892121,CUX1,c.3876G>A; c.1250-24516G>A; c.1256-24516G>A; c.1118-24516G>A; c.4182G>A; c.1139-24516G>A; c.1208-24516G>A; c.4350G>A; c.4317G>A,p.P1450P; p.P1394P; p.P1292P; p.P1439P,47.94,Benign,48.426
7,101892133,101892135,CUX1,c.1250-24491_1250-24489del; c.1208-24491_1208-24489del; c.1139-24491_1139-24489del; c.4375_4377del; c.1256-24491_1256-24489del; c.3901_3903del; c.4207_4209del; c.1118-24491_1118-24489del; c.4342_4344del,p.S1301del; p.S1403del; p.S1448del; p.S1459del,0.93,Likely Benign,0.370
7,103155705,103155705,RELN,c.8046T>C,p.H2682H,99.90,Benign,46.782
7,103155864,103155864,RELN,c.7887T>C,p.P2629P,48.92,Benign,18.014
7,103180872,103180872,RELN,c.6702T>C,p.C2234C,48.29,Benign,7.770
7,103230238,103230238,RELN,c.3950C>T,p.A1317V,1.00,Uncertain Significance,
7,103292224,103292224,RELN,c.1776A>G,p.E592E,48.79,Benign,7.732
7,103301976,103301977,RELN,c.1290-3dup,,1.76,Benign,0.535
7,103301977,103301977,RELN,c.1290-3del,,4.70,Likely Benign,0.024
7,103629803,103629804,RELN,c.-6_-1dup,,98.91,Benign,26.337
7,116339770,116339770,MET,c.-91+27139T>G; c.632T>G,p.L211W,48.39,Uncertain Significance,0.024
7,116397572,116397572,MET,c.1944A>G; c.654A>G,p.Q648Q; p.Q218Q,50.99,Benign,18.140
7,116435768,116435768,MET,c.3858C>T; c.2568C>T; c.3912C>T,p.D856D; p.D1286D; p.D1304D,48.67,Benign,42.252
7,116436022,116436022,MET,c.4071G>A; c.4017G>A; c.2727G>A,p.A1339A; p.A1357A; p.A909A,49.84,Benign,42.426
7,116436097,116436097,MET,c.4146G>A; c.4092G>A; c.2802G>A,p.P1382P; p.P934P; p.P1364P,42.90,Benign,42.451
7,127669584,127669584,LRRC4; SND1,c.1110A>G; c.1779+38475T>C,p.A370A,50.39,Benign,15.742
7,127669857,127669857,LRRC4; SND1,c.837T>A; c.1779+38748A>T,p.S279S,99.57,Benign,30.888
7,139056179,139056179,FMC1-LUC7L2; LUC7L2,c.260-4623del; c.28del; c.-13-2962del; c.62-4623del,p.I10Yfs*48,0.77,Uncertain Significance,
7,139094365,139094366,FMC1-LUC7L2; LUC7L2,c.754_755del; c.748_749del; c.757_758del; c.955_956del,p.E253Rfs*34; p.E250Rfs*34; p.E319Rfs*34; p.E252Rfs*34,3.21,Likely Pathogenic,1.969
7,140434574,140434575,BRAF,c.2026-5dup; c.2017-5dup; c.2128-5dup; c.2062-5dup; c.1972-5dup; c.2127+5037dup; c.1864-5dup; c.2248-5dup; c.2137-5dup,,3.07,Likely Benign,
7,140449164,140449164,BRAF,c.1849G>A; c.1651G>A; c.2035G>A; c.1759G>A; c.1915G>A; c.1804G>A; c.1813G>A; c.1924G>A,p.V587I; p.V642I; p.V679I; p.V602I; p.V605I; p.V639I; p.V617I; p.V551I,0.73,Likely Pathogenic,
7,140482927,140482927,BRAF,c.944del; c.1106del; c.1178-36del; c.1217del; c.1208del; c.1141-44del; c.1328del; c.1052del,p.P369Lfs*8; p.P315Lfs*8; p.P403Lfs*8; p.P443Lfs*8; p.P351Lfs*8; p.P406Lfs*8,0.95,Likely Pathogenic,
7,148543693,148543694,EZH2,c.118-4dup,,1.91,Uncertain Significance,0.078
7,148543694,148543695,EZH2,c.118-5_118-4del,,4.62,Likely Benign,0.254
7,148543694,148543694,EZH2,c.118-4del,,47.36,Benign,70.685
7,151836879,151836879,KMT2C,c.14515-3del; c.13897-3del; c.14344-3del,,1.61,Uncertain Significance,0.003
7,151859683,151859683,KMT2C,c.10754C>T; c.10979C>T,p.S3585L; p.S3660L,45.38,Benign,4.664
7,151874147,151874148,KMT2C,c.8165dup; c.8390dup,p.E2798Gfs*11; p.E2723Gfs*11,0.93,Likely Pathogenic,0.004
7,151874148,151874148,KMT2C,c.8165del; c.8390del,p.K2722Rfs*26; p.K2797Rfs*26,4.43,Pathogenic,0.195
7,151875096,151875097,KMT2C,c.7218-2dup; c.7443-2dup,,0.98,Uncertain Significance,0.068
7,151875100,151875100,KMT2C,c.7218-5delinsTTTT; c.7443-5delinsTTTT,,1.10,Uncertain Significance,
7,151875100,151875100,KMT2C,c.7218-5A>T; c.7443-5A>T,,0.51,Uncertain Significance,
7,151921255,151921255,KMT2C,c.3168G>A; c.3048G>A,p.W1056*; p.W1016*,2.63,Likely Pathogenic,
7,151921579,151921579,KMT2C,c.3099C>T; c.2979C>T,p.H993H; p.H1033H,49.38,Uncertain Significance,0.001
7,151927021,151927021,KMT2C,c.2963G>T; c.2843G>T,p.C988F; p.C948F,24.01,Benign,22.612
7,151927023,151927023,KMT2C,c.2961C>G; c.2841C>G,p.Y947*; p.Y987*,21.55,Likely Pathogenic,
7,151927025,151927025,KMT2C,c.2959T>C; c.2839T>C,p.Y987H; p.Y947H,33.18,Benign,38.544
7,151927026,151927026,KMT2C,c.2838A>G; c.2958A>G,p.P986P; p.P946P,2.29,Benign,23.424
7,151927067,151927067,KMT2C,c.2797A>G; c.2917A>G,p.R973G; p.R933G,22.68,Likely Pathogenic,
7,151932908,151932908,KMT2C,c.2643A>G; c.2763A>G,p.L921L; p.L881L,1.93,Benign,42.499
7,151932923,151932923,KMT2C,c.2628C>T; c.2748C>T,p.I876I; p.I916I,0.58,Uncertain Significance,0.338
7,151935798,151935799,KMT2C,c.2645_2646delinsCA; c.2533-2781_2533-2780delinsCA,p.I882T,32.68,Uncertain Significance,
7,151935866,151935866,KMT2C,c.2533-2848C>T; c.2578C>T,p.P860S,26.97,Likely Pathogenic,
7,151935871,151935871,KMT2C,c.2533-2853G>T; c.2573G>T,p.W858L,27.22,Likely Pathogenic,
7,151945007,151945007,KMT2C,c.2515G>A; c.2512G>A,p.G838S; p.G839S,47.51,Benign,49.408
7,151945071,151945072,KMT2C,c.2447dup; c.2450dup,p.Y816*; p.Y817*,24.81,Benign,48.670
7,151945101,151945101,KMT2C,c.2421C>G; c.2418C>G,p.S807S; p.S806S,0.85,Benign,20.838
7,151945140,151945140,KMT2C,c.2379G>A; c.2382G>A,p.S794S; p.S793S,22.17,Benign,43.539
7,151945215,151945215,KMT2C,c.2304A>G; c.2307A>G,p.S769S; p.S768S,11.74,Likely Benign,3.158
7,151945225,151945225,KMT2C,c.2297A>G; c.2294A>G,p.E766G; p.E765G,6.04,Uncertain Significance,0.474
7,151945256,151945256,KMT2C,c.2263C>T; c.2266C>T,p.Q756*; p.Q755*,3.73,Likely Pathogenic,0.563
7,151945313,151945313,KMT2C,c.2209T>C; c.2206T>C,p.L736L; p.L737L,0.65,Likely Benign,0.147
7,151962257,151962257,KMT2C,c.1053G>A; c.1050G>A,p.P351P; p.P350P,11.93,Uncertain Significance,0.100
7,151962265,151962265,KMT2C,c.1042G>A; c.1045G>A,p.D348N; p.D349N,11.47,Uncertain Significance,0.033
7,151962269,151962269,KMT2C,c.1041G>A; c.1038G>A,p.V347V; p.V346V,0.57,Uncertain Significance,0.012
7,151962290,151962290,KMT2C,c.1020G>C; c.1017G>C,p.K339N; p.K340N,10.59,Uncertain Significance,0.008
7,151970797,151970797,KMT2C,c.1008T>A; c.1005T>A,p.P336P; p.P335P,4.36,Uncertain Significance,0.244
7,151970856,151970856,KMT2C,c.946A>T; c.949A>T,p.T317S; p.T316S,74.65,Benign,50.094
7,151970859,151970859,KMT2C,c.946G>T; c.943G>T,p.G315C; p.G316C,4.18,Uncertain Significance,0.010
7,151970859,151970859,KMT2C,c.943G>A; c.946G>A,p.G315S; p.G316S,4.68,Likely Benign,0.425
7,151970877,151970877,KMT2C,c.925C>T; c.928C>T,p.P309S; p.P310S,3.98,Uncertain Significance,0.519
7,151970951,151970951,KMT2C,c.854G>A; c.851G>A,p.R284Q; p.R285Q,12.72,Likely Benign,0.327
8,30915971,30915971,WRN,c.15del,p.K5Nfs*15,1.01,Likely Pathogenic,0.003
8,30924557,30924557,WRN,c.513C>T,p.C171C,99.93,Benign,70.808
8,30941211,30941211,WRN,c.1270-4A>T,,1.71,Uncertain Significance,0.000
8,30945377,30945379,WRN,c.1530_1532del,p.E510del,0.63,Uncertain Significance,0.017
8,30973957,30973957,WRN,c.2361G>T,p.L787L,46.36,Benign,45.121
8,30977943,30977943,WRN,c.2630+10del,,0.98,Uncertain Significance,0.002
8,30982451,30982451,WRN,c.2760A>G,p.K920K,1.77,Uncertain Significance,
8,30999280,30999280,WRN,c.3222G>T,p.L1074F,48.86,Benign,45.358
8,31001132,31001132,WRN,c.3382del,p.S1128Vfs*34,0.57,Likely Pathogenic,0.001
8,31024638,31024638,WRN,c.4083C>T,p.S1361S,49.24,Benign,29.695
8,38285914,38285916,FGFR1,c.129_131del; c.372_374del; c.495_497del; c.396_398del,p.D44del; p.D133del; p.D125del; p.D166del,1.18,Likely Pathogenic,0.014
8,41798420,41798422,KAT6A,c.2977_2979del,p.E993del,0.71,Uncertain Significance,0.006
8,41834752,41834754,KAT6A,c.1135_1137del,p.S379del,0.69,Uncertain Significance,
8,90958422,90958422,NBN,c.1704A>G; c.2016A>G; c.1770A>G; c.1846-2828A>G; c.1947A>G,p.P568P; p.P672P; p.P649P; p.P590P,38.63,Benign,34.291
8,90965666,90965666,NBN,c.1405del; c.1339del; c.1651del,p.R469Gfs*8; p.R551Gfs*8; p.R447Gfs*8,0.55,Pathogenic,
8,90967711,90967711,NBN,c.951T>C; c.1197T>C; c.885T>C,p.D295D; p.D399D; p.D317D,50.45,Benign,47.032
8,90990479,90990479,NBN,c.553G>C; c.307G>C,p.E185Q; p.E103Q,48.58,Benign,34.336
8,90995019,90995019,NBN,c.-195G>A; c.-75-1268G>A; c.102G>A,p.L34L,51.23,Benign,35.143
8,117864952,117864953,RAD21,c.1162-7_1162-6dup,,0.69,Uncertain Significance,0.149
8,117864952,117864953,RAD21,c.1162-6dup,,6.06,Benign,8.379
8,128748872,128748872,MYC,c.-588A>G; c.-284+790A>G; c.30+3A>G; c.-1637A>G; c.-1243A>G; c.-1076A>G; c.-1429A>G; c.-16+3A>G,,49.43,Uncertain Significance,0.006
8,128750605,128750607,MYC,c.-192_-190del; c.109_111del; c.151_153del; c.154_156del,p.Q37del; p.Q51del; p.Q52del,0.70,Uncertain Significance,0.002
9,5050706,5050706,JAK2,c.489C>T; n.890C>T; c.-632C>T; n.973C>T; c.42C>T,p.H163H; p.H14H,47.86,Benign,32.549
9,5081780,5081780,JAK2,c.2043G>A; c.1275G>A; n.2891G>A; c.2490G>A; n.2974G>A,p.L681L; p.L425L; p.L830L,49.51,Benign,53.602
9,36840623,36840623,PAX5,c.1008C>T; c.921C>T; c.810C>T; c.878C>T; c.1110C>T; c.894C>T; c.597C>T; c.981C>T; c.1023C>T; c.786C>T; n.1274C>T; c.791C>T; n.1217C>T,p.T293I; p.Y336Y; p.Y327Y; p.Y307Y; p.Y262Y; p.Y341Y; p.Y199Y; p.Y298Y; p.Y370Y; p.T264I; p.Y270Y,99.91,Benign,86.447
9,36882059,36882059,PAX5,n.1118C>T; c.910+41293C>T; c.911-35133C>T; c.630C>T; c.781-35133C>T; c.825C>T; c.954C>T; n.1061C>T; c.781-41426C>T; c.586+41293C>T; c.713-35133C>T,p.H275H; p.H210H; p.H318H,49.72,Uncertain Significance,0.024
9,37020769,37020769,PAX5,c.-112-5578del; n.313del; c.76del; c.-249del,p.V26Ffs*3,0.74,Likely Pathogenic,
9,86586806,86586808,HNRNPK,c.942_944del; c.870_872del,p.P315del; p.P291del,0.62,Uncertain Significance,0.003
9,86586877,86586877,HNRNPK,c.873C>T; c.801C>T,p.P291P; p.P267P,0.78,Uncertain Significance,
9,86586890,86586890,HNRNPK,c.788G>A; c.860G>A,p.R263Q; p.R287Q,1.15,Uncertain Significance,0.000
9,86586893,86586893,HNRNPK,c.785G>A; c.857G>A,p.R262H; p.R286H,4.99,Uncertain Significance,
9,86586904,86586912,HNRNPK,c.766_774del; c.838_846del,p.Y256_D258del; p.Y280_D282del,5.53,Uncertain Significance,
9,133759490,133759492,ABL1,c.1883_1885del; c.1826_1828del,p.K609del; p.K628del,0.72,Uncertain Significance,0.037
9,133761001,133761001,ABL1,c.3381A>G; c.3324A>G,p.P1108P; p.P1127P,99.04,Benign,55.454
9,139390945,139390947,NOTCH1,c.7124_7126del; c.7244_7246del; c.4841_4843del; c.7130_7132del,p.P2375del; p.P2415del; p.P2377del; p.P1614del,1.40,Uncertain Significance,0.003
9,139391636,139391636,NOTCH1,c.4152C>T; c.6555C>T; c.6441C>T; c.6435C>T,p.D2185D; p.D2145D; p.D1384D; p.D2147D,99.32,Benign,61.822
9,139397707,139397707,NOTCH1,c.4980C>T; c.4974C>T; c.5094C>T; c.2691C>T,p.D1660D; p.D1658D; p.D897D; p.D1698D,99.95,Benign,44.879
9,139405261,139405261,NOTCH1,c.2474-4G>A; c.2588-4G>A; c.185-4G>A,,99.64,Benign,47.788
9,139407932,139407932,NOTCH1,c.-724T>C; c.2265T>C; c.2151T>C,p.N755N; p.N717N,48.23,Benign,40.508
9,139413908,139413908,NOTCH1,c.852G>A,p.P284P,47.50,Benign,13.351
9,139418260,139418260,NOTCH1,c.312T>C,p.N104N,48.94,Benign,59.336
10,27303605,27303605,ANKRD26,c.4539T>A; c.4542T>A,p.F1514L; p.F1513L,46.75,Benign,21.930
10,27317840,27317840,ANKRD26,c.3910G>A; c.3913G>A,p.V1304I; p.V1305I,50.16,Benign,21.844
10,27322259,27322259,ANKRD26,c.3699del; c.3702del,p.K1233Nfs*19; p.K1234Nfs*19,0.60,Likely Pathogenic,
10,27322303,27322303,ANKRD26,c.3655G>C; c.3658G>C,p.V1220L; p.V1219L,52.99,Benign,3.380
10,27329038,27329038,ANKRD26,c.2228del; c.2231del,p.N743Ifs*8; p.N744Ifs*8,1.37,Uncertain Significance,0.001
10,27333121,27333122,ANKRD26,c.1983-3dup; c.1986-3dup,,4.12,Benign,7.165
10,27333122,27333124,ANKRD26,c.1983-5_1983-3del; c.1986-5_1986-3del,,0.82,Uncertain Significance,0.010
10,27333122,27333123,ANKRD26,c.1983-4_1983-3del; c.1986-4_1986-3del,,6.82,Uncertain Significance,0.422
10,27333122,27333122,ANKRD26,c.1983-3del; c.1986-3del,,44.94,Benign,34.062
10,27337806,27337808,ANKRD26,c.1736_1738del,p.D579del,1.03,Likely Benign,0.003
10,27342286,27342288,ANKRD26,c.1596_1598del,p.E533del,48.31,Benign,3.439
10,27356183,27356183,ANKRD26,c.1110del,p.E371Kfs*12,0.59,Likely Pathogenic,
10,27369086,27369086,ANKRD26,c.741-996del,,1.00,Uncertain Significance,0.024
10,27381349,27381349,ANKRD26,c.624A>G,p.V208V,49.39,Benign,24.163
10,27389197,27389197,ANKRD26,c.59A>G,p.Q20R,99.58,Benign,89.948
10,89692921,89692921,PTEN,c.360A>T; c.405A>T; c.-346A>T; c.924A>T,p.I120I; p.I308I; p.I135I,0.93,Uncertain Significance,
10,89692923,89692923,PTEN,c.926G>A; c.-344G>A; c.362G>A; c.407G>A,p.C136Y; p.C309Y; p.C121Y,0.92,Pathogenic,
10,90771829,90771829,FAS,n.411T>C; n.612T>C; n.951T>C; n.538+1257T>C; n.474T>C; c.568+1257T>C; n.808T>C; c.687T>C; n.549T>C; n.561T>C; c.579T>C; c.642T>C,p.T193T; p.T229T; p.T214T,100,Benign,76.186
10,112357944,112357944,SMC3,c.2164G>A,p.E722K,1.11,Uncertain Significance,
10,112361870,112361870,SMC3,c.3039A>G,p.S1013S,99.95,Benign,99.598
10,123239112,123239112,FGFR2,c.2107C>T; c.*259C>T; n.3161C>T; c.*453C>T,p.L703L,50.01,Benign,53.214
10,123298158,123298158,FGFR2,n.984A>G; c.429A>G; c.696A>G; c.351A>G,p.V232V; p.V143V; p.V117V,99.93,Benign,78.012
11,30033563,30033563,KCNA4,c.663del,p.F221Lfs*21,1.04,Uncertain Significance,0.000
11,30034029,30034031,KCNA4,c.195_197del,p.H65del,1.06,Uncertain Significance,0.006
11,32417945,32417945,WT1,c.360A>G; c.1071A>G; n.1403A>G; c.420A>G; n.1454A>G; c.999A>G; c.471A>G; c.1122A>G; c.948A>G; c.-67A>G; c.447A>G; c.1116A>G,p.R157R; p.R374R; p.R149R; p.R120R; p.R357R; p.R333R; p.R140R; p.R372R; p.R316R,99.88,Benign,23.571
11,32456562,32456562,WT1-AS; WT1,c.345C>T; n.-502G>A; n.524C>T; c.-1044C>T; c.-1353C>T; n.-1023G>A,p.P115P,99.06,Benign,24.419
11,64534503,64534505,SF1,c.1403-61_1403-59del; c.1453_1455del; c.1104_1106del; c.1449_1451del; c.1824_1826del; c.1108_1110del; c.1371_1373del; c.1444_1446del,p.P610del; p.A370del; p.A482del; p.P485del; p.P370del; p.A485del; p.P459del,1.31,Uncertain Significance,0.186
11,64535093,64535095,SF1,c.1665_1667del; c.945_947del; c.1290_1292del; c.1212_1214del,p.P556del; p.P316del; p.P431del; p.P405del,0.52,Uncertain Significance,0.000
11,72945341,72945341,P2RY2,c.137C>T,p.P46L,98.35,Benign,92.488
11,72946020,72946020,P2RY2,c.816C>T,p.R272R,48.60,Benign,56.602
11,72946140,72946140,P2RY2,c.936G>C,p.R312S,48.78,Benign,27.787
11,102196019,102196019,BIRC3,c.779A>G,p.K260R,46.26,Benign,2.152
11,108043988,108043988,NPAT,c.1723G>A,p.V575I,49.19,Benign,60.114
11,108183167,108183167,C11orf65; ATM,c.5948A>G; c.641-3369T>C; c.*39-3369T>C; c.5948A>G *,p.N1983S; p.S1983S,99.88,Benign,100.000
11,108196957,108196958,C11orf65; ATM,c.6975+13dup; c.*38+8989dup; c.641-17160dup,,0.66,Likely Benign,0.009
11,118307279,118307281,KMT2A; ENSG00000285827,c.214-11050_214-11048del; c.63_65del; c.-798-32200_-798-32198del,p.G23del,0.58,Uncertain Significance,0.009
11,118307414,118307416,KMT2A; ENSG00000285827,c.200_202del; c.-798-32063_-798-32061del; c.214-10913_214-10911del,p.A67del,1.11,Benign,0.792
11,118344494,118344495,KMT2A; ENSG00000285827,c.503-391_503-390del; c.2728_2729del; c.2629_2630del; c.1399_1400del,p.D877Pfs*8; p.D467Pfs*8; p.D910Pfs*8,0.84,Likely Pathogenic,0.000
11,119077233,119077235,CBL,c.125_127del,p.H42del,1.75,Likely Benign,0.055
11,119149356,119149358,CBL,c.1380_1382del,p.D460del,0.91,Uncertain Significance,0.004
12,11992168,11992168,ETV6,c.-7G>A; c.258G>A; c.255G>A; c.231G>A,p.T77T; p.T86T; p.T85T,50.67,Benign,14.605
12,22814036,22814036,ETNK1,c.864A>G; c.597A>G,p.E288E; p.E199E,99.97,Benign,19.313
12,25368462,25368462,KRAS,c.451-5617G>A; c.253-5617G>A; c.376-5617G>A; c.483G>A *; c.483G>A,p.R161R,99.76,Benign,99.949
12,111856673,111856673,SH2B3,c.724C>T,p.P242S,47.93,Benign,0.275
12,111884608,111884608,SH2B3,c.178T>C; c.784T>C,p.W60R; p.W262R,99.93,Benign,66.803
12,111885352,111885356,SH2B3,c.630+24_630+28del; c.1236+24_1236+28del,,29.94,Benign,35.879
12,111885352,111885361,SH2B3,c.630+19_630+28del; c.1236+19_1236+28del,,0.52,Uncertain Significance,0.196
13,19751274,19751274,TUBA3C,c.849C>T,p.H283H,5.03,Uncertain Significance,0.007
13,19751289,19751289,TUBA3C,c.834C>T,p.A278A,3.55,Uncertain Significance,0.009
13,19751301,19751301,TUBA3C,c.822G>A,p.P274P,0.71,Uncertain Significance,0.038
13,19751544,19751544,TUBA3C,c.579G>A,p.T193T,50.07,Benign,27.350
13,19751586,19751586,TUBA3C,c.537G>A,p.T179T,1.15,Uncertain Significance,0.002
13,28609813,28609814,FLT3,c.1419-4dup; n.1485-4dup,,2.81,Uncertain Significance,0.541
13,28609814,28609814,FLT3,c.1419-4del; n.1485-4del,,10.44,Uncertain Significance,0.286
13,28610183,28610183,FLT3,n.1376-3T>C; c.1310-3T>C,,99.94,Uncertain Significance,70.039
13,28624294,28624294,FLT3,n.746C>T; c.680C>T,p.T227M,99.97,Benign,59.806
13,28636084,28636084,FLT3,n.354C>T; c.288C>T,p.D96D,99.72,Benign,98.285
13,28674628,28674628,FLT3,c.20A>G; n.86A>G,p.D7G,52.79,Benign,36.228
13,32906480,32906480,BRCA2,n.1064A>C; c.496A>C; c.424+1313A>C; c.865A>C,p.N166H; p.N289H,43.77,Benign,4.959
13,32906729,32906729,BRCA2,n.1313A>C; c.424+1562A>C; c.745A>C; c.1114A>C,p.N249H; p.N372H,49.01,Benign,27.333
13,32906980,32906980,BRCA2,c.1365A>G; n.1564A>G; c.424+1813A>G; c.996A>G,p.S332S; p.S455S,47.54,Benign,4.986
13,32907421,32907421,BRCA2,n.2012del; c.424+2261del; c.1444del; c.1813del,p.I605Yfs*9; p.I482Yfs*9,1.16,Pathogenic,0.003
13,32910721,32910721,BRCA2,c.1860T>C; c.424+5554T>C; c.2229T>C; c.1909+3197T>C; n.2428T>C,p.H743H; p.H620H,48.60,Benign,5.026
13,32911463,32911463,BRCA2,c.1909+3939A>G; n.3170A>G; c.2971A>G; c.424+6296A>G; c.2602A>G,p.N868D; p.N991D,47.47,Benign,5.221
13,32913055,32913055,BRCA2,c.4563A>G; n.4762A>G; c.425-5640A>G; c.4194A>G; c.1909+5531A>G,p.L1398L; p.L1521L,84.72,Benign,99.275
13,32913559,32913559,BRCA2,c.4704del; c.425-5130del; c.1910-5130del; c.5073del; n.5272del,p.K1691Nfs*15; p.K1568Nfs*15,0.64,Pathogenic,
13,32915005,32915005,BRCA2,c.425-3690G>C; c.1910-3690G>C; c.6144G>C; c.6513G>C; n.6712G>C,p.V2048V; p.V2171V,98.70,Benign,99.253
13,32929387,32929387,BRCA2,c.980T>C; c.7301T>C; c.7028T>C; c.7397T>C; n.7596T>C; c.2465T>C,p.V2434A; p.V2343A; p.V2466A; p.V327A; p.V822A,99.84,Benign,99.343
13,32930598,32930598,BRCA2,n.7668T>C; c.7100T>C; c.2537T>C; c.1052T>C; c.7373T>C; c.7469T>C,p.I2458T; p.I846T; p.I2367T; p.I2490T; p.I351T,51.39,Benign,1.759
13,32954023,32954023,BRCA2,c.2680del; c.4165del; c.9046del; c.8728del; c.9001del; c.9097del; n.9360del,p.T1389Lfs*29; p.T3033Lfs*29; p.T2910Lfs*29; p.T3016Lfs*29; p.T894Lfs*29; p.T3001Lfs*29,2.06,Pathogenic,0.001
14,86088056,86088056,FLRT2,c.198T>C,p.T66T,99.27,Benign,99.769
15,66727454,66727456,MAP2K1,c.170_172delinsGAT; c.104_106delinsGAT,p.K35_Q36delinsR*; p.K57_Q58delinsR*,1.21,Uncertain Significance,
15,74328116,74328116,PML,c.*1119A>G; c.*2167A>G; c.*35+1245A>G; c.*639A>G; c.2314A>G; c.1710+1245A>G; c.1566+1245A>G; c.1255-232A>G; c.2170A>G,p.S772G; p.S724G,99.36,Benign,52.387
15,74328141,74328141,PML,c.1710+1270G>T; c.*664G>T; c.*35+1270G>T; c.2195G>T; c.1566+1270G>T; c.1255-207G>T; c.*2192G>T; c.*1144G>T; c.2339G>T,p.G732V; p.G780V,98.91,Benign,36.446
15,74337273,74337273,PML,c.2429C>T; c.2573C>T,p.A810V; p.A858V,49.70,Likely Benign,0.083
15,88476365,88476365,NTRK3,c.1743C>T; c.1473C>T; c.1767C>T,p.A581A; p.A589A; p.A491A,50.25,Benign,1.166
15,88576185,88576185,NTRK3,c.1464C>G; c.1194C>G; c.1170C>G; c.1488C>G,p.A488A; p.A398A; p.A496A; p.A390A,49.49,Benign,34.875
15,88679785,88679785,NTRK3,c.384C>T; c.678C>T *; c.678C>T,p.N226N; p.N128N,99.80,Benign,99.673
15,90628537,90628537,IDH2,c.1050C>T; c.660C>T; c.894C>T,p.T298T; p.T220T; p.T350T,49.30,Benign,3.788
15,91295064,91295064,BLM,c.-445A>G; c.847A>G,p.T283A,1.55,Uncertain Significance,0.003
15,91304138,91304139,BLM,c.419dup; c.1544dup,p.N140Kfs*2; p.N515Kfs*2,1.34,Pathogenic,0.009
15,91304139,91304139,BLM,c.419del; c.1544del,p.N515Mfs*16; p.N140Mfs*16,4.75,Pathogenic,0.004
15,91304286,91304288,BLM,c.570_572del; c.1695_1697del,p.D566del; p.D191del,0.88,Uncertain Significance,0.002
16,3778303,3778305,CREBBP,c.6743_6745del; c.6629_6631del,p.Q2210del; p.Q2248del,0.63,Uncertain Significance,0.002
16,3778401,3778403,CREBBP,c.6645_6647del; c.6531_6533del,p.Q2216del; p.Q2178del,0.66,Uncertain Significance,0.003
16,3781313,3781313,CREBBP,c.5052C>T; c.4938C>T,p.S1684S; p.S1646S,50.84,Benign,0.819
16,3808052,3808053,CREBBP,c.3256-5_3256-4dup; c.3370-5_3370-4dup,,0.67,Uncertain Significance,0.029
16,3808052,3808053,CREBBP,c.3370-4dup; c.3256-4dup,,6.55,Benign,12.920
16,3808053,3808055,CREBBP,c.3256-6_3256-4del; c.3370-6_3370-4del,,0.87,Uncertain Significance,0.001
16,3808053,3808054,CREBBP,c.3256-5_3256-4del; c.3370-5_3370-4del,,2.60,Likely Benign,0.205
16,3808053,3808053,CREBBP,c.3370-4del; c.3256-4del,,14.75,Benign,25.610
16,3817721,3817721,CREBBP,c.3250del; c.3136del,p.I1046Sfs*15; p.I1084Sfs*15,0.78,Pathogenic,0.000
16,67646013,67646014,CTCF,c.950_951del; c.-32-4626_-32-4625del,p.T317Rfs*91,1.17,Likely Pathogenic,0.000
16,67671655,67671655,CTCF,c.2070del; c.1086del; c.2064del,p.E689Sfs*30; p.E691Sfs*30; p.E363Sfs*30,0.78,Uncertain Significance,
16,89805261,89805261,ZNF276; FANCA,c.4260+29T>C; c.4164T>C; n.2607A>G; c.4293T>C; n.2490A>G; c.*607A>G; n.2524A>G; c.4264+29T>C; n.2430A>G,p.H1388H; p.H1431H,97.95,Benign,70.470
16,89806347,89806347,ZNF276; FANCA,c.3934+55T>A; n.3693A>T; n.3516A>T; n.3576A>T; c.3805+55T>A; c.*1693A>T; n.3610A>T,,99.79,Benign,52.514
16,89831345,89831346,FANCA,c.2730_2731del,p.W911Dfs*31,0.51,Pathogenic,
16,89836323,89836323,FANCA,c.2426G>A,p.G809D,99.91,Benign,47.268
16,89849480,89849480,FANCA,c.1501G>A,p.G501S,99.89,Benign,50.407
16,89866043,89866043,FANCA,c.700A>G; c.796A>G,p.T234A; p.T266A,99.83,Benign,52.203
17,263426,263426,C17orf97; LOC105371430; LIAT1,c.792C>T; c.304+2989C>T; n.46-222G>A,p.G264G,0.81,Uncertain Significance,0.007
17,263531,263532,C17orf97; LOC105371430; LIAT1,c.897_898delinsTG; c.304+3094_304+3095delinsTG; n.45+238_45+239delinsCA,p.K300E,0.91,Uncertain Significance,
17,263682,263682,C17orf97; LOC105371430; LIAT1,c.304+3245G>A; n.45+88C>T; c.1048G>A,p.E350K,1.32,Uncertain Significance,0.001
17,7579472,7579472,TP53,c.98C>G; c.215C>G; c.-1020C>G; c.-939C>G; n.357C>G,p.P72R; p.P33R,49.84,Uncertain Significance,66.289
17,16842912,16842912,TNFRSF13B,c.693T>C; c.831T>C,p.S277S; p.S231S,100,Benign,49.363
17,16842991,16842991,TNFRSF13B,c.752C>T; c.614C>T,p.P205L; p.P251L,49.50,Benign,13.813
17,16855878,16855878,TNFRSF13B,c.81G>A; c.62-3581G>A,p.T27T,99.77,Benign,80.823
17,29490295,29490295,NF1,c.380G>A,p.G127E,1.21,Likely Pathogenic,
17,29508775,29508775,NF1,c.702G>A,p.L234L,99.81,Benign,62.010
17,29528142,29528142,NF1,c.1150T>C,p.F384L,4.35,Likely Pathogenic,
17,29553485,29553485,NF1,c.2079G>A; c.2034G>A; c.2064G>A,p.P678P; p.P693P; p.P688P,51.08,Benign,38.412
17,29554582,29554582,NF1,c.2397G>A; c.2367G>A; c.2412G>A,p.K799K; p.K789K; p.K804K,13.73,Uncertain Significance,
17,29554589,29554589,NF1,c.2419C>T; c.2374C>T; c.2404C>T,p.L802F; p.L792F; p.L807F,12.43,Pathogenic,
17,29686024,29686024,NF1,c.8151G>A; c.8088G>A; c.8133G>A; c.2715G>A; c.2307G>A; c.8181G>A,p.P2696P; p.P769P; p.P2717P; p.P2727P; p.P2711P; p.P905P,49.42,Benign,0.135
17,30264426,30264428,SUZ12,c.175_177del,p.S59del,1.04,Likely Benign,0.222
17,30302737,30302737,SUZ12,c.754+15del; c.823+15del,,11.93,Likely Benign,2.318
17,30323878,30323878,SUZ12,c.1856T>C; c.1787T>C,p.L596P; p.L619P,1.56,Uncertain Significance,
17,40370235,40370236,STAT5B,c.1099dup; c.1102dup,p.Q368Pfs*9; p.Q367Pfs*9,1.05,Uncertain Significance,0.004
17,40370236,40370236,STAT5B,c.1099del; c.1102del,p.Q368Rfs*2; p.Q367Rfs*2,0.97,Uncertain Significance,0.000
17,40475056,40475056,STAT3,c.1869C>T; c.1827C>T; c.1560C>T; c.1776C>T; c.1833C>T; c.1770C>T; c.1854C>T; c.1950C>T; c.1794C>T; c.1758C>T,p.G611G; p.G623G; p.G598G; p.G520G; p.G586G; p.G609G; p.G650G; p.G618G; p.G592G; p.G590G,49.27,Likely Benign,0.344
17,41245587,41245587,BRCA1,c.646+1174del; c.1835del; c.1073del; c.1883del; c.1748del; c.-99+31701del; c.1961del; c.5-29619del; c.-43-19049del; c.787+1174del; c.784+1174del; c.706+1174del; c.1820del,p.K358Sfs*47; p.K583Sfs*47; p.K607Sfs*47; p.K628Sfs*47; p.K612Sfs*47; p.K654Sfs*47,1.60,Pathogenic,0.001
17,74732507,74732507,MFSD11; SRSF2,c.-1928A>G; c.-1812A>G; c.-733A>G; c.-1623A>G; n.573T>C; n.-1694A>G; c.402T>C; c.-1530A>G; c.402T>C *; c.-1645A>G; c.-738A>G; n.-209A>G; c.-1269A>G; c.366T>C,p.S122S; p.S134S,99.78,Benign,99.703
17,74733099,74733099,MFSD11; MIR636; SRSF2,n.-1102G>A; c.-141G>A; n.-469C>T; c.-1336G>A; c.-1053G>A; n.315C>T; c.-938G>A; c.-146G>A; c.-1220G>A; c.-1031G>A; n.384G>A; c.144C>T; c.-677G>A,p.D48D,98.71,Benign,88.440
18,42532741,42532741,SETBP1,c.3436C>T,p.R1146W,0.70,Uncertain Significance,0.000
18,42533130,42533130,SETBP1,c.3825A>G,p.S1275S,99.53,Benign,88.475
19,7706680,7706680,STXBP2,c.510C>A; c.519C>A; c.552C>A; c.423C>A; n.559C>A,p.A170A; p.A173A; p.A184A; p.A141A,0.75,Uncertain Significance,
19,7711221,7711221,STXBP2,c.1443T>C; n.1458T>C; c.48T>C; c.1347T>C; c.1476T>C; c.1434T>C,p.D481D; p.D492D; p.D478D; p.D449D; p.D16D,99.96,Benign,42.083
19,7712277,7712277,STXBP2,c.1480A>G; c.1609A>G; c.1576A>G; c.1538+144A>G; n.1591A>G; c.181A>G; c.1567A>G,p.I61V; p.I494V; p.I523V; p.I526V; p.I537V,99.95,Benign,64.010
19,10262139,10262139,DNMT1,c.2152del; c.2200del; c.1837del,p.M613Cfs*59; p.M718Cfs*59; p.M734Cfs*59,0.59,Uncertain Significance,
19,10265312,10265312,DNMT1,c.1419A>G; c.1734A>G; c.1782A>G,p.T578T; p.T594T; p.T473T,99.81,Benign,99.074
19,10267077,10267077,DNMT1,c.1341A>G; c.1389A>G; c.1026A>G,p.P447P; p.P463P; p.P342P,99.94,Benign,51.810
19,10939792,10939792,DNM2,c.2139T>C; c.2127T>C,p.A709A; p.A713A,50.04,Benign,31.112
19,10940882,10940882,DNM2,c.2377del; c.2365del,p.L789*; p.L793*,0.73,Pathogenic,
19,13049490,13049490,CALR; MIR6515,c.-4C>T; n.-1808C>T,,49.59,Benign,0.448
19,17946802,17946802,JAK3,c.1845T>C,p.R615R,0.62,Likely Benign,
19,17955112,17955112,JAK3,c.115del,p.Q39Sfs*108,0.67,Uncertain Significance,0.001
19,17958777,17958777,JAK3,c.-36A>G,,48.77,Benign,21.329
19,33792755,33792757,CEBPA; CEBPA-DT,c.564_566del; c.522_524del; c.207_209del; c.669_671del; n.-954_-952del,p.P175del; p.P70del; p.P189del; p.P224del,1.46,Likely Benign,0.595
19,45284236,45284236,CBLC,c.428A>G,p.K143R,8.71,Uncertain Significance,
19,45295729,45295729,CBLC,c.957G>A; c.1095G>A,p.P365P; p.P319P,49.88,Uncertain Significance,0.015
19,56180968,56180968,U2AF2,c.1191C>T; c.1203C>T,p.D397D; p.D401D,99.91,Benign,86.871
20,30946592,30946594,ASXL1,c.-508_-506del; c.25_27del; c.-947_-945del,p.K9del,0.61,Likely Benign,0.035
20,31022441,31022442,ASXL1,c.1934dup; c.1751dup; c.1919dup; c.1869+65dup,p.G646Wfs*12; p.G585Wfs*12; p.G641Wfs*12,1.52,Pathogenic,0.050
20,31022442,31022442,ASXL1,c.1919del; c.1869+65del; c.1934del; c.1751del,p.G645Vfs*58; p.G584Vfs*58; p.G640Vfs*58,0.88,Pathogenic,0.029
20,31022469,31022469,ASXL1,c.1771G>A; c.1869+85G>A; c.1939G>A; c.1954G>A,p.G591S; p.G647S; p.G652S,49.53,Benign,1.782
20,31022959,31022959,ASXL1,c.1869+575T>C; c.2429T>C; c.2261T>C *; c.2261T>C; c.2444T>C *,p.L754P; p.P815P; p.P754P; p.L810P,99.20,Benign,99.999
20,43251240,43251240,ADA,c.834T>C; c.167+230T>C; c.429T>C; c.831T>C; c.320+230T>C; c.912T>C; c.372T>C; c.762T>C; c.681T>C; c.897T>C; n.872+230T>C; c.909T>C; c.444T>C; c.759T>C; c.828T>C; c.903T>C,p.H253H; p.H143H; p.H276H; p.H277H; p.H254H; p.H299H; p.H278H; p.H124H; p.H301H; p.H303H; p.H148H; p.H304H; p.H227H,49.06,Likely Benign,0.434
20,43252915,43252915,ADA,c.609A>G; c.597A>G; c.217-1196A>G; c.531A>G; c.217-1344A>G; n.626A>G; c.381A>G; c.534A>G; c.129A>G; c.219-1344A>G; c.612A>G; c.66-1344A>G,p.V43V; p.V127V; p.V204V; p.V203V; p.V177V; p.V199V; p.V178V,50.37,Benign,20.183
20,43264927,43264927,ADA,c.-254G>A; n.128G>A; c.36G>A; c.99G>A; c.-115G>A; c.114G>A; c.-118G>A; c.111G>A,p.V33V; p.V12V; p.V37V; p.V38V,99.89,Benign,99.525
20,57478807,57478807,GNAS,c.393C>T; c.396C>T; c.*299C>T; c.174C>T; c.*296C>T; c.351C>T; c.2322C>T; c.2325C>T; c.*254C>T; c.66C>T; c.297C>T; c.*305C>T; c.219C>T; c.2277C>T; c.216C>T; c.348C>T,p.I775I; p.I117I; p.I72I; p.I116I; p.I73I; p.I759I; p.I132I; p.I131I; p.I58I; p.I22I; p.I99I; p.I774I,47.70,Benign,54.473
20,62292822,62292824,RTEL1-TNFRSF6B; RTEL1,c.-383_-381del; n.1114_1116del; c.287_289del,p.A96del,1.02,Uncertain Significance,0.025
20,62324289,62324289,RTEL1-TNFRSF6B; RTEL1,c.2784C>T; n.3611C>T; c.2115C>T; c.2856C>T,p.F928F; p.F952F; p.F705F,99.77,Benign,21.260
20,62326110,62326110,RTEL1-TNFRSF6B; RTEL1; TNFRSF6B,n.3953A>C; c.2457A>C; c.-2011A>C; c.3126A>C; c.3198A>C,p.Q1042H; p.Q819H; p.Q1066H,48.91,Benign,75.489
20,62326579,62326579,RTEL1-TNFRSF6B; RTEL1; TNFRSF6B,c.3571+5G>T; c.2830+5G>T; c.3499+5G>T; c.-1542G>T; n.4326+5G>T,,50.44,Benign,14.281
22,17690430,17690430,ADA2,c.-38-2250G>C; c.12G>C; c.138G>C,p.L46L; p.L4L,48.49,Benign,14.925
22,23523630,23523630,BCR,c.483C>A,p.I161I,47.05,Benign,28.124
22,23627369,23627369,BCR,c.2387A>G,p.N796S,50.26,Benign,81.784
22,23651619,23651619,BCR,c.3021G>A; c.2889G>A,p.P963P; p.P1007P,28.71,Likely Benign,0.202
22,23653880,23653880,BCR,c.3183-4G>A; c.3051-4G>A,,46.76,Benign,38.099
22,23653975,23653976,BCR,c.3143_3146dup; c.3275_3278dup,p.V1050Rfs*17; p.V1094Rfs*17,4.80,Uncertain Significance,0.280
22,23654017,23654017,BCR,c.3316G>A; c.3184G>A,p.D1062N; p.D1106N,4.95,Likely Pathogenic,0.024
22,23655131,23655131,BCR,c.3380C>T; c.3248C>T,p.T1127M; p.T1083M,0.65,Uncertain Significance,0.001
22,29083909,29083909,CHEK2,c.1608A>G; c.1737A>G; c.948A>G; c.1335A>G; c.945A>G; c.1521A>G; c.1407A>G,p.P316P; p.P579P; p.P469P; p.P536P; p.P315P; p.P445P; p.P507P,1.13,Uncertain Significance,0.000
22,29090054,29090054,CHEK2,c.1154C>T; c.764C>T; c.1427C>T; c.1226C>T; c.1340C>T; c.1556C>T; c.767C>T,p.T256M; p.T476M; p.T255M; p.T385M; p.T409M; p.T519M; p.T447M,3.04,Uncertain Significance,0.031
22,29091142,29091142,CHEK2,c.1261G>A; c.685G>A; c.1075G>A; c.1348G>A; c.688G>A; c.1477G>A; c.1147G>A,p.E421K; p.E229K; p.E359K; p.E383K; p.E493K; p.E450K; p.E230K,6.45,Likely Pathogenic,
22,30742328,30742330,SF3A1,c.364_366del,p.Q122del,1.12,Uncertain Significance,0.006
22,41551039,41551039,EP300,c.3183T>A; c.3105T>A,p.T1061T; p.T1035T,48.44,Benign,65.695
22,41566525,41566525,EP300,c.4408del; c.4330del,p.M1444Cfs*26; p.M1470Cfs*26,0.67,Pathogenic,
X,1314990,1314990,CRLF2,c.335C>T; c.671C>T; n.865C>T,p.P224L; p.P112L,48.94,Likely Benign,0.242
X,15343205,15343205,PIGA,n.660G>T; c.216G>T; n.376G>T; c.918G>T,p.L72L; p.L306L,1.49,Uncertain Significance,
X,15841311,15841311,ZRSR2,c.1317C>G; c.1395C>G,p.G465G; p.G439G,3.41,Likely Benign,
X,15841319,15841319,ZRSR2,c.1325G>A; c.1403G>A,p.R468K; p.R442K,6.31,Uncertain Significance,
X,34149267,34149267,FAM47A,c.1129G>T,p.A377S,99.37,Benign,20.016
X,39932907,39932907,BCOR,c.1692A>G,p.A564A,99.12,Benign,26.095
X,39933339,39933339,BCOR,c.1260T>C,p.D420D,97.35,Benign,89.920
X,44938563,44938563,KDM6A,c.2976G>A; c.2223G>A; n.3394G>A; c.3111G>A; c.2973G>A; c.3189G>A; c.3009G>A; c.3132G>A; c.3030G>A; c.2874G>A; c.3267G>A,p.Q958Q; p.Q1063Q; p.Q1010Q; p.Q741Q; p.Q1037Q; p.Q991Q; p.Q992Q; p.Q1044Q; p.Q1089Q; p.Q1003Q,97.89,Benign,24.273
X,47057647,47057647,UBA1,c.1-555A>G,,99.73,Benign,99.806
X,47062534,47062534,UBA1; INE1,c.1340G>A; n.-1713G>A,p.R447H,99.86,Benign,18.446
X,76937963,76937963,ATRX,c.2785C>G; c.2671C>G; c.2785C>G *; c.2671C>G *,p.Q929E; p.Q891E; p.E929E; p.E891E,99.37,Benign,38.534
X,129147079,129147079,BCORL1,c.331T>C *; c.331T>C,p.F111L; p.L111L,97.77,Benign,99.998
X,129159222,129159224,BCORL1,c.3957_3959del,p.E1324del,0.70,Uncertain Significance,0.001
X,130678467,130678467,IGSF1; OR13H1,c.420A>G; c.-913+34175T>C,p.V140V,99.81,Benign,64.296
X,130678844,130678844,IGSF1; OR13H1,c.797A>C; c.-913+33798T>G,p.Y266S,98.57,Benign,64.337
X,153994596,153994596,DKC1,n.471G>T; n.948G>T; c.-241G>T; c.369G>T; c.282G>T,p.T123T; p.T94T,99.58,Benign,99.752
X,153999117,153999117,DKC1,c.960T>G; n.1697T>G; n.1471T>G; n.1578T>G; c.879T>G; c.999T>G; c.390T>G; c.912T>G,p.I333M; p.I320M; p.I304M; p.I293M; p.I130M,1.06,Uncertain Significance,
X,154005089,154005091,DKC1,n.2091_2093del; c.903_905del; n.1984_1986del; c.1425_1427del; c.*738_*740del; n.2210_2212del; c.1512_1514del; c.1392_1394del; c.1473_1475del; c.1511_1513del; c.1497_1499del; c.*471_*473del,p.R504del; p.K476del; p.K500del; p.K505del; p.K492del; p.K465del; p.K302del,1.43,Likely Benign,0.380

