Chromosome,Position,End Position,Gene Symbol,Transcript Variant,Protein Variant,KBPosRun41 - Allele Fraction,Classification,gnomAD Frequency
1,12918885,12918885,PRAMEF2,c.21G>C,p.P7P,4.10,Likely Benign,0.393
1,12918891,12918891,PRAMEF2,c.27A>C,p.L9L,3.31,Benign,6.355
1,12919081,12919081,PRAMEF2,c.217C>T,p.L73F,4.22,Benign,10.838
1,12919587,12919587,PRAMEF2,c.327T>C,p.D109D,3.89,Benign,24.064
1,12919983,12919983,PRAMEF2,c.723G>A,p.R241R,4.27,Benign,10.815
1,12920007,12920007,PRAMEF2,c.747T>C,p.N249N,39.45,Likely Benign,0.020
1,12921114,12921114,PRAMEF2,c.905G>A,p.C302Y,1.96,Uncertain Significance,0.041
1,12921119,12921119,PRAMEF2,c.910A>T,p.N304Y,2.03,Uncertain Significance,0.194
1,12921127,12921127,PRAMEF2,c.918A>G,p.L306L,9.16,Benign,26.699
1,12921136,12921137,PRAMEF2,c.927_928delinsTG,p.L310V,5.55,Likely Pathogenic,
1,12921210,12921210,PRAMEF2,c.1001G>A,p.R334H,5.34,Uncertain Significance,0.066
1,12921332,12921333,PRAMEF2,c.1123_1124delinsCA,p.C375H,5.39,Uncertain Significance,
1,12921332,12921332,PRAMEF2,c.1123T>C,p.C375R,1.19,Benign,37.459
1,12921635,12921635,PRAMEF2,c.*1G>A,,1.45,Benign,7.865
1,35250457,35250457,GJB3,c.94C>T,p.R32W,4.91,Likely Benign,2.339
1,35250819,35250819,GJB3,c.456C>T,p.L152L,1.78,Uncertain Significance,
1,35250892,35250892,GJB3,c.529T>G,p.Y177D,47.96,Likely Benign,0.190
1,36933198,36933198,CSF3R,c.1919C>T; c.1523C>T,p.T508I; p.T640I,46.45,Uncertain Significance,0.048
1,36933539,36933539,CSF3R,c.1352G>A; c.1748G>A,p.R451H; p.R583H,43.58,Uncertain Significance,0.056
1,36937059,36937059,CSF3R,c.864T>C; c.1260T>C,p.T420T; p.T288T,48.80,Benign,55.798
1,36937065,36937065,CSF3R,c.1254T>C; c.858T>C,p.R286R; p.R418R,4.03,Benign,30.931
1,43805046,43805046,MPL,c.475A>G; c.496A>G,p.R159G; p.R166G,0.90,Uncertain Significance,
1,43805240,43805240,MPL,c.669A>G; c.690A>G,p.E223E; p.E230E,44.93,Benign,3.581
1,47685455,47685455,TAL1,c.933A>G; c.456A>G *; c.933A>G *,p.K311K; p.K152K,99.27,Benign,100.000
1,65303659,65303659,JAK1,c.2964G>A; c.2991G>A; c.3090G>A; c.3093G>A; c.2967G>A; c.3096G>A,p.K1030K; p.K1032K; p.K1031K; p.K989K; p.K988K; p.K997K,47.19,Benign,7.703
1,65306997,65306997,JAK1,c.2451del; c.2475del; c.2448del; c.2580del; c.2577del; c.2574del,p.K816Nfs*16; p.K817Nfs*16; p.K858Nfs*16; p.K859Nfs*16; p.K860Nfs*16; p.K825Nfs*16,1.13,Pathogenic,
1,65310489,65310489,JAK1,c.2199A>G; c.2067A>G; c.2070A>G; c.2193A>G; c.2196A>G,p.P690P; p.P733P; p.P689P; p.P731P; p.P732P,90.51,Benign,30.343
1,65335062,65335062,JAK1,c.579T>C; c.573T>C,p.A191A; p.A193A,45.93,Benign,7.793
1,65339111,65339111,JAK1,c.425del,p.K142Rfs*24; p.K142Rfs*26,1.23,Likely Pathogenic,
2,25457242,25457242,DNMT3A,c.2645G>A; c.1976G>A; n.3075G>A; c.2189G>A; c.2078G>A,p.R659H; p.R693H; p.R882H; p.R730H,4.80,Pathogenic,0.023
2,25469502,25469502,DNMT3A,n.1497G>A; c.597G>A; c.810G>A; c.699G>A; c.1266G>A,p.L270L; p.L422L; p.L199L; p.L233L,63.45,Benign,19.334
2,25469598,25469598,DNMT3A,c.501C>T; c.714C>T; n.1401C>T; c.1170C>T; c.603C>T,p.S238S; p.S201S; p.S167S; p.S390S,45.80,Likely Benign,0.039
2,25994412,25994413,ASXL2,c.404-4dup; c.230-4dup; c.-377-4dup; c.401-4dup,,39.70,Benign,23.466
2,26022277,26022277,ASXL2,c.380A>G; c.377A>G; c.206A>G,p.K127R; p.K126R; p.K69R,44.94,Benign,4.980
2,47637246,47637246,MSH2,n.408A>G; c.-1241A>G; c.-616A>G; c.-1286A>G; c.320A>G; c.-1089A>G; c.-41A>G; c.380A>G; c.182A>G; c.366+1552A>G; n.416A>G; c.-939A>G; c.-1158A>G,p.N61S; p.N107S; p.N127S,45.56,Benign,0.753
2,47739551,47739551,KCNK12; MSH2,n.2748A>G; n.3260A>G; c.*133A>G; c.1847A>G; n.2622A>G; c.2324A>G; n.3103A>G; n.2974A>G; n.2913A>G; c.1388A>G; n.2630A>G; c.2744A>G; n.2575A>G; c.2594A>G; c.2711A>G; n.2780A>G; c.*8495T>C,p.Q904R; p.Q915R; p.Q865R; p.Q616R; p.Q463R; p.Q775R,42.22,Benign,42.795
2,48010488,48010488,MSH6; ENSG00000304164,c.-984G>A; c.-468G>A; c.116G>A; c.-69+118G>A; c.-879G>A; c.-791G>A; c.-724G>A; n.-653C>T; c.-424G>A; c.-890G>A; c.-1233G>A; c.-38+118G>A; c.-1134G>A; c.-213G>A; c.-37-7578G>A; n.205G>A; c.-695G>A; c.-794G>A; c.-467G>A; c.-813G>A; c.-621G>A; c.-1399G>A; c.-280+118G>A; c.61G>A,p.G21R; p.G39E,42.04,Benign,18.288
2,48030639,48030640,MSH6,c.2355dup; c.2871dup; c.42dup; n.3451dup; n.3522dup; c.2397dup; c.108dup; n.3350dup; c.1206dup; c.3267dup; c.3173-86dup; n.2191dup; c.3357dup; c.2736dup; c.3183dup; c.3173-2110dup; c.3093dup; c.1695dup; c.2964dup; c.3261dup,p.F403Lfs*5; p.F15Lfs*5; p.F1032Lfs*5; p.F1062Lfs*5; p.F1088Lfs*5; p.F800Lfs*5; p.F913Lfs*5; p.F958Lfs*5; p.F1090Lfs*5; p.F989Lfs*5; p.F1120Lfs*5; p.F786Lfs*5; p.F37Lfs*5; p.F566Lfs*5,1.11,Pathogenic,0.006
2,48030640,48030640,MSH6,c.3093del; c.3261del; c.2355del; c.3267del; c.3183del; c.3173-2110del; c.108del; n.3451del; c.3173-86del; c.2964del; c.2397del; c.3357del; n.3522del; c.2871del; n.3350del; c.1206del; n.2191del; c.42del; c.2736del; c.1695del,p.F786Sfs*2; p.F913Sfs*2; p.F958Sfs*2; p.F1088Sfs*2; p.F37Sfs*2; p.F989Sfs*2; p.F1032Sfs*2; p.F1090Sfs*2; p.F566Sfs*2; p.F800Sfs*2; p.F1120Sfs*2; p.F403Sfs*2; p.F1062Sfs*2; p.F15Sfs*2,1.20,Pathogenic,0.001
2,61720156,61720156,XPO1,c.1278A>C; c.885A>C; c.1233A>C; c.777A>C; c.921A>C; c.1062A>C; c.1002A>C,p.K307N; p.K426N; p.K259N; p.K411N; p.K334N; p.K354N; p.K295N,3.22,Uncertain Significance,
2,198257795,198257795,SF3B1,c.3657A>G,p.V1219V,50.02,Benign,66.086
2,198265526,198265526,SF3B1,c.2631T>C,p.G877G,50.21,Benign,66.033
2,198283305,198283305,SF3B1,c.423A>G,p.K141K,51.37,Benign,66.128
2,204732714,204732714,CTLA4,c.49A>G; c.121A>G,p.T17A; p.T41A,95.33,Uncertain Significance,41.611
2,204736106,204736106,CTLA4,c.457+450G>A; c.463G>A; c.110-1325G>A; c.535G>A,p.E155K; p.E179K,5.69,Uncertain Significance,
3,10088253,10088266,FANCD2,c.1135-11_1137del,,0.72,Likely Pathogenic,
3,10088266,10088266,FANCD2,c.1137G>T,p.V379V,15.40,Benign,18.180
3,10088299,10088299,FANCD2,c.1170C>T,p.S390S,18.37,Benign,25.706
3,10088308,10088308,FANCD2,c.1179T>C,p.T393T,18.54,Benign,26.856
3,10088343,10088343,FANCD2,c.1214A>G,p.N405S,18.05,Benign,25.717
3,10089723,10089723,FANCD2,c.1401G>A,p.T467T,3.52,Benign,41.841
3,10089738,10089738,FANCD2,c.1413+3A>G,,3.72,Benign,39.278
3,10091084,10091084,FANCD2,c.1440T>C,p.H480H,0.92,Likely Benign,0.029
3,10106408,10106408,FANCD2,c.2022-5C>T; c.1911-5C>T,,1.02,Likely Benign,0.051
3,10106532,10106532,FANCD2,c.2030C>T; c.2141C>T,p.P677L; p.P714L,3.06,Benign,14.696
3,10107090,10107090,FANCD2,c.2181G>A; c.2070G>A,p.P690P; p.P727P,1.44,Likely Benign,0.032
3,10107113,10107113,FANCD2,c.2204G>A; c.2093G>A,p.R735Q; p.R698Q,2.98,Likely Pathogenic,0.002
3,10107147,10107147,FANCD2,c.2238C>T; c.2127C>T,p.N746N; p.N709N,4.39,Uncertain Significance,0.003
3,10107168,10107168,FANCD2,c.2148T>C; c.2259T>C,p.D753D; p.D716D,2.53,Uncertain Significance,0.003
3,10142949,10142949,FANCD2OS; FANCD2,c.*43+2933G>A; c.*3C>T,,10.25,Benign,32.842
3,105389153,105389153,CBLB,n.3129T>C; c.2547T>C; n.2886T>C; c.2550T>C; n.2930T>C; n.2751T>C; c.2697T>C; n.2975T>C; c.1284T>C; n.2841T>C; c.1701T>C; c.1833T>C; n.2641T>C; c.1686T>C; c.1554T>C; c.2613T>C; c.2481T>C; c.2466T>C; c.1293T>C; c.2334T>C,p.P431P; p.P562P; p.P871P; p.P778P; p.P899P; p.P822P; p.P428P; p.P567P; p.P611P; p.P850P; p.P827P; p.P849P; p.P518P,4.83,Benign,22.367
3,105422844,105422844,CBLB,c.252G>A; c.801G>A; n.1986G>A; n.1623G>A; c.1665G>A; c.1647G>A; n.1920G>A; n.1660G>A; n.2004G>A; n.1872G>A; c.1581G>A; n.1696G>A; c.1434G>A; c.393G>A,p.T527T; p.T549T; p.T478T; p.T555T; p.T267T; p.T84T; p.T131T,49.94,Benign,72.630
3,105438957,105438957,CBLB,c.1341A>C; c.1425A>C; n.1420A>C; c.12A>C; n.1680A>C; c.1407A>C; n.1383A>C; n.1456A>C; c.153A>C; c.561A>C; c.1194A>C; n.1764A>C; n.1632A>C,p.L447L; p.L469L; p.L4L; p.L51L; p.L475L; p.L187L; p.L398L,4.30,Benign,22.577
3,105439026,105439026,CBLB,c.1356C>T; n.1351C>T; c.84C>T; n.1695C>T; n.1563C>T; c.1338C>T; n.1611C>T; n.1314C>T; c.-58C>T; c.1272C>T; n.1387C>T; c.492C>T; c.1125C>T,p.D164D; p.D375D; p.D452D; p.D424D; p.D446D; p.D28D,4.17,Benign,22.469
3,128202754,128202754,GATA2,c.966C>T; c.1248C>T,p.Y416Y; p.Y322Y,0.96,Uncertain Significance,0.001
3,128204877,128204877,GATA2,c.564G>C; c.846G>C,p.T188T; p.T282T,4.85,Benign,4.144
3,128204951,128204951,GATA2,c.490G>A; c.772G>A,p.A164T; p.A258T,95.30,Uncertain Significance,19.632
3,128205860,128205860,GATA2; GATA2-AS1,n.-1615G>C; c.297C>G; c.15C>G; n.-1580G>C,p.P99P; p.P5P,96.00,Benign,66.313
3,183211906,183211906,KLHL6,c.1311T>C,p.N437N,90.15,Benign,55.874
3,187446211,187446211,LOC100131635; BCL6; ENSG00000228804,n.294-3948C>T; c.1477G>A,p.A493T,4.82,Benign,14.993
3,187447032,187447032,LOC100131635; BCL6; ENSG00000228804,n.294-3127G>A; c.1161C>T,p.N387N,5.15,Benign,64.365
3,187447701,187447701,LOC100131635; BCL6; ENSG00000228804,n.294-2458C>A; c.492G>T,p.E164D,4.93,Uncertain Significance,2.201
4,1801542,1801542,FGFR3,c.445+3A>G; n.720+3A>G,,42.79,Benign,3.765
4,1803251,1803251,FGFR3,n.878T>C; c.603T>C,p.I201I,42.96,Benign,3.689
4,1803704,1803704,FGFR3,c.882T>C; n.1157T>C,p.N294N,44.72,Benign,16.389
4,1807894,1807894,FGFR3,c.1956G>A; n.2379G>A; c.1959G>A; c.1953G>A; c.1617G>A,p.T651T; p.T652T; p.T539T; p.T653T,52.20,Benign,98.654
4,55141055,55141055,PDGFRA; ENSG00000282278,c.1740A>G; c.1776A>G; c.1701A>G; c.1018-37A>G,p.P580P; p.P592P; p.P567P,99.84,Benign,98.760
4,55143577,55143577,PDGFRA; ENSG00000282278,c.1089G>A; c.1848G>A; c.1809G>A; c.1884G>A,p.A363A; p.A603A; p.A628A; p.A616A,44.07,Benign,16.004
4,55152040,55152040,PDGFRA; ENSG00000282278,c.1752C>T; c.2511C>T; c.2547C>T; c.2472C>T,p.V584V; p.V824V; p.V837V; p.V849V,45.61,Benign,18.422
4,55161391,55161391,PDGFRA; ENSG00000282278,c.2502T>C; c.3261T>C; c.3222T>C; c.3297T>C,p.D834D; p.D1099D; p.D1087D; p.D1074D,99.94,Benign,99.911
4,57352505,57352505,SRP72; ENSG00000289393,n.1120G>A; c.918G>A; c.1101G>A; n.133-8568C>T,p.Q306Q; p.Q367Q,7.07,Uncertain Significance,0.000
4,57352521,57352522,SRP72; ENSG00000289393,n.133-8585_133-8584delinsAT; n.1136_1137delinsAT; c.934_935delinsAT; c.1117_1118delinsAT,p.A312I; p.A373I,0.68,Uncertain Significance,
4,106156289,106156291,TET2; TET2-AS1,n.319-57462_319-57460del; n.289-57462_289-57460del; c.1264_1266del; c.1201_1203del,p.P401del; p.P422del,0.57,Uncertain Significance,0.003
4,106196300,106196302,TET2; TET2-AS1,n.318+59241_318+59243del; n.288+59241_288+59243del; c.4643_4645del; n.166-13825_166-13823del; c.4706_4708del,p.Q1548del; p.Q1569del,0.69,Uncertain Significance,0.000
4,106196431,106196431,TET2; TET2-AS1,n.166-13954G>C; c.4827C>G; c.4764C>G; n.318+59112G>C; n.288+59112G>C,p.I1588M; p.I1609M,42.49,Uncertain Significance,0.002
4,106196829,106196829,TET2; TET2-AS1,n.288+58714A>C; c.5225T>G; n.318+58714A>C; c.5162T>G; n.166-14352A>C,p.L1721W; p.L1742W,36.83,Benign,11.548
4,153268227,153268228,FBXW7,c.585-5dup; c.345-5dup; c.231-5dup,,4.04,Benign,6.481
5,1254571,1254571,ENSG00000287486; TERT,c.3018C>T; n.289-218G>A; n.2915C>T; c.3207C>T; n.2879C>T,p.A1069A; p.A1006A,42.33,Uncertain Significance,0.016
5,1294086,1294086,TERT; ENSG00000300381,c.915G>A; n.-1168C>T; n.994G>A,p.A305A,4.18,Benign,27.537
5,1294222,1294222,TERT; ENSG00000300381,n.-1032C>T; c.779G>A; n.858G>A,p.G260D,47.45,Likely Benign,0.006
5,35861068,35861068,IL7R,c.197T>C; n.284T>C,p.I66T,46.23,Benign,62.570
5,35871190,35871190,IL7R,c.412G>A; n.499G>A,p.V138I,94.34,Benign,64.899
5,35873605,35873605,IL7R,c.561G>A; n.625-2009G>A,p.K187K,43.59,Benign,1.244
5,35874575,35874575,IL7R,n.625-1039C>T; c.731C>T; c.706+825C>T,p.T244I,4.44,Uncertain Significance,23.062
5,149447806,149447808,CSF1R,n.1723_1725del; c.1596_1598del; n.1652_1654del; c.1152_1154del,p.L537del; p.L389del,0.89,Uncertain Significance,0.005
5,149450132,149450132,CSF1R,n.1212A>G; c.1085A>G; c.892A>G; n.1141A>G; c.641A>G,p.H214R; p.H362R; p.T298A,44.54,Benign,9.706
5,149457678,149457678,CSF1R,n.853C>T; c.282C>T; c.726C>T; n.782C>T,p.T242T; p.T94T,46.79,Benign,50.924
5,149459831,149459831,CSF1R,n.432C>T; c.-69C>T; c.376C>T; n.503C>T,p.P126S,1.31,Uncertain Significance,
5,149460553,149460553,CSF1R,c.-361T>C; c.84T>C; n.211T>C; n.140T>C,p.P28P,48.70,Benign,48.014
5,149495395,149495395,PDGFRB,c.3252A>G; c.2769A>G; c.3060A>G,p.P1084P; p.P923P; p.P1020P,51.57,Benign,34.047
5,149497177,149497177,PDGFRB,c.2945+4A>G; c.3137+4A>G; c.2654+4A>G,,96.14,Benign,34.877
5,149497228,149497228,PDGFRB,c.2898C>T; c.3090C>T; c.2607C>T,p.P1030P; p.P869P; p.P966P,45.77,Benign,7.705
5,149499672,149499672,PDGFRB,c.2601A>G; c.2118A>G; c.2409A>G,p.L706L; p.L803L; p.L867L,5.09,Benign,28.272
5,176636882,176636882,NSD1,c.1062C>T; c.1173C>T; c.729C>T; c.1482C>T; c.609C>T,p.C203C; p.C354C; p.C243C; p.C494C; p.C391C,93.03,Benign,30.155
5,176636915,176636915,NSD1,c.1206T>C; c.762T>C; c.1095T>C; c.642T>C; c.1515T>C,p.N365N; p.N214N; p.N402N; p.N254N; p.N505N,43.52,Likely Benign,0.215
5,176637471,176637471,NSD1,c.1318G>A; c.2071G>A; c.1762G>A; c.1651G>A; c.1198G>A,p.A440T; p.A551T; p.A400T; p.A588T; p.A691T,5.70,Likely Benign,2.066
5,176637576,176637576,NSD1,c.1867T>C; c.1303T>C; c.2176T>C; c.1423T>C; c.1756T>C,p.S435P; p.S623P; p.S726P; p.S475P; p.S586P,5.03,Benign,19.986
5,176638506,176638506,NSD1,c.2797G>C; c.2686G>C; c.2353G>C; c.3106G>C; c.2233G>C,p.A785P; p.A896P; p.A745P; p.A1036P; p.A933P,4.45,Likely Benign,2.339
5,176639105,176639105,NSD1,c.2952T>C; c.3705T>C; c.2832T>C; c.3285T>C; c.3396T>C,p.N1095N; p.N984N; p.N1132N; p.N944N; p.N1235N,46.45,Benign,6.771
5,176675269,176675269,NSD1,c.4171del; c.3718del; c.3838del; c.4282del; c.4591del,p.M1240Cfs*43; p.M1280Cfs*43; p.M1428Cfs*43; p.M1391Cfs*43; p.M1531Cfs*43,0.68,Likely Pathogenic,
5,176721119,176721119,NSD1,c.5628G>A; c.1392G>A; c.5997G>A; c.6441G>A; c.6330G>A; c.5988G>A; c.6750G>A; c.5877G>A,p.M2250I; p.M1876I; p.M1996I; p.M2110I; p.M1999I; p.M2147I; p.M464I; p.M1959I,4.34,Benign,4.697
5,176721151,176721151,NSD1,c.6362T>C; c.6020T>C; c.6473T>C; c.6029T>C; c.6782T>C; c.5909T>C; c.1424T>C; c.5660T>C,p.M1887T; p.M1970T; p.M2261T; p.M2010T; p.M2121T; p.M2158T; p.M2007T; p.M475T,4.67,Benign,4.693
5,176721198,176721198,NSD1,c.5956T>C; c.1471T>C; c.6067T>C; c.6829T>C; c.6076T>C; c.5707T>C; c.6520T>C; c.6409T>C,p.L1986L; p.L2174L; p.L1903L; p.L491L; p.L2137L; p.L2277L; p.L2026L; p.L2023L,99.90,Benign,82.274
5,176940384,176940384,DDX41,c.822C>T; c.1200C>T,p.R274R; p.R400R,99.86,Benign,41.586
6,18139214,18139214,TPMT; ENSG00000307971,c.474T>C *; n.268-10505G>A; c.474C>T,p.I158I,54.11,Benign,76.396
6,33287898,33287900,DAXX,c.1389_1391del; c.1128_1130del; c.1353_1355del,p.E457del; p.E382del; p.E469del,0.70,Uncertain Significance,0.031
6,33288271,33288271,DAXX,c.1173T>C; c.912T>C; c.1137T>C,p.Y379Y; p.Y304Y; p.Y391Y,5.03,Benign,29.226
7,2946461,2946461,CARD11,c.3276A>G,p.R1092R,47.20,Benign,51.281
7,2951824,2951824,CARD11,c.3126T>C,p.I1042I,43.48,Benign,6.497
7,2957005,2957005,CARD11,c.2622A>G,p.P874P,95.35,Benign,30.863
7,2959172,2959172,CARD11,c.2344C>T,p.L782L,89.14,Benign,7.993
7,2962293,2962293,CARD11,c.2244G>C,p.T748T,89.28,Benign,7.596
7,2963941,2963943,CARD11,c.1864_1866del,p.S622del,1.27,Uncertain Significance,0.001
7,2968291,2968291,CARD11,c.1695C>T,p.A565A,45.24,Benign,0.774
7,2969680,2969680,CARD11,c.1599C>T,p.D533D,5.27,Benign,18.940
7,2974165,2974165,CARD11,c.1440G>A,p.S480S,43.29,Benign,2.221
7,2976767,2976767,CARD11,c.1245C>T,p.D415D,4.44,Benign,16.318
7,6026775,6026775,PMS2,c.1513A>G; c.1645A>G; c.850A>G; c.1423A>G; c.1465A>G; c.1048A>G; c.1453A>G; c.1147A>G; c.804-4153A>G; c.1303A>G; c.1618A>G; c.1255A>G; c.1108A>G; c.1312A>G; n.1708A>G; c.1807A>G; c.1285A>G; c.1621A>G; c.803+10182A>G; c.1216A>G; c.1297A>G; c.1060A>G; c.688A>G; c.1156A>G,p.K429E; p.K603E; p.K433E; p.K489E; p.K541E; p.K230E; p.K383E; p.K505E; p.K549E; p.K386E; p.K354E; p.K475E; p.K540E; p.K350E; p.K370E; p.K419E; p.K435E; p.K284E; p.K406E; p.K438E; p.K485E,98.91,Benign,84.429
7,6026988,6026988,PMS2,c.835C>T; c.1594C>T; c.1084C>T; c.1042C>T; c.1003C>T; c.1405C>T; c.1240C>T; n.1495C>T; c.1300C>T; c.934C>T; c.1090C>T; c.475C>T; c.1252C>T; c.803+9969C>T; c.1099C>T; c.895C>T; c.847C>T; c.1072C>T; c.1210C>T; c.943C>T; c.804-4366C>T; c.637C>T; c.1432C>T; c.1408C>T,p.P470S; p.P159S; p.P434S; p.P478S; p.P418S; p.P414S; p.P299S; p.P279S; p.P312S; p.P364S; p.P283S; p.P469S; p.P348S; p.P335S; p.P367S; p.P404S; p.P315S; p.P213S; p.P532S; p.P362S; p.P358S,48.11,Benign,38.600
7,6027002,6027002,PMS2,c.1238A>G; c.1070A>G; c.821A>G; c.920A>G; c.1058A>G; c.989A>G; c.1394A>G; c.623A>G; c.1580A>G; n.1481A>G; c.1196A>G; c.1028A>G; c.804-4380A>G; c.1076A>G; c.881A>G; c.803+9955A>G; c.1226A>G; c.461A>G; c.929A>G; c.1418A>G; c.833A>G; c.1085A>G; c.1391A>G; c.1286A>G,p.K274R; p.K294R; p.K307R; p.K359R; p.K343R; p.K278R; p.K399R; p.K464R; p.K362R; p.K310R; p.K330R; p.K208R; p.K527R; p.K357R; p.K353R; p.K409R; p.K429R; p.K413R; p.K473R; p.K465R; p.K154R,0.98,Likely Benign,0.002
7,6036980,6036980,PMS2,c.780C>G; c.966C>G; c.-154C>G; c.471C>G; c.444C>G; c.672C>G; c.267C>G; c.804C>G; c.705+1759C>G; c.132+5104C>G; c.375C>G; c.207C>G; c.612C>G; c.777C>G; n.867C>G; c.537+5104C>G; c.462C>G,p.S157S; p.S125S; p.S89S; p.S148S; p.S69S; p.S322S; p.S204S; p.S224S; p.S268S; p.S260S; p.S259S; p.S154S,99.93,Benign,80.387
7,6043613,6043613,PMS2,c.-113C>T; c.-245C>T; c.25C>T; c.-63C>T; c.-142C>T; n.327C>T; c.-645C>T; c.-341C>T; c.426C>T; c.-192C>T; c.-52-1346C>T; c.-156C>T; c.240C>T; c.-166C>T,p.F80F; p.F142F; p.R9*,9.32,Likely Benign,0.007
7,6043666,6043666,PMS2,c.-219G>A; c.-116G>A; c.-29G>A; c.373G>A; c.-52-1399G>A; c.-245G>A; c.-195G>A; n.274G>A; c.-166G>A; c.-298G>A; c.-209G>A; c.-394G>A; c.187G>A; c.-698G>A,p.V63M; p.V125M,2.42,Uncertain Significance,0.000
7,50467767,50467767,ENSG00000285165; IKZF1,c.573C>A; c.543C>A; c.801C>A; c.417C>A; c.711C>A; c.585C>A; n.29G>T; c.615C>A; c.1062C>A; c.876C>A; c.1002C>A; c.312C>A; c.741C>A; c.480C>A; c.447C>A,p.P160P; p.P292P; p.P195P; p.P354P; p.P191P; p.P181P; p.P334P; p.P267P; p.P247P; p.P104P; p.P237P; p.P149P; p.P205P; p.P139P,5.01,Benign,17.935
7,55249063,55249063,EGFR-AS1; EGFR,n.1238C>T; n.1201C>T; c.2226G>A; c.1560G>A; c.2202G>A; c.2361G>A,p.Q734Q; p.Q787Q; p.Q520Q; p.Q742Q,55.63,Benign,52.144
7,55266417,55266417,EGFR,c.2574T>C; c.2709T>C; c.1908T>C; c.2550T>C,p.T636T; p.T903T; p.T858T; p.T850T,87.48,Benign,89.426
7,92731759,92731760,SAMD9,c.3651dup,p.D1218*,42.67,Likely Benign,0.241
7,92732731,92732731,SAMD9,c.2680A>G,p.K894E,42.59,Benign,0.727
7,92733975,92733975,SAMD9,c.1436C>T,p.T479M,4.84,Benign,5.826
7,92734051,92734051,SAMD9,c.1360G>A,p.A454T,5.48,Benign,5.168
7,92734065,92734065,SAMD9,c.1346A>G,p.N449S,38.54,Benign,1.847
7,92734451,92734451,SAMD9,c.960T>C,p.Y320Y,94.02,Benign,37.879
7,92734983,92734983,SAMD9,c.428T>C,p.I143T,44.80,Benign,12.070
7,92760738,92760738,SAMD9L,c.4547A>C,p.N1516T,45.03,Benign,6.091
7,92762681,92762681,SAMD9L,c.2604T>C,p.A868A,43.84,Benign,17.871
7,92763372,92763372,SAMD9L,c.1913G>A,p.R638H,46.50,Likely Benign,0.254
7,92764489,92764489,SAMD9L,c.796G>A,p.V266I,4.36,Benign,10.898
7,92764982,92764982,SAMD9L,c.303G>A,p.Q101Q,44.33,Benign,22.980
7,101844851,101844851,CUX1,c.1207+5968A>G; c.1117+5968A>G; c.1255+5968A>G; c.1833A>G; c.1138+5968A>G; c.2139A>G; c.2274A>G; c.1249+5968A>G; c.2307A>G,p.P713P; p.P758P; p.P769P; p.P611P,41.22,Benign,35.327
7,101845066,101845066,CUX1,c.2354C>T; c.2522C>T; c.2048C>T; c.1207+6183C>T; c.1255+6183C>T; c.1117+6183C>T; c.1138+6183C>T; c.1249+6183C>T; c.2489C>T,p.P785L; p.P841L; p.P830L; p.P683L,42.55,Uncertain Significance,0.018
7,101892121,101892121,CUX1,c.3876G>A; c.1250-24516G>A; c.1256-24516G>A; c.1118-24516G>A; c.4182G>A; c.1139-24516G>A; c.1208-24516G>A; c.4350G>A; c.4317G>A,p.P1450P; p.P1394P; p.P1292P; p.P1439P,57.83,Benign,48.426
7,101916647,101916647,CUX1,c.1260A>G; c.1266A>G *; c.1218A>G *; c.1149A>G; c.1218A>G; c.1149A>G *; c.1266A>G; c.1128A>G *; c.1128A>G; c.1260A>G *,p.A383A; p.A422A; p.A376A; p.A420A; p.A406A,99.89,Benign,72.926
7,101917521,101917521,CUX1,c.1384G>A; c.1252G>A; c.1342G>A; c.1390G>A; c.1273G>A,p.A464T; p.A462T; p.A425T; p.A418T; p.A448T,99.83,Benign,56.358
7,103124207,103124207,RELN; SLC26A5-AS1,c.10074A>G; n.305-6418T>C; n.1366-20644T>C; n.308-29009T>C,p.A3358A,5.08,Benign,13.667
7,103136218,103136218,RELN; SLC26A5-AS1,n.308-16998G>A; c.9321C>T; n.1366-8633G>A,p.L3107L,83.38,Likely Benign,0.082
7,103155705,103155705,RELN,c.8046T>C,p.H2682H,93.97,Benign,46.782
7,103194196,103194196,RELN,c.5880A>G,p.T1960T,43.96,Likely Benign,0.038
7,103202405,103202406,RELN,c.5211-6_5211-5del,,0.87,Uncertain Significance,0.001
7,103230238,103230238,RELN,c.3950C>T,p.A1317V,1.44,Uncertain Significance,
7,103301976,103301977,RELN,c.1290-3dup,,1.62,Benign,0.535
7,103301977,103301977,RELN,c.1290-3del,,4.77,Likely Benign,0.024
7,103338537,103338537,RELN,c.906C>T,p.A302A,44.92,Likely Benign,0.087
7,103389908,103389908,RELN,c.621C>T,p.D207D,44.29,Likely Benign,0.169
7,103389954,103389954,RELN,c.578-3T>C,,87.66,Benign,49.219
7,103629803,103629804,RELN,c.-6_-1dup,,0.72,Benign,26.337
7,103629803,103629804,RELN,c.-9_-1dup,,39.54,Uncertain Significance,1.117
7,116339672,116339672,MET; COMETT,n.98+24780G>A; c.-91+27041C>T; c.534C>T,p.S178S,41.29,Benign,5.850
7,116340269,116340269,MET; COMETT,n.98+24183G>A; c.1131C>T; c.-91+27638C>T,p.I377I,44.97,Benign,2.054
7,116435768,116435768,MET,c.3858C>T; c.2568C>T; c.3912C>T,p.D856D; p.D1286D; p.D1304D,11.17,Benign,42.252
7,116436022,116436022,MET,c.4071G>A; c.4017G>A; c.2727G>A,p.A1339A; p.A1357A; p.A909A,11.36,Benign,42.426
7,116436097,116436097,MET,c.4146G>A; c.4092G>A; c.2802G>A,p.P1382P; p.P934P; p.P1364P,9.29,Benign,42.451
7,127669857,127669857,LRRC4; SND1,c.837T>A; c.1779+38748A>T,p.S279S,49.70,Benign,30.888
7,139094365,139094366,FMC1-LUC7L2; LUC7L2,c.754_755del; c.748_749del; c.757_758del; c.955_956del,p.E253Rfs*34; p.E250Rfs*34; p.E319Rfs*34; p.E252Rfs*34,2.79,Likely Pathogenic,1.969
7,140426257,140426257,BRAF,c.*37T>C; c.2187T>C; c.2128-10421T>C,p.S729S,5.39,Benign,37.551
7,140434574,140434575,BRAF,c.2026-5dup; c.2017-5dup; c.2128-5dup; c.2062-5dup; c.1972-5dup; c.2127+5037dup; c.1864-5dup; c.2248-5dup; c.2137-5dup,,2.86,Likely Benign,
7,140434575,140434576,BRAF,c.2017-6_2017-5del; c.2137-6_2137-5del; c.2128-6_2128-5del; c.1864-6_1864-5del; c.2127+5036_2127+5037del; c.1972-6_1972-5del; c.2062-6_2062-5del; c.2026-6_2026-5del; c.2248-6_2248-5del,,1.48,Uncertain Significance,
7,140449150,140449150,BRAF,c.1773A>G; c.1863A>G; c.2049A>G; c.1938A>G; c.1818A>G; c.1827A>G; c.1665A>G; c.1929A>G,p.G643G; p.G621G; p.G555G; p.G646G; p.G683G; p.G591G; p.G609G; p.G606G,51.29,Benign,21.181
7,140449164,140449164,BRAF,c.1849G>A; c.1651G>A; c.2035G>A; c.1759G>A; c.1915G>A; c.1804G>A; c.1813G>A; c.1924G>A,p.V587I; p.V642I; p.V679I; p.V602I; p.V605I; p.V639I; p.V617I; p.V551I,1.00,Likely Pathogenic,
7,148543694,148543695,EZH2,c.118-5_118-4del,,7.83,Likely Benign,0.254
7,148543694,148543694,EZH2,c.118-4del,,84.55,Benign,70.685
7,151836879,151836879,KMT2C; ENSG00000293764,c.14515-3del; c.13897-3del; n.-903del; c.14344-3del,,1.91,Uncertain Significance,0.003
7,151859683,151859683,KMT2C,c.10754C>T; c.10979C>T,p.S3585L; p.S3660L,40.56,Benign,4.664
7,151873853,151873853,KMT2C,c.8460G>A; c.8685G>A,p.Q2895Q; p.Q2820Q,49.26,Benign,25.284
7,151874147,151874148,KMT2C,c.8165dup; c.8390dup,p.E2798Gfs*11; p.E2723Gfs*11,1.13,Pathogenic,0.004
7,151874148,151874148,KMT2C,c.8165del; c.8390del,p.K2722Rfs*26; p.K2797Rfs*26,5.29,Pathogenic,0.195
7,151892636,151892636,KMT2C,c.4154-983T>C; c.4378+356T>C,,44.79,Uncertain Significance,1.233
7,151902216,151902216,KMT2C,c.3936C>T; c.3816C>T,p.S1272S; p.S1312S,0.62,Uncertain Significance,0.002
7,151921099,151921099,KMT2C,c.3203+1G>A; c.3323+1G>A,,1.20,Pathogenic,
7,151921114,151921114,KMT2C,c.3309T>A; c.3189T>A,p.C1063*; p.C1103*,0.94,Pathogenic,
7,151921255,151921255,KMT2C,c.3168G>A; c.3048G>A,p.W1056*; p.W1016*,10.94,Likely Pathogenic,
7,151921517,151921517,KMT2C,c.3038+3A>T; c.3158+3A>T,,0.97,Uncertain Significance,
7,151921586,151921586,KMT2C,c.3092G>T; c.2972G>T,p.S991I; p.S1031I,2.74,Uncertain Significance,
7,151927021,151927021,KMT2C,c.2963G>T; c.2843G>T,p.C988F; p.C948F,26.59,Benign,22.612
7,151927023,151927023,KMT2C,c.2961C>G; c.2841C>G,p.Y947*; p.Y987*,19.28,Likely Pathogenic,
7,151927025,151927025,KMT2C,c.2959T>C; c.2839T>C,p.Y987H; p.Y947H,38.59,Benign,38.544
7,151927026,151927026,KMT2C,c.2838A>G; c.2958A>G,p.P986P; p.P946P,6.98,Benign,23.424
7,151927067,151927067,KMT2C,c.2797A>G; c.2917A>G,p.R973G; p.R933G,20.47,Likely Pathogenic,
7,151932916,151932916,KMT2C,c.2635G>C; c.2755G>C,p.V919L; p.V879L,1.46,Benign,8.783
7,151932945,151932945,KMT2C,c.2606G>A; c.2726G>A,p.R909K; p.R869K,0.77,Benign,5.100
7,151932965,151932965,KMT2C,c.2706G>A; c.2586G>A,p.S902S; p.S862S,0.82,Benign,17.096
7,151935798,151935799,KMT2C,c.2645_2646delinsCA; c.2533-2781_2533-2780delinsCA,p.I882T,35.00,Uncertain Significance,
7,151935866,151935866,KMT2C,c.2533-2848C>T; c.2578C>T,p.P860S,28.30,Likely Pathogenic,
7,151935871,151935871,KMT2C,c.2533-2853G>T; c.2573G>T,p.W858L,28.38,Likely Pathogenic,
7,151945007,151945007,KMT2C,c.2515G>A; c.2512G>A,p.G838S; p.G839S,50.75,Benign,49.408
7,151945071,151945072,KMT2C,c.2447dup; c.2450dup,p.Y816*; p.Y817*,22.97,Benign,48.670
7,151945101,151945101,KMT2C,c.2421C>G; c.2418C>G,p.S807S; p.S806S,0.80,Benign,20.838
7,151945140,151945140,KMT2C,c.2379G>A; c.2382G>A,p.S794S; p.S793S,26.23,Benign,43.539
7,151945215,151945215,KMT2C,c.2304A>G; c.2307A>G,p.S769S; p.S768S,14.06,Likely Benign,3.158
7,151945256,151945256,KMT2C,c.2263C>T; c.2266C>T,p.Q756*; p.Q755*,7.32,Likely Pathogenic,0.563
7,151945313,151945313,KMT2C,c.2209T>C; c.2206T>C,p.L736L; p.L737L,1.02,Likely Benign,0.147
7,151962257,151962257,KMT2C,c.1053G>A; c.1050G>A,p.P351P; p.P350P,6.54,Uncertain Significance,0.100
7,151962265,151962265,KMT2C,c.1042G>A; c.1045G>A,p.D348N; p.D349N,6.06,Uncertain Significance,0.033
7,151962269,151962269,KMT2C,c.1041G>A; c.1038G>A,p.V347V; p.V346V,0.73,Uncertain Significance,0.012
7,151962290,151962290,KMT2C,c.1020G>C; c.1017G>C,p.K339N; p.K340N,12.87,Uncertain Significance,0.008
7,151970797,151970797,KMT2C,c.1008T>A; c.1005T>A,p.P336P; p.P335P,9.20,Uncertain Significance,0.244
7,151970835,151970835,KMT2C,c.967A>G; c.970A>G,p.I323V; p.I324V,4.72,Uncertain Significance,0.016
7,151970856,151970856,KMT2C,c.946A>T; c.949A>T,p.T317S; p.T316S,78.34,Benign,50.094
7,151970859,151970859,KMT2C,c.943G>A; c.946G>A,p.G315S; p.G316S,3.76,Likely Benign,0.425
7,151970877,151970877,KMT2C,c.925C>T; c.928C>T,p.P309S; p.P310S,6.70,Uncertain Significance,0.519
7,151970911,151970911,KMT2C,c.891C>T; c.894C>T,p.C297C; p.C298C,4.09,Uncertain Significance,0.000
7,151970924,151970924,KMT2C,c.878C>T; c.881C>T,p.A294V; p.A293V,6.16,Uncertain Significance,0.000
7,151970931,151970931,KMT2C,c.871C>T; c.874C>T,p.L291F; p.L292F,62.96,Benign,49.945
7,151970951,151970951,KMT2C,c.854G>A; c.851G>A,p.R284Q; p.R285Q,12.64,Likely Benign,0.327
7,152132743,152132746,KMT2C; FABP5P3,n.-1237_-1234del; n.-37_-34del; c.126_129del,p.D43Afs*61; p.D43Afs*62,1.23,Likely Pathogenic,
7,152132812,152132812,KMT2C; FABP5P3,c.60G>A; n.33C>T; n.-1168C>T,p.E20E,5.30,Likely Benign,0.966
8,30915971,30915971,WRN,c.15del,p.K5Nfs*15,0.78,Likely Pathogenic,0.003
8,30924557,30924557,WRN,c.513C>T,p.C171C,48.25,Benign,70.808
8,30924590,30924590,WRN,c.546A>G,p.K182K,0.93,Uncertain Significance,
8,30945377,30945379,WRN,c.1530_1532del,p.E510del,0.66,Uncertain Significance,0.017
8,30969283,30969283,WRN,c.2241T>G,p.L747L,43.49,Likely Benign,0.276
8,30973957,30973957,WRN,c.2361G>T,p.L787L,4.94,Benign,45.121
8,30982451,30982451,WRN,c.2760A>G,p.K920K,2.36,Uncertain Significance,
8,30999280,30999280,WRN,c.3222G>T,p.L1074F,49.04,Benign,45.358
8,31024654,31024654,WRN,c.4099T>C,p.C1367R,8.85,Benign,23.683
8,41791592,41791592,KAT6A,c.4146G>A,p.T1382T,44.43,Likely Benign,0.052
8,41794934,41794934,KAT6A,c.3192G>A,p.T1064T,88.48,Benign,20.756
8,41834752,41834754,KAT6A,c.1135_1137del,p.S379del,0.85,Uncertain Significance,
8,90958422,90958422,NBN,c.1704A>G; c.2016A>G; c.1770A>G; c.1846-2828A>G; c.1947A>G,p.P568P; p.P672P; p.P649P; p.P590P,4.02,Benign,34.291
8,90967711,90967711,NBN,c.951T>C; c.1197T>C; c.885T>C,p.D295D; p.D399D; p.D317D,49.12,Benign,47.032
8,90982659,90982659,NBN,c.583A>C; c.585-5924A>C; c.829A>C,p.N195H; p.N277H,0.59,Uncertain Significance,
8,90990479,90990479,NBN,c.553G>C; c.307G>C,p.E185Q; p.E103Q,4.55,Benign,34.336
8,90995019,90995019,ENSG00000309953; NBN,c.-195G>A; c.-75-1268G>A; n.-1538C>T; c.102G>A,p.L34L,4.15,Benign,35.143
8,128750605,128750607,CASC11; MYC,c.-192_-190del; c.109_111del; c.151_153del; c.154_156del; n.-84_-82del,p.Q37del; p.Q51del; p.Q52del,0.77,Uncertain Significance,0.002
9,5050706,5050706,JAK2,c.489C>T; n.890C>T; c.-632C>T; n.973C>T; c.42C>T,p.H163H; p.H14H,45.06,Benign,32.549
9,5065003,5065003,JAK2,c.730C>G; c.-39C>G; n.1578C>G; n.1661C>G; c.1177C>G,p.L393V; p.L244V,41.64,Benign,0.788
9,5081780,5081780,JAK2,c.2043G>A; c.1275G>A; n.2891G>A; c.2490G>A; n.2974G>A,p.L681L; p.L425L; p.L830L,99.95,Benign,53.602
9,36840623,36840623,PAX5,c.1008C>T; c.921C>T; c.810C>T; c.878C>T; c.1110C>T; c.894C>T; c.597C>T; c.981C>T; c.1023C>T; c.786C>T; n.1274C>T; c.791C>T; n.1217C>T,p.T293I; p.Y336Y; p.Y327Y; p.Y307Y; p.Y262Y; p.Y341Y; p.Y199Y; p.Y298Y; p.Y370Y; p.T264I; p.Y270Y,11.13,Benign,86.447
9,86586806,86586808,HNRNPK-AS1; HNRNPK,n.139_141del; c.942_944del; c.870_872del; n.-193_-191del,p.P315del; p.P291del,0.67,Uncertain Significance,0.003
9,86586868,86586868,HNRNPK-AS1; HNRNPK,n.-142G>A; c.810C>T; n.190G>A; c.882C>T,p.P270P; p.P294P,0.84,Uncertain Significance,0.004
9,86586870,86586870,HNRNPK-AS1; HNRNPK,n.192G>T; c.880C>A; c.808C>A; n.-140G>T,p.P270T; p.P294T,0.94,Uncertain Significance,
9,86586872,86586872,HNRNPK-AS1; HNRNPK,c.806C>T; n.194G>A; c.878C>T; n.-138G>A,p.P293L; p.P269L,0.77,Uncertain Significance,0.000
9,86586877,86586877,HNRNPK-AS1; HNRNPK,n.199G>A; c.873C>T; c.801C>T; n.-133G>A,p.P291P; p.P267P,1.64,Uncertain Significance,
9,86586890,86586890,HNRNPK-AS1; HNRNPK,c.788G>A; c.860G>A; n.212C>T; n.-120C>T,p.R263Q; p.R287Q,1.26,Uncertain Significance,0.000
9,86586893,86586893,HNRNPK-AS1; HNRNPK,n.-117C>T; c.785G>A; c.857G>A; n.215C>T,p.R262H; p.R286H,7.02,Uncertain Significance,
9,86586904,86586912,HNRNPK-AS1; HNRNPK,c.766_774del; n.229_237del; c.838_846del; n.-103_-95del,p.Y256_D258del; p.Y280_D282del,7.49,Uncertain Significance,
9,133761001,133761001,ABL1,c.3381A>G; c.3324A>G,p.P1108P; p.P1127P,51.19,Benign,55.454
9,139390945,139390947,NOTCH1,c.7124_7126del; c.7244_7246del; c.4841_4843del; c.7130_7132del,p.P2375del; p.P2415del; p.P2377del; p.P1614del,1.07,Uncertain Significance,0.003
9,139391636,139391636,NOTCH1,c.4152C>T; c.6555C>T; c.6441C>T; c.6435C>T,p.D2185D; p.D2145D; p.D1384D; p.D2147D,94.68,Benign,61.822
9,139397707,139397707,NOTCH1,c.4980C>T; c.4974C>T; c.5094C>T; c.2691C>T,p.D1660D; p.D1658D; p.D897D; p.D1698D,89.99,Benign,44.879
9,139405261,139405261,NOTCH1,c.2474-4G>A; c.2588-4G>A; c.185-4G>A,,44.80,Benign,47.788
9,139407932,139407932,NOTCH1,c.-724T>C; c.2265T>C; c.2151T>C,p.N755N; p.N717N,44.70,Benign,40.508
9,139413269,139413269,NOTCH1,c.873C>T,p.Y291Y,45.10,Likely Benign,0.147
9,139413908,139413908,NOTCH1,c.852G>A,p.P284P,5.31,Benign,13.351
9,139418260,139418260,NOTCH1,c.312T>C,p.N104N,94.65,Benign,59.336
10,27303605,27303605,ANKRD26,c.4539T>A; c.4542T>A,p.F1514L; p.F1513L,75.91,Benign,21.930
10,27317778,27317778,ANKRD26,c.3969+3A>G; c.3972+3A>G,,45.67,Benign,11.082
10,27317840,27317840,ANKRD26,c.3910G>A; c.3913G>A,p.V1304I; p.V1305I,89.39,Benign,21.844
10,27322259,27322259,ANKRD26,c.3699del; c.3702del,p.K1233Nfs*19; p.K1234Nfs*19,0.63,Likely Pathogenic,
10,27333122,27333123,ANKRD26,c.1983-4_1983-3del; c.1986-4_1986-3del,,6.82,Uncertain Significance,0.422
10,27335399,27335399,ANKRD26,c.1865G>A; c.1868G>A,p.R622Q; p.R623Q,45.55,Benign,0.811
10,27337806,27337808,ANKRD26,c.1736_1738del,p.D579del,0.79,Likely Benign,0.003
10,27353007,27353007,ANKRD26,c.1273A>G,p.I425V,45.12,Benign,3.698
10,27369086,27369086,ANKRD26,c.741-996del,,2.97,Uncertain Significance,0.024
10,27381349,27381349,ANKRD26,c.624A>G,p.V208V,90.30,Benign,24.163
10,27389197,27389197,ANKRD26,c.59A>G,p.Q20R,95.11,Benign,89.948
10,27389314,27389314,ANKRD26,c.-59G>A,,43.85,Benign,7.705
10,27389395,27389395,ANKRD26,c.-140C>G,,5.42,Benign,6.401
10,72358577,72358577,PRF1; PALD1,c.900C>T; c.2419-67G>A; c.2250+34302G>A; c.2263-67G>A,p.H300H,94.99,Benign,64.107
10,89720649,89720649,PTEN,c.802-2A>T; c.895-2A>T; c.211-2A>T; c.1321-2A>T; c.757-2A>T,,0.64,Pathogenic,0.005
10,89720791,89720791,PTEN,c.1035A>G; c.897A>G; c.942A>G; c.351A>G; c.1461A>G,p.E487E; p.E345E; p.E299E; p.E117E; p.E314E,0.86,Uncertain Significance,
10,90762896,90762896,FAS,c.141G>A; n.220G>A; n.307G>A; n.450G>A; c.186G>A,p.Q62Q; p.Q47Q,44.57,Benign,0.674
10,90768676,90768676,FAS,n.531C>T; n.363-1620C>T; n.674C>T; n.276-1620C>T; c.410C>T; n.413+1082C>T; c.365C>T,p.T122I; p.T137I,41.26,Likely Benign,0.270
10,90771829,90771829,FAS,n.411T>C; n.612T>C; n.951T>C; n.538+1257T>C; n.474T>C; c.568+1257T>C; n.808T>C; n.549T>C; c.687T>C; n.561T>C; c.579T>C; c.642T>C,p.T193T; p.T229T; p.T214T,53.02,Benign,76.186
10,112357944,112357944,SMC3,c.2164G>A,p.E722K,2.25,Uncertain Significance,
10,112361870,112361870,SMC3,c.3039A>G,p.S1013S,99.77,Benign,99.598
10,123298158,123298158,FGFR2,n.984A>G; c.429A>G; c.696A>G; c.351A>G,p.V232V; p.V143V; p.V117V,4.57,Benign,78.012
10,123310871,123310871,FGFR2,c.290T>C; n.845T>C; c.557T>C; c.212T>C,p.M71T; p.M97T; p.M186T,44.75,Benign,5.172
11,534242,534242,HRAS,c.81T>C; c.-239T>C,p.H27H,4.52,Benign,31.879
11,30033191,30033191,KCNA4,c.1035C>T,p.G345G,43.38,Benign,17.601
11,30033224,30033224,KCNA4,c.1002C>T,p.D334D,43.42,Uncertain Significance,0.028
11,30033563,30033563,KCNA4,c.663del,p.F221Lfs*21,1.69,Uncertain Significance,0.000
11,30034029,30034031,KCNA4,c.195_197del,p.H65del,1.30,Uncertain Significance,0.006
11,32456298,32456298,WT1-AS; WT1,n.-1018G>A; n.-572G>A; n.-870G>A; n.-874G>A; c.-780C>T; n.-1072G>A; c.390C>T; n.-913G>A; n.-806G>A; n.-1048G>A; n.-827G>A; n.-1287G>A; n.-766G>A; c.-1089C>T; n.788C>T; n.-968G>A; n.-1041G>A; c.609C>T; n.-1009G>A,p.N130N; p.N203N,89.01,Benign,8.098
11,32456562,32456562,WT1-AS; WT1,n.-308G>A; n.-606G>A; c.126C>T; n.-610G>A; c.-1044C>T; n.-777G>A; n.-808G>A; c.-1353C>T; n.-754G>A; n.-745G>A; n.-563G>A; n.-1023G>A; n.-542G>A; c.345C>T; n.-502G>A; n.524C>T; n.-649G>A; n.-704G>A; n.-784G>A,p.P42P; p.P115P,5.69,Benign,24.419
11,32456694,32456694,WT1-AS; WT1,n.-891C>A; n.-572C>A; c.-1176G>T; n.-478C>A; c.-1485G>T; n.-431C>A; n.-410C>A; n.-370C>A; n.-613C>A; n.-676C>A; c.213G>T; n.-622C>A; n.-517C>A; n.-645C>A; n.392G>T; n.-474C>A; c.-7G>T; n.-176C>A; n.-652C>A,p.P71P,88.73,Benign,23.604
11,64535093,64535095,SF1,c.1665_1667del; c.945_947del; c.1290_1292del; c.1212_1214del,p.P556del; p.P316del; p.P431del; p.P405del,0.64,Uncertain Significance,0.000
11,72945341,72945341,P2RY2,c.137C>T,p.P46L,99.12,Benign,92.488
11,72946020,72946020,P2RY2,c.816C>T,p.R272R,53.46,Benign,56.602
11,72946140,72946140,P2RY2,c.936G>C,p.R312S,5.55,Benign,27.787
11,72946204,72946204,P2RY2,c.1000C>T,p.R334C,3.77,Benign,15.063
11,85968623,85968623,EED,c.619C>T; c.514C>T; c.799C>T,p.L172L; p.L267L; p.L207L,5.39,Benign,36.301
11,108043988,108043988,NPAT,c.1723G>A,p.V575I,49.04,Benign,60.114
11,108106443,108106443,ATM,c.378T>A,p.D126E,44.23,Benign,2.040
11,108129778,108129778,ATM,c.2442C>A,p.D814E,41.31,Likely Benign,0.240
11,108155205,108155205,ATM,c.3993+5G>T,,47.45,Likely Benign,0.091
11,108175462,108175462,ATM,c.5557G>A,p.D1853N,5.21,Benign,11.344
11,108183167,108183167,C11orf65; ATM,c.5948A>G; c.641-3369T>C; c.*39-3369T>C; c.5948A>G *,p.N1983S; p.S1983S,99.46,Benign,100.000
11,118307414,118307416,KMT2A; ENSG00000285827; ENSG00000255384,c.200_202del; c.214-10913_214-10911del; n.-1495_-1493del; c.-798-32063_-798-32061del; n.-1266_-1264del,p.A67del,0.79,Benign,0.792
11,118344494,118344495,KMT2A; ENSG00000285827,c.503-391_503-390del; c.2728_2729del; c.2629_2630del; c.1399_1400del,p.D877Pfs*8; p.D467Pfs*8; p.D910Pfs*8,0.60,Likely Pathogenic,0.000
11,118355642,118355642,KMT2A,c.4284A>C; c.4218+613A>C; c.4383A>C,p.I1428I; p.I1461I,5.33,Benign,4.911
11,118368665,118368665,KMT2A,c.5556A>G; c.5751A>G; c.5679A>G; c.5769A>G; c.5778A>G; c.5670A>G,p.L1893L; p.L1852L; p.L1923L; p.L1926L; p.L1917L; p.L1890L,4.50,Benign,4.863
11,118371786,118371786,KMT2A,c.6234C>T; c.6120C>T; c.6243C>T; c.6333C>T; c.6342C>T; c.6315C>T,p.V2105V; p.V2111V; p.V2078V; p.V2114V; p.V2081V; p.V2040V,45.45,Likely Benign,0.163
11,118373861,118373861,KMT2A,c.7131C>T; c.7344C>T; c.7353C>T; c.7245C>T; c.7326C>T; c.7254C>T,p.N2418N; p.N2451N; p.N2377N; p.N2442N; p.N2448N; p.N2415N,48.36,Benign,5.916
11,119077233,119077235,CBL,c.125_127del,p.H42del,1.95,Likely Benign,0.055
11,124413248,124413248,OR8B12,c.303C>T,p.F101F,40.27,Benign,0.552
11,124413261,124413261,OR8B12,c.290T>A,p.M97K,43.12,Benign,0.553
12,11992168,11992168,ETV6,c.-7G>A; c.258G>A; c.255G>A; c.231G>A,p.T77T; p.T86T; p.T85T,45.48,Benign,14.605
12,12006417,12006418,ETV6,c.391dup; c.364dup; c.388dup; c.127dup,p.S43Ffs*23; p.S130Ffs*23; p.S122Ffs*23; p.S131Ffs*23,0.79,Likely Pathogenic,
12,22811998,22811998,ETNK1,c.734G>A; c.467G>A,p.G245D; p.G156D,4.40,Uncertain Significance,0.000
12,25368462,25368462,KRAS,c.451-5617G>A; c.253-5617G>A; c.376-5617G>A; c.483G>A *; c.483G>A,p.R161R,99.79,Benign,99.949
12,50037071,50037071,PRPF40B; FMNL3,c.2169G>A; c.2241G>A; c.2163G>A; c.2271G>A; c.2079G>A; c.2274G>A; c.2190G>A; c.*2527C>T; c.2160G>A; c.1914G>A; c.*2639C>T; c.2193G>A; c.2082G>A,p.R694R; p.R693R; p.R730R; p.R721R; p.R720R; p.R731R; p.R723R; p.R758R; p.R747R; p.R757R; p.R638R,4.92,Uncertain Significance,1.435
12,111856443,111856443,SH2B3,c.494C>G,p.T165S,44.91,Benign,3.489
12,111856493,111856493,SH2B3,c.544T>C,p.F182L,45.33,Benign,3.180
12,111884608,111884608,SH2B3,c.178T>C; c.784T>C,p.W60R; p.W262R,99.86,Benign,66.803
12,111885352,111885356,SH2B3,c.630+24_630+28del; c.1236+24_1236+28del,,23.05,Benign,35.879
13,19748181,19748181,TUBA3C,c.1175A>T,p.D392V,1.45,Uncertain Significance,
13,19751274,19751274,TUBA3C,c.849C>T,p.H283H,18.38,Uncertain Significance,0.007
13,19751292,19751292,TUBA3C,c.831A>G,p.S277S,16.03,Uncertain Significance,0.005
13,19751301,19751301,TUBA3C,c.822G>A,p.P274P,15.22,Uncertain Significance,0.038
13,19751462,19751463,TUBA3C,c.660_661delinsAA,p.R221S,0.61,Uncertain Significance,
13,19751466,19751466,TUBA3C,c.657C>T,p.I219I,1.09,Uncertain Significance,0.002
13,19751544,19751544,TUBA3C,c.579G>A,p.T193T,46.71,Benign,27.350
13,19751586,19751586,TUBA3C,c.537G>A,p.T179T,2.20,Uncertain Significance,0.002
13,19753629,19753629,TUBA3C,c.78G>T,p.L26L,1.13,Uncertain Significance,
13,28608459,28608459,FLT3,c.1683A>G; n.1749A>G,p.L561L,8.55,Benign,7.897
13,28609813,28609814,FLT3,c.1419-4dup; n.1485-4dup,,2.69,Uncertain Significance,0.541
13,28609814,28609814,FLT3,c.1419-4del; n.1485-4del,,8.40,Uncertain Significance,0.286
13,28610183,28610183,FLT3,n.1376-3T>C; c.1310-3T>C,,4.98,Uncertain Significance,70.039
13,28624294,28624294,FLT3,n.746C>T; c.680C>T,p.T227M,13.15,Benign,59.806
13,28636084,28636084,FLT3,n.354C>T; c.288C>T,p.D96D,99.72,Benign,98.285
13,28674628,28674628,FLT3,c.20A>G; n.86A>G,p.D7G,42.12,Benign,36.228
13,32906729,32906729,BRCA2,n.1313A>C; c.424+1562A>C; c.745A>C; c.1114A>C,p.N372H; p.N249H,4.71,Benign,27.333
13,32907421,32907421,BRCA2,n.2012del; c.424+2261del; c.1444del; c.1813del,p.I605Yfs*9; p.I482Yfs*9,1.74,Pathogenic,0.003
13,32912299,32912299,BRCA2,c.425-6396T>C; c.3438T>C; c.1909+4775T>C; c.3807T>C; n.4006T>C,p.V1146V; p.V1269V,8.05,Benign,17.542
13,32913055,32913055,BRCA2,c.4563A>G; n.4762A>G; c.425-5640A>G; c.4194A>G; c.1909+5531A>G,p.L1398L; p.L1521L,84.13,Benign,99.275
13,32915005,32915005,BRCA2,c.425-3690G>C; c.1910-3690G>C; c.6144G>C; c.6513G>C; n.6712G>C,p.V2048V; p.V2171V,98.08,Benign,99.253
13,32929387,32929387,BRCA2,c.980T>C; c.7301T>C; c.7028T>C; c.7397T>C; n.7596T>C; c.2465T>C,p.V2343A; p.V2434A; p.V2466A; p.V327A; p.V822A,99.80,Benign,99.343
13,32954023,32954023,BRCA2,c.8941del; c.2680del; c.4165del; c.9046del; c.8728del; c.9001del; c.9097del; n.9360del,p.T1389Lfs*29; p.T3033Lfs*29; p.T2910Lfs*29; p.T3001Lfs*29; p.T3016Lfs*29; p.T2981Lfs*29; p.T894Lfs*29,1.78,Pathogenic,0.001
14,86088056,86088056,FLRT2,c.198T>C,p.T66T,98.95,Benign,99.769
14,86088848,86088848,FLRT2,c.990A>G,p.S330S,43.66,Benign,0.783
15,66727454,66727456,MAP2K1,c.170_172delinsGAT; c.104_106delinsGAT,p.K35_Q36delinsR*; p.K57_Q58delinsR*,2.25,Uncertain Significance,
15,74328116,74328116,PML,c.*1119A>G; c.*2167A>G; c.*35+1245A>G; c.*639A>G; c.2314A>G; c.1710+1245A>G; c.1566+1245A>G; c.1255-232A>G; c.2170A>G,p.S772G; p.S724G,51.30,Benign,52.387
15,74328141,74328141,PML,c.1710+1270G>T; c.*664G>T; c.*35+1270G>T; c.2195G>T; c.1566+1270G>T; c.1255-207G>T; c.*2192G>T; c.*1144G>T; c.2339G>T,p.G732V; p.G780V,10.49,Benign,36.446
15,74328206,74328206,PML,c.2260G>C; c.1710+1335G>C; c.*1209G>C; c.*35+1335G>C; c.1566+1335G>C; c.*729G>C; c.2404G>C; c.1255-142G>C; c.*2257G>C,p.A802P; p.A754P,43.60,Benign,12.085
15,74336656,74336656,ENSG00000287543; PML,n.-983G>A; c.1812C>T; c.1956C>T,p.A604A; p.A652A,43.95,Benign,2.420
15,82555242,82555242,EFL1; SAXO2,c.-170A>G; c.-784T>C; c.-260A>G; c.-54A>G; c.-307T>C; n.-167T>C; c.-1011T>C; n.84A>G; c.-376A>G; c.-432A>G; c.22A>G; c.-176A>G,p.S8G,5.75,Benign,19.105
15,82558034,82558034,SAXO2,c.178G>C; c.-20G>C; c.28+2505G>C; c.53+2761G>C; c.37G>C,p.A60P; p.A13P,80.85,Benign,61.085
15,82563991,82563991,SAXO2,c.28+8462C>T; c.56C>T; c.140C>T; c.281C>T; c.233+5902C>T; c.101C>T,p.P94L; p.P47L; p.P34L; p.P19L,49.61,Benign,43.935
15,82574879,82574879,SAXO2,c.712T>C; c.448T>C; c.673T>C; c.853T>C; c.628T>C; c.*410T>C,p.W210R; p.W150R; p.W285R; p.W225R; p.W238R,5.37,Benign,24.845
15,82575317,82575317,SAXO2,c.*848T>C; c.1066T>C; c.1111T>C; c.1291T>C; c.1150T>C; c.886T>C,p.S431P; p.S356P; p.S296P; p.S384P; p.S371P,44.59,Uncertain Significance,0.084
15,88576185,88576185,NTRK3,c.1464C>G; c.1194C>G; c.1170C>G; c.1488C>G,p.A488A; p.A398A; p.A496A; p.A390A,89.40,Benign,34.875
15,88679785,88679785,NTRK3,c.384C>T; c.678C>T *; c.678C>T,p.N226N; p.N128N,99.89,Benign,99.673
15,88680684,88680684,NTRK3,c.573C>T; c.279C>T,p.N191N; p.N93N,40.32,Benign,26.061
15,90628591,90628591,IDH2,c.996C>T; c.840C>T; c.606C>T,p.S332S; p.S280S; p.S202S,43.80,Benign,3.523
15,91304139,91304139,BLM,c.419del; c.1544del,p.N515Mfs*16; p.N140Mfs*16,4.80,Pathogenic,0.004
15,91304286,91304288,BLM,c.570_572del; c.1695_1697del,p.D566del; p.D191del,0.80,Uncertain Significance,0.002
15,91337479,91337479,BLM; ENSG00000300894,c.1977G>A; c.3102G>A; n.239+14166C>T,p.T659T; p.T1034T,89.21,Benign,15.995
15,91346923,91346923,BLM; ENSG00000300894,c.3358+5356C>A; c.3531C>A; n.239+4722G>T; c.2406C>A,p.A1177A; p.A802A,90.16,Benign,15.345
15,91354505,91354505,BLM,c.3552C>T; c.2820C>T; c.3945C>T,p.L1315L; p.L940L; p.L1184L,90.28,Benign,15.353
16,3778424,3778424,CREBBP,c.6624A>G; c.6510A>G,p.Q2208Q; p.Q2170Q,43.53,Likely Benign,0.323
16,3808052,3808053,CREBBP,c.3370-4dup; c.3256-4dup,,1.46,Benign,12.920
16,3808053,3808055,CREBBP,c.3256-6_3256-4del; c.3370-6_3370-4del,,2.34,Uncertain Significance,0.001
16,3808053,3808053,CREBBP,c.3370-4del; c.3256-4del,,65.24,Benign,25.610
16,3860640,3860640,CREBBP,c.939T>C,p.D313D,44.53,Benign,3.507
16,89805261,89805261,ZNF276; FANCA,c.4260+29T>C; c.4164T>C; n.2607A>G; c.4293T>C; n.2490A>G; c.*607A>G; n.2524A>G; c.4264+29T>C; n.2430A>G,p.H1388H; p.H1431H,98.03,Benign,70.470
16,89806347,89806347,ZNF276; FANCA,c.3934+55T>A; n.3693A>T; n.3516A>T; n.3576A>T; c.3805+55T>A; c.*1693A>T; n.3610A>T,,99.93,Benign,52.514
16,89831345,89831346,FANCA,c.2730_2731del,p.W911Dfs*31,0.60,Pathogenic,
16,89836323,89836323,FANCA,c.2426G>A,p.G809D,95.88,Benign,47.268
16,89849480,89849480,FANCA,c.1501G>A,p.G501S,94.95,Benign,50.407
16,89866043,89866043,FANCA,c.700A>G; c.796A>G,p.T234A; p.T266A,99.76,Benign,52.203
17,260142,260142,LIAT1; LOC105371430,c.9G>T; n.330+2778C>A,p.T3T,45.36,Benign,31.608
17,260182,260182,LIAT1; LOC105371430,n.330+2738A>G; c.49T>C,p.L17L,44.19,Benign,30.542
17,260299,260299,LIAT1; LOC105371430,n.330+2621C>T; c.166G>A,p.E56K,5.25,Benign,14.941
17,263235,263294,LIAT1; LOC105371430,c.304+2857_304+2916del; n.46-90_46-31del; c.660_719del,p.D220_P239del,25.26,Uncertain Significance,0.006
17,263294,263294,LIAT1; LOC105371430,c.304+2857C>G; n.46-90G>C; c.660C>G,p.D220E,4.26,Benign,23.003
17,263403,263403,LIAT1; LOC105371430,n.46-199G>T; c.769C>A; c.304+2966C>A,p.P257T,0.98,Uncertain Significance,0.001
17,263486,263486,LIAT1; LOC105371430,n.46-282A>G; c.852T>C; c.304+3049T>C,p.G284G,8.79,Likely Benign,0.112
17,263493,263642,LIAT1; LOC105371430,c.304+3056_304+3205del; c.859_1008del; n.45+134_45+283del,p.I287_H336del,2.95,Uncertain Significance,
17,263523,263523,LIAT1; LOC105371430,c.304+3086C>A; c.889C>A; n.45+247G>T,p.P297T,21.54,Uncertain Significance,0.005
17,263525,263525,LIAT1; LOC105371430,c.891C>T; n.45+245G>A; c.304+3088C>T,p.P297P,21.02,Likely Benign,0.007
17,263576,263576,LIAT1; LOC105371430,c.304+3139T>C; n.45+194A>G; c.942T>C,p.G314G,13.21,Likely Benign,0.215
17,263586,263645,LIAT1; LOC105371430,c.988_1047del; n.45+125_45+184del; c.304+3185_304+3244del,p.K330_P349del,6.42,Benign,1.576
17,263652,263652,LIAT1; LOC105371430,c.304+3215G>A; n.45+118C>T; c.1018G>A,p.E340K,30.58,Uncertain Significance,0.002
17,263666,263666,LIAT1; LOC105371430,c.304+3229C>T; n.45+104G>A; c.1032C>T,p.G344G,33.15,Uncertain Significance,
17,263673,263673,LIAT1; LOC105371430,c.304+3236C>A; n.45+97G>T; c.1039C>A,p.P347T,36.75,Uncertain Significance,
17,263675,263675,LIAT1; LOC105371430,c.304+3238C>T; c.1041C>T; n.45+95G>A,p.P347P,35.19,Likely Benign,
17,263682,263682,LIAT1; LOC105371430,c.304+3245G>A; n.45+88C>T; c.1048G>A,p.E350K,0.94,Uncertain Significance,0.001
17,263711,263711,LIAT1; LOC105371430,n.45+59G>A; c.304+3274C>T; c.1077C>T,p.P359P,0.51,Likely Benign,
17,1554770,1554770,PRPF8; RILP,c.6588T>C; c.-1672T>C; c.6453T>C; c.6441T>C,p.H2196H; p.H2151H; p.H2147H,91.16,Benign,11.332
17,1564292,1564292,PRPF8,c.4503T>C; c.4368T>C; c.4356T>C,p.L1501L; p.L1456L; p.L1452L,44.52,Likely Benign,0.117
17,1578939,1578939,PRPF8,c.2847G>A; c.2712G>A,p.P949P; p.P904P,95.82,Benign,21.339
17,1580929,1580929,PRPF8,c.1914C>G; c.1779C>G,p.L638L; p.L593L,95.88,Benign,21.727
17,1584324,1584324,PRPF8,c.891T>C,p.N297N,94.95,Benign,21.785
17,1585130,1585130,PRPF8,c.637T>C,p.L213L,95.53,Benign,18.802
17,7579472,7579472,TP53,c.98C>G; c.215C>G; c.-1020C>G; c.-939C>G; n.357C>G,p.P72R; p.P33R,53.17,Uncertain Significance,66.289
17,16842912,16842912,TNFRSF13B; ENSG00000307457,c.693T>C; n.270+3254A>G; c.831T>C,p.S277S; p.S231S,44.49,Benign,49.363
17,16843708,16843708,TNFRSF13B; ENSG00000307457,c.563A>T; n.270+4050T>A; c.425A>T,p.K188M; p.K142M,46.23,Benign,0.464
17,16855878,16855878,TNFRSF13B,c.81G>A; c.62-3581G>A,p.T27T,99.65,Benign,80.823
17,29490295,29490295,NF1,c.380G>A,p.G127E,1.16,Likely Pathogenic,
17,29508775,29508775,NF1,c.702G>A,p.L234L,10.50,Benign,62.010
17,29509641,29509641,NF1,c.846G>A,p.Q282Q,5.88,Benign,0.496
17,29528125,29528126,NF1,c.1133_1134delinsTTTCT,p.D378delinsVS,1.27,Likely Pathogenic,
17,29528142,29528142,NF1,c.1150T>C,p.F384L,5.63,Likely Pathogenic,
17,29541476,29541476,NF1,c.1430C>T; c.1445C>T; c.1400C>T,p.T482I; p.T477I; p.T467I,3.73,Pathogenic,
17,29553485,29553485,NF1,c.2079G>A; c.2034G>A; c.2064G>A,p.P678P; p.P693P; p.P688P,88.53,Benign,38.412
17,29554582,29554582,NF1,c.2397G>A; c.2367G>A; c.2412G>A,p.K799K; p.K789K; p.K804K,30.47,Uncertain Significance,
17,29554589,29554589,NF1,c.2419C>T; c.2374C>T; c.2404C>T,p.L802F; p.L792F; p.L807F,28.16,Pathogenic,
17,29683994,29683994,NF1,c.7692C>T; c.1911C>T; c.2319C>T; c.7755C>T; c.7737C>T; c.7785C>T,p.S2585S; p.S773S; p.S2595S; p.S2564S; p.S2579S; p.S637S,37.91,Likely Benign,0.349
17,30267331,30267331,SUZ12,c.301C>T,p.R101*,0.98,Likely Pathogenic,
17,30302736,30302737,SUZ12,c.754+15dup; c.823+15dup,,3.88,Uncertain Significance,2.207
17,30302737,30302738,SUZ12,c.754+14_754+15del; c.823+14_823+15del,,1.14,Uncertain Significance,0.001
17,30303572,30303572,SUZ12,c.856C>T; c.787C>T,p.R263*; p.R286*,1.41,Pathogenic,
17,30310124,30310124,SUZ12,c.954+1G>C; c.1023+1G>C,,0.94,Likely Pathogenic,
17,30323878,30323878,SUZ12,c.1856T>C; c.1787T>C,p.L596P; p.L619P,2.68,Uncertain Significance,
17,37922259,37922259,IKZF3,c.1080C>T; c.651C>T; c.1197C>T; c.1029C>T; c.912C>T; c.768C>T; c.573C>T; c.1095C>T; c.1212C>T; c.1314C>T; c.1053C>T; c.1146C>T; c.885C>T,p.S438S; p.S217S; p.S404S; p.S304S; p.S343S; p.S365S; p.S399S; p.S256S; p.S295S; p.S382S; p.S360S; p.S351S; p.S191S,6.80,Benign,40.115
17,40354794,40354794,STAT5B,c.2047A>C; c.2107A>C; c.2110A>C; c.2017A>C,p.I683L; p.I703L; p.I704L; p.I673L,5.82,Pathogenic,
17,40370235,40370236,STAT5B,c.1099dup; c.1102dup,p.Q368Pfs*9; p.Q367Pfs*9,0.97,Uncertain Significance,0.004
17,40370236,40370236,STAT5B,c.1099del; c.1102del,p.Q368Rfs*2; p.Q367Rfs*2,1.22,Uncertain Significance,0.000
17,40370345,40370345,STAT5B,c.993G>A; c.990G>A,p.T331T; p.T330T,45.32,Benign,0.487
17,41223094,41223094,BRCA1,c.310A>G; c.4903A>G; c.4759A>G; c.4711A>G; c.4900A>G; c.1387A>G; c.-98-20887A>G; c.1525A>G; c.3949A>G; c.4696A>G; c.1444A>G; c.4624A>G; c.5-7126A>G; c.4834A>G; c.4837A>G,p.S1587G; p.S1566G; p.S1317G; p.S104G; p.S463G; p.S482G; p.S1613G; p.S1571G; p.S1635G; p.S1634G; p.S1612G; p.S509G; p.S1542G,43.43,Benign,34.998
17,41234470,41234470,BRCA1,c.4095T>C; c.918T>C; c.-43-7932T>C; c.5-18502T>C; c.4182T>C; c.858T>C; c.-98-32263T>C; c.4308T>C; c.3420T>C; c.4167T>C; c.4230T>C; c.996T>C; c.999T>C,p.S1140S; p.S306S; p.S1394S; p.S1365S; p.S1410S; p.S1389S; p.S332S; p.S1436S; p.S333S; p.S286S,43.47,Benign,34.330
17,41244000,41244000,BRCA1,c.3470A>G; c.3422A>G; c.3335A>G; c.-43-17462A>G; c.5-28032A>G; c.707-951A>G; c.-99+33288A>G; c.3548A>G; c.3407A>G; c.647-951A>G; c.2660A>G; c.788-951A>G; c.785-951A>G,p.K1112R; p.K1157R; p.K1136R; p.K887R; p.K1183R; p.K1141R,42.10,Benign,34.855
17,41244435,41244435,BRCA1,c.-43-17897A>G; c.647-1386A>G; c.-99+32853A>G; c.2225A>G; c.3113A>G; c.2987A>G; c.5-28467A>G; c.788-1386A>G; c.785-1386A>G; c.2972A>G; c.3035A>G; c.2900A>G; c.707-1386A>G,p.E991G; p.E1038G; p.E996G; p.E742G; p.E1012G; p.E967G,43.51,Benign,34.300
17,41244936,41244936,BRCA1,c.2486C>T; c.787+1825C>T; c.2399C>T; c.2471C>T; c.646+1825C>T; c.706+1825C>T; c.5-28968C>T; c.784+1825C>T; c.1724C>T; c.2534C>T; c.-43-18398C>T; c.-99+32352C>T; c.2612C>T,p.P575L; p.P829L; p.P871L; p.P800L; p.P824L; p.P845L,85.75,Benign,41.275
17,41245237,41245237,BRCA1,c.2185T>C; c.5-29269T>C; c.706+1524T>C; c.646+1524T>C; c.784+1524T>C; c.2233T>C; c.-43-18699T>C; c.2170T>C; c.-99+32051T>C; c.2311T>C; c.1423T>C; c.2098T>C; c.787+1524T>C,p.L724L; p.L700L; p.L745L; p.L771L; p.L475L; p.L729L,45.03,Benign,34.216
17,41245466,41245466,BRCA1,c.706+1295C>T; c.1956C>T; c.1194C>T; c.1869C>T; c.2004C>T; c.-99+31822C>T; c.2082C>T; c.787+1295C>T; c.5-29498C>T; c.-43-18928C>T; c.784+1295C>T; c.646+1295C>T; c.1941C>T,p.S623S; p.S668S; p.S694S; p.S398S; p.S652S; p.S647S,40.87,Benign,34.860
17,41245471,41245471,BRCA1,c.1864G>A; c.706+1290G>A; c.-99+31817G>A; c.646+1290G>A; c.-43-18933G>A; c.5-29503G>A; c.784+1290G>A; c.2077G>A; c.1189G>A; c.1999G>A; c.787+1290G>A; c.1936G>A; c.1951G>A,p.D651N; p.D693N; p.D646N; p.D397N; p.D667N; p.D622N,45.60,Benign,5.800
17,41245587,41245587,BRCA1,c.646+1174del; c.1835del; c.1073del; c.1883del; c.1748del; c.-99+31701del; c.1961del; c.5-29619del; c.-43-19049del; c.787+1174del; c.784+1174del; c.706+1174del; c.1820del,p.K358Sfs*47; p.K583Sfs*47; p.K607Sfs*47; p.K628Sfs*47; p.K612Sfs*47; p.K654Sfs*47,1.62,Pathogenic,0.001
17,74732507,74732507,MFSD11; SRSF2,c.-1928A>G; c.-1812A>G; c.-733A>G; c.-1623A>G; n.573T>C; n.-1694A>G; c.402T>C; c.-1530A>G; c.-1645A>G; c.-738A>G; n.-209A>G; c.-1269A>G; c.366T>C,p.S122S; p.S134S,99.90,Benign,99.703
17,74732959,74732959,MFSD11; MIR636; SRSF2,n.-329C>A; n.244G>T; c.-1476G>T; c.-281G>T; c.-1171G>T; n.-1242G>T; c.-1078G>T; c.-817G>T; c.-286G>T; n.455C>A; c.-1360G>T; c.284C>A; c.-1193G>T,p.P95H,5.89,Pathogenic,0.010
17,74733099,74733099,MFSD11; MIR636; SRSF2,n.-1102G>A; c.-141G>A; n.-469C>T; c.-1336G>A; c.-1053G>A; n.315C>T; c.-938G>A; c.-146G>A; c.-1220G>A; c.-1031G>A; n.384G>A; c.144C>T; c.-677G>A,p.D48D,11.01,Benign,88.440
17,74733168,74733168,MFSD11; MIR636; SRSF2,c.-984G>A; n.246C>T; n.-1033G>A; c.-1151G>A; c.-77G>A; c.75C>T; c.-869G>A; n.-538C>T; c.-608G>A; n.453G>A; c.-962G>A; c.-72G>A; c.-1267G>A,p.T25T,45.73,Benign,0.960
18,42530560,42530560,SETBP1,c.1261del,p.R421Dfs*23,0.51,Uncertain Significance,
18,42531907,42531907,SETBP1,c.2602G>A,p.D868N,4.46,Pathogenic,
18,42532741,42532741,SETBP1,c.3436C>T,p.R1146W,1.13,Uncertain Significance,0.000
18,42532778,42532778,SETBP1,c.3473A>G,p.H1158R,0.97,Uncertain Significance,
18,42532923,42532923,SETBP1,c.3618T>C,p.H1206H,5.75,Likely Benign,0.667
18,42533130,42533130,SETBP1,c.3825A>G,p.S1275S,94.34,Benign,88.475
19,7711221,7711221,STXBP2,c.1443T>C; n.1458T>C; c.48T>C; c.1347T>C; c.1476T>C; c.1434T>C,p.D481D; p.D492D; p.D478D; p.D449D; p.D16D,90.15,Benign,42.083
19,7712277,7712277,STXBP2,c.1480A>G; c.1609A>G; c.1576A>G; c.1538+144A>G; n.1591A>G; c.181A>G; c.1567A>G,p.I61V; p.I494V; p.I523V; p.I526V; p.I537V,88.56,Benign,64.010
19,10262139,10262139,DNMT1,c.2152del; c.2200del; c.1837del,p.M613Cfs*59; p.M718Cfs*59; p.M734Cfs*59,0.62,Uncertain Significance,
19,10265312,10265312,DNMT1,c.1419A>G; c.1734A>G; c.1782A>G,p.T578T; p.T594T; p.T473T,99.69,Benign,99.074
19,10267077,10267077,DNMT1,c.1341A>G; c.1389A>G; c.1026A>G,p.P447P; p.P463P; p.P342P,45.79,Benign,51.810
19,17945471,17945471,JAK3,c.2259C>T,p.A753A,5.81,Likely Benign,1.033
19,17958777,17958777,JAK3,c.-36A>G,,95.13,Benign,21.329
19,33792732,33792737,CEBPA; CEBPA-DT,n.-993_-988del; c.542_547del; n.-985_-980del; n.-980_-975del; c.227_232del; c.584_589del; n.-1007_-1002del; c.689_694del,p.H76_P77del; p.H195_P196del; p.H181_P182del; p.H230_P231del,4.00,Uncertain Significance,0.013
19,33792755,33792757,CEBPA; CEBPA-DT,n.-967_-965del; c.564_566del; c.669_671del; n.-981_-979del; n.-954_-952del; c.522_524del; c.207_209del; n.-959_-957del,p.P175del; p.P70del; p.P189del; p.P224del,2.09,Likely Benign,0.595
19,45284236,45284236,CBLC,c.428A>G,p.K143R,10.78,Uncertain Significance,
19,45296832,45296832,CBLC,c.1101A>G; c.1239A>G,p.S413S; p.S367S,43.84,Benign,7.818
19,56180968,56180968,U2AF2,c.1191C>T; c.1203C>T,p.D397D; p.D401D,56.35,Benign,86.871
20,30946592,30946594,ASXL1; ENSG00000305457,c.-508_-506del; c.25_27del; c.-947_-945del; n.-631_-629del,p.K9del,0.65,Likely Benign,0.035
20,31021430,31021430,ASXL1,c.1246G>C; c.1429G>C; c.1414G>C,p.E477Q; p.E416Q; p.E472Q,45.15,Uncertain Significance,0.046
20,31022441,31022442,ASXL1,c.1934dup; c.1751dup; c.1919dup; c.1869+65dup,p.G646Wfs*12; p.G585Wfs*12; p.G641Wfs*12,1.26,Pathogenic,0.050
20,31022959,31022959,ASXL1,c.1869+575T>C; c.2429T>C; c.2261C>T *; c.2261T>C; c.2444C>T *,p.P815L; p.P754L; p.L754P; p.L810P,95.65,Benign,99.999
20,31023899,31023899,ASXL1,c.1869+1515C>T; c.3384C>T; c.3201C>T; c.3369C>T,p.D1123D; p.D1128D; p.D1067D,44.47,Likely Benign,0.049
20,31024274,31024274,ASXL1,c.3576T>C; c.3744T>C; c.1869+1890T>C; c.3759T>C,p.S1253S; p.S1192S; p.S1248S,3.85,Benign,41.808
20,43252915,43252915,ADA,c.609A>G; c.597A>G; c.217-1196A>G; c.531A>G; c.217-1344A>G; n.626A>G; c.381A>G; c.534A>G; c.129A>G; c.219-1344A>G; c.612A>G; c.66-1344A>G,p.V43V; p.V127V; p.V204V; p.V203V; p.V177V; p.V199V; p.V178V,88.86,Benign,20.183
20,43254298,43254298,ADA,c.73+799G>A; c.465G>A; c.66-2727G>A; c.217-2727G>A; c.217-2579G>A; c.387G>A; c.219-2727G>A; c.453G>A; c.237G>A; n.482G>A; c.468G>A; c.390G>A,p.V151V; p.V130V; p.V79V; p.V155V; p.V156V; p.V129V,46.55,Benign,3.142
20,43255220,43255220,ADA,c.65+2468A>G; c.218+2468A>G; c.236A>G; c.239A>G; c.-51A>G; c.216+2470A>G; n.331A>G; c.302A>G; c.86A>G; c.317A>G; c.314A>G,p.K80R; p.K79R; p.K29R; p.K106R; p.K105R; p.K101R,42.08,Benign,5.765
20,43264927,43264927,ADA,c.-254G>A; n.128G>A; c.36G>A; c.99G>A; c.-115G>A; c.114G>A; c.-118G>A; c.111G>A,p.V33V; p.V12V; p.V37V; p.V38V,99.90,Benign,99.525
20,57478807,57478807,GNAS,c.393C>T; c.396C>T; c.*299C>T; c.174C>T; c.*296C>T; c.351C>T; c.2322C>T; c.2325C>T; c.*254C>T; c.66C>T; c.297C>T; c.*305C>T; c.219C>T; c.2277C>T; c.216C>T; c.348C>T,p.I775I; p.I117I; p.I72I; p.I116I; p.I73I; p.I759I; p.I132I; p.I131I; p.I58I; p.I22I; p.I99I; p.I774I,43.20,Benign,54.473
20,62292822,62292824,RTEL1-TNFRSF6B; RTEL1,c.-383_-381del; n.1114_1116del; c.287_289del,p.A96del,0.99,Uncertain Significance,0.025
20,62305313,62305313,RTEL1-TNFRSF6B; RTEL1,c.117G>A; c.786G>A; n.1613G>A; c.858G>A,p.S262S; p.S286S; p.S39S,31.65,Benign,1.641
20,62305406,62305406,RTEL1-TNFRSF6B; RTEL1,n.1706T>C; c.210T>C; c.879T>C; c.951T>C,p.G293G; p.G70G; p.G317G,44.75,Benign,1.868
20,62305450,62305450,RTEL1-TNFRSF6B; RTEL1,c.250+4C>T; n.1746+4C>T; c.919+4C>T; c.991+4C>T,,1.66,Uncertain Significance,0.001
20,62309640,62309640,RTEL1-TNFRSF6B; RTEL1,c.309G>A; n.1805G>A; c.978G>A; c.1050G>A,p.E326E; p.E350E; p.E103E,4.45,Likely Benign,2.831
20,62319501,62319501,RTEL1-TNFRSF6B; RTEL1,c.1605G>A; c.936G>A; n.2432G>A; c.1677G>A,p.E535E; p.E312E; p.E559E,44.25,Likely Benign,0.043
20,62320968,62320968,RTEL1-TNFRSF6B; RTEL1,c.1992T>C; n.2819T>C; c.1323T>C; c.2064T>C,p.D688D; p.D664D; p.D441D,99.51,Benign,74.921
20,62321189,62321189,RTEL1-TNFRSF6B; RTEL1,c.2112C>T; c.1443C>T; c.2184C>T; n.2939C>T,p.D481D; p.D728D; p.D704D,5.02,Benign,7.736
20,62321655,62321655,RTEL1-TNFRSF6B; RTEL1,c.2274G>A; c.1605G>A; c.2346G>A; n.3101G>A,p.A535A; p.A758A; p.A782A,99.64,Benign,74.190
20,62321691,62321693,RTEL1-TNFRSF6B; RTEL1,c.2313_2315del; c.1644_1646del; n.3140_3142del; c.2385_2387del,p.E771del; p.E548del; p.E795del,4.78,Likely Benign,0.572
20,62322288,62322288,RTEL1-TNFRSF6B; RTEL1,c.2544T>C; c.2616T>C; n.3371T>C; c.1875T>C,p.P625P; p.P848P; p.P872P,99.82,Benign,75.007
20,62324289,62324289,RTEL1-TNFRSF6B; RTEL1,c.2784C>T; n.3611C>T; c.2115C>T; c.2856C>T,p.F928F; p.F952F; p.F705F,5.10,Benign,21.260
20,62324328,62324328,RTEL1-TNFRSF6B; RTEL1,n.3650G>C; c.2823G>C; c.2154G>C; c.2895G>C,p.E941D; p.E718D; p.E965D,45.10,Benign,1.056
20,62326110,62326110,RTEL1-TNFRSF6B; RTEL1; TNFRSF6B,n.3953A>C; c.2457A>C; c.-2011A>C; c.3126A>C; c.3198A>C,p.Q1042H; p.Q819H; p.Q1066H,99.30,Benign,75.489
22,17662793,17662793,ADA2,c.1359T>C; c.636T>C; c.1233T>C; c.999T>C; c.753T>C,p.Y251Y; p.Y453Y; p.Y411Y; p.Y212Y; p.Y333Y,5.30,Benign,25.903
22,17662917,17662917,ADA2,c.1114-5C>G; c.517-5C>G; c.634-5C>G; c.1240-5C>G; c.880-5C>G,,5.07,Benign,24.953
22,17669306,17669306,ADA2,c.644A>G; c.398A>G; c.281A>G; c.1004A>G; c.878A>G,p.H335R; p.H215R; p.H94R; p.H133R; p.H293R,48.40,Benign,34.448
22,17687992,17687992,ADA2,c.511C>T; c.151C>T; c.385C>T,p.R129W; p.R51W; p.R171W,44.25,Likely Benign,0.157
22,17690430,17690430,ADA2,c.-38-2250G>C; c.12G>C; c.138G>C,p.L46L; p.L4L,43.52,Benign,14.925
22,23627369,23627369,BCR,c.2387A>G,p.N796S,94.26,Benign,81.784
22,23631801,23631801,BCR; ENSG00000296232,c.2700T>C; n.291+600A>G,p.N900N,45.00,Benign,29.064
22,23631813,23631814,BCR; ENSG00000296232,c.2707+12dup; n.291+587dup,,39.61,Benign,28.676
22,23651619,23651619,BCR,c.3021G>A; c.2889G>A,p.P963P; p.P1007P,21.41,Likely Benign,0.202
22,23653975,23653976,BCR,c.3143_3146dup; c.3275_3278dup,p.V1050Rfs*17; p.V1094Rfs*17,13.97,Uncertain Significance,0.280
22,23654012,23654012,BCR,c.3311C>G; c.3179C>G,p.A1060G; p.A1104G,1.72,Uncertain Significance,0.001
22,23654017,23654017,BCR,c.3316G>A; c.3184G>A,p.D1062N; p.D1106N,12.87,Likely Pathogenic,0.024
22,23655084,23655084,BCR,c.3333C>T; c.3201C>T,p.D1067D; p.D1111D,4.68,Benign,18.052
22,24167513,24167513,SMARCB1,c.897G>A; c.759G>A; c.951G>A; c.924G>A; c.870G>A,p.S253S; p.S299S; p.S290S; p.S317S; p.S308S,5.29,Benign,11.202
22,29083909,29083909,CHEK2,c.1608A>G; c.1737A>G; c.948A>G; c.1335A>G; c.945A>G; c.1521A>G; c.1407A>G,p.P316P; p.P579P; p.P469P; p.P536P; p.P315P; p.P445P; p.P507P,4.56,Uncertain Significance,0.000
22,29090030,29090031,CHEK2,c.790_791delinsT; c.787_788delinsT; c.1177_1178delinsT; c.1579_1580delinsT; c.1450_1451delinsT; c.1363_1364delinsT; c.1249_1250delinsT,p.P263Cfs*8; p.P527Cfs*8; p.P455Cfs*8; p.P484Cfs*8; p.P264Cfs*8; p.P417Cfs*8; p.P393Cfs*8,1.32,Likely Pathogenic,
22,29090043,29090043,CHEK2,c.778G>A; c.1237G>A; c.1438G>A; c.1351G>A; c.1567G>A; c.1165G>A; c.775G>A,p.A451T; p.A413T; p.A523T; p.A259T; p.A389T; p.A480T; p.A260T,0.50,Uncertain Significance,0.001
22,29090054,29090054,CHEK2,c.1154C>T; c.764C>T; c.1427C>T; c.1226C>T; c.1340C>T; c.1556C>T; c.767C>T,p.T256M; p.T476M; p.T255M; p.T385M; p.T409M; p.T519M; p.T447M,10.75,Uncertain Significance,0.031
22,29091120,29091120,CHEK2,c.1499A>T; c.1370A>T; c.1169A>T; c.710A>T; c.1097A>T; c.1283A>T; c.707A>T,p.E236V; p.E500V; p.E366V; p.E457V; p.E237V; p.E390V; p.E428V,2.08,Uncertain Significance,
22,29091142,29091142,CHEK2,c.1261G>A; c.685G>A; c.1075G>A; c.1348G>A; c.688G>A; c.1477G>A; c.1147G>A,p.E421K; p.E229K; p.E359K; p.E383K; p.E493K; p.E450K; p.E230K,13.33,Likely Pathogenic,
22,30733111,30733111,SF3A1,c.2010G>T,p.V670V,41.01,Benign,19.521
22,30737771,30737771,SF3A1,c.981C>A,p.V327V,4.15,Benign,3.790
22,30742328,30742330,SF3A1,c.364_366del,p.Q122del,0.82,Uncertain Significance,0.006
22,41548008,41548008,EP300,c.2911A>G; c.2989A>G,p.I997V; p.I971V,56.80,Benign,29.946
22,41551039,41551039,EP300,c.3183T>A; c.3105T>A,p.T1061T; p.T1035T,52.21,Benign,65.695
22,41566525,41566525,EP300; EP300-AS1,c.4330del; n.249-940del; c.4408del,p.M1470Cfs*26; p.M1444Cfs*26,0.95,Pathogenic,
X,1314931,1314931,CRLF2,c.394G>A; c.730G>A; n.924G>A,p.V132M; p.V244M,6.05,Benign,6.094
X,1331495,1331495,CRLF2,c.-201C>G; c.33C>G; n.48C>G,p.A11A,9.93,Benign,21.325
X,15343205,15343205,PIGA,n.660G>T; c.216G>T; n.376G>T; c.918G>T,p.L72L; p.L306L,3.59,Uncertain Significance,
X,15838366,15838366,ZRSR2,c.864C>T; c.786C>T,p.N288N; p.N262N,82.31,Benign,52.758
X,15841311,15841311,ZRSR2,c.1317C>G; c.1395C>G,p.G465G; p.G439G,2.88,Likely Benign,
X,15841319,15841319,ZRSR2,c.1325G>A; c.1403G>A,p.R468K; p.R442K,7.72,Uncertain Significance,
X,34148806,34148844,FAM47A; ENSG00000233928,n.379-27336_379-27298del; n.390+54191_390+54229del; n.381+54191_381+54229del; n.495+54191_495+54229del; c.1552_1590del,p.R518_L530del,4.93,Benign,6.145
X,39932907,39932907,BCOR,c.1692A>G,p.A564A,80.73,Benign,26.095
X,39933339,39933339,BCOR,c.1260T>C,p.D420D,98.45,Benign,89.920
X,47057647,47057647,UBA1,c.1-555A>G,,99.82,Benign,99.806
X,47070524,47070524,UBA1,c.708C>T; c.2364C>T,p.A788A; p.A236A,80.30,Likely Benign,0.188
X,76812945,76812947,ATRX,c.6560_6562del; c.6674_6676del; c.1772_1774del,p.K2225del; p.K2187del; p.K591del,0.59,Uncertain Significance,
X,76907782,76907784,ATRX,c.4377_4379del; c.4263_4265del,p.E1464del; p.E1426del,0.52,Likely Benign,0.150
X,76937963,76937963,ATRX,c.2785C>G; c.2671C>G; c.2785G>C *; c.2671G>C *,p.Q929E; p.Q891E; p.E929Q; p.E891Q,91.67,Benign,38.534
X,129147079,129147079,BCORL1,c.331T>C *; c.331T>C,p.F111L; p.L111L,98.71,Benign,99.998
X,130678467,130678467,IGSF1; OR13H1,c.420A>G; c.-913+34175T>C,p.V140V,99.67,Benign,64.296
X,130678596,130678596,IGSF1; OR13H1,c.549C>G; c.-913+34046G>C,p.L183L,17.97,Benign,27.233
X,130678844,130678844,IGSF1; OR13H1,c.797A>C; c.-913+33798T>G,p.Y266S,98.34,Benign,64.337
X,153994596,153994596,DKC1,n.471G>T; n.948G>T; c.-241G>T; c.369G>T; c.282G>T,p.T123T; p.T94T,99.75,Benign,99.752
X,153999117,153999117,DKC1,c.960T>G; n.1697T>G; n.1471T>G; n.1578T>G; c.879T>G; c.999T>G; c.390T>G; c.912T>G,p.I333M; p.I320M; p.I304M; p.I293M; p.I130M,0.86,Uncertain Significance,
X,154005089,154005091,DKC1,n.2091_2093del; c.903_905del; n.1984_1986del; c.1425_1427del; c.*738_*740del; n.2210_2212del; c.1512_1514del; c.1392_1394del; c.1473_1475del; c.1511_1513del; c.1497_1499del; c.*471_*473del,p.R504del; p.K476del; p.K500del; p.K505del; p.K492del; p.K465del; p.K302del,1.54,Likely Benign,0.380

