Chromosome,Position,End Position,Gene Symbol,Transcript Variant,Protein Variant,Variants_passing_filters-2075D_S8 (paired) - Allele Fraction,Classification,gnomAD Frequency
1,12918885,12918885,PRAMEF2,c.21G>C,p.P7P,3.42,Likely Benign,0.393
1,12918891,12918891,PRAMEF2,c.27A>C,p.L9L,2.12,Benign,6.355
1,12921114,12921114,PRAMEF2,c.905G>A,p.C302Y,2.11,Uncertain Significance,0.041
1,12921119,12921119,PRAMEF2,c.910A>T,p.N304Y,2.08,Uncertain Significance,0.194
1,12921127,12921127,PRAMEF2,c.918A>G,p.L306L,4.21,Benign,26.699
1,12921136,12921137,PRAMEF2,c.927_928delinsTG,p.L310V,4.92,Likely Pathogenic,
1,12921499,12921499,PRAMEF2,c.1290C>G,p.F430L,0.65,Likely Benign,1.019
1,12921635,12921635,PRAMEF2,c.*1G>A,,15.94,Benign,7.865
1,36937059,36937059,CSF3R,c.864T>C; c.1260T>C,p.T420T; p.T288T,49.97,Benign,55.798
1,36937065,36937065,CSF3R,c.1254T>C; c.858T>C,p.R286R; p.R418R,46.32,Benign,30.931
1,47685455,47685455,TAL1,c.933A>G; c.456A>G *; c.933A>G *,p.K311K; p.K152K,98.60,Benign,100.000
1,47685578,47685578,TAL1,c.333G>A; c.810G>A,p.G111G; p.G270G,0.58,Uncertain Significance,
1,65306997,65306997,JAK1,c.2451del; c.2475del; c.2448del; c.2580del; c.2577del; c.2574del,p.K816Nfs*16; p.K817Nfs*16; p.K858Nfs*16; p.K859Nfs*16; p.K860Nfs*16; p.K825Nfs*16,0.52,Pathogenic,
1,65310489,65310489,JAK1,c.2199A>G; c.2067A>G; c.2070A>G; c.2193A>G; c.2196A>G,p.P690P; p.P733P; p.P689P; p.P731P; p.P732P,50.20,Benign,30.343
1,65311262,65311262,JAK1,c.2046C>T; c.2049C>T; c.1917C>T; c.1920C>T; c.2043C>T,p.S639S; p.S683S; p.S640S; p.S681S; p.S682S,49.55,Benign,15.025
1,65339111,65339111,JAK1,c.425del,p.K142Rfs*24; p.K142Rfs*26,1.10,Likely Pathogenic,
2,25469502,25469502,DNMT3A,n.1497G>A; c.597G>A; c.810G>A; c.699G>A; c.1266G>A,p.L270L; p.L422L; p.L199L; p.L233L,49.35,Benign,19.334
2,25994412,25994413,ASXL2,c.404-4dup; c.230-4dup; c.-377-4dup; c.401-4dup,,45.71,Benign,23.466
2,47643457,47643457,MSH2,c.-504G>A; c.905G>A; c.815G>A; n.843G>A; c.767G>A; c.545G>A; c.965G>A; c.932G>A; c.686G>A; n.851G>A; c.-573G>A; c.-701G>A; c.68G>A; n.1001G>A; c.-656G>A,p.G302D; p.G322D; p.G229D; p.G272D; p.G256D; p.G311D; p.G23D; p.G182D,49.25,Benign,1.384
2,47739551,47739551,KCNK12; MSH2,n.2748A>G; n.3260A>G; c.*133A>G; c.1847A>G; n.2622A>G; c.2324A>G; n.3103A>G; n.2974A>G; n.2913A>G; c.1388A>G; n.2630A>G; c.2744A>G; n.2575A>G; c.2594A>G; c.2711A>G; n.2780A>G; c.*8495T>C,p.Q904R; p.Q915R; p.Q865R; p.Q616R; p.Q463R; p.Q775R,49.76,Benign,42.795
2,48010488,48010488,MSH6; ENSG00000304164,c.-984G>A; c.-468G>A; c.116G>A; c.-69+118G>A; c.-879G>A; c.-791G>A; c.-724G>A; n.-653C>T; c.-424G>A; c.-890G>A; c.-1233G>A; c.-38+118G>A; c.-1134G>A; c.-213G>A; c.-37-7578G>A; n.205G>A; c.-695G>A; c.-794G>A; c.-467G>A; c.-813G>A; c.-621G>A; c.-1399G>A; c.-280+118G>A; c.61G>A,p.G21R; p.G39E,47.92,Benign,18.288
2,48010558,48010558,MSH6; ENSG00000304164,c.-37-7508C>A; c.-743C>A; c.-143C>A; c.-280+188C>A; c.-724C>A; n.-723G>T; c.186C>A; c.-397C>A; c.-1163C>A; c.-1329C>A; n.275C>A; c.-69+188C>A; c.-721C>A; c.-354C>A; c.-38+188C>A; c.-625C>A; c.-551C>A; c.-809C>A; c.-1064C>A; c.131C>A; c.-914C>A; c.-398C>A; c.-654C>A; c.-820C>A,p.A44D; p.R62R,50.32,Benign,13.829
2,48018081,48018081,MSH6,c.108A>G; c.-653A>G; c.-68-4952A>G; c.-719A>G; c.276A>G; n.365A>G; c.237+7472A>G; c.198A>G; c.-461A>G; c.-280+7449A>G; c.-279-7669A>G; c.-627A>G; c.-308A>G; c.-22A>G; c.372A>G,p.P92P; p.P66P; p.P36P; p.P124P,47.89,Benign,13.454
2,48023115,48023115,MSH6,c.-455T>C; c.238-2635T>C; c.243T>C; c.636T>C; c.-279-2635T>C; n.629T>C; c.540T>C; c.462T>C; c.372T>C; c.-363T>C; c.546T>C; c.15T>C,p.D180D; p.D212D; p.D81D; p.D182D; p.D154D; p.D5D; p.D124D,50.26,Benign,21.489
2,48030640,48030640,MSH6,c.3093del; c.3261del; c.2355del; c.3267del; c.3183del; c.3173-2110del; c.108del; n.3451del; c.3173-86del; c.2964del; c.2397del; c.3357del; n.3522del; c.2871del; n.3350del; c.1206del; n.2191del; c.42del; c.2736del; c.1695del,p.F786Sfs*2; p.F913Sfs*2; p.F958Sfs*2; p.F1088Sfs*2; p.F37Sfs*2; p.F989Sfs*2; p.F1032Sfs*2; p.F1090Sfs*2; p.F566Sfs*2; p.F800Sfs*2; p.F1120Sfs*2; p.F403Sfs*2; p.F1062Sfs*2; p.F15Sfs*2,1.03,Pathogenic,0.001
2,198257795,198257795,SF3B1,c.3657A>G,p.V1219V,99.84,Benign,66.086
2,198265526,198265526,SF3B1,c.2631T>C,p.G877G,99.83,Benign,66.033
2,198283305,198283305,SF3B1,c.423A>G,p.K141K,100,Benign,66.128
2,204736106,204736106,CTLA4,c.457+450G>A; c.463G>A; c.110-1325G>A; c.535G>A,p.E155K; p.E179K,5.21,Uncertain Significance,
3,10085536,10085536,FANCD2,c.1122A>G,p.V374V,29.91,Benign,10.511
3,10088266,10088266,FANCD2,c.1137G>T,p.V379V,12.93,Benign,18.180
3,10088299,10088299,FANCD2,c.1170C>T,p.S390S,16.29,Benign,25.706
3,10088308,10088308,FANCD2,c.1179T>C,p.T393T,16.91,Benign,26.856
3,10088343,10088343,FANCD2,c.1214A>G,p.N405S,16.63,Benign,25.717
3,10089723,10089723,FANCD2,c.1401G>A,p.T467T,2.46,Benign,41.841
3,10089738,10089738,FANCD2,c.1413+3A>G,,2.50,Benign,39.278
3,10091084,10091084,FANCD2,c.1440T>C,p.H480H,1.08,Likely Benign,0.029
3,10106408,10106408,FANCD2,c.2022-5C>T; c.1911-5C>T,,0.77,Likely Benign,0.051
3,10106532,10106532,FANCD2,c.2030C>T; c.2141C>T,p.P677L; p.P714L,46.84,Benign,14.696
3,10107147,10107147,FANCD2,c.2238C>T; c.2127C>T,p.N746N; p.N709N,0.52,Uncertain Significance,0.003
3,10107168,10107168,FANCD2,c.2148T>C; c.2259T>C,p.D753D; p.D716D,0.84,Uncertain Significance,0.003
3,10138069,10138069,FANCD2OS; FANCD2,c.4098T>G; c.3987T>G; c.*43+7813A>C; c.4059T>G,p.L1329L; p.L1366L; p.L1353L,48.94,Benign,18.717
3,10142949,10142949,FANCD2OS; FANCD2,c.*43+2933G>A; c.*3C>T,,48.79,Benign,32.842
3,105422844,105422844,CBLB,c.252G>A; c.801G>A; n.1986G>A; n.1623G>A; c.1665G>A; c.1647G>A; n.1920G>A; n.1660G>A; n.2004G>A; n.1872G>A; c.1581G>A; n.1696G>A; c.1434G>A; c.393G>A,p.T527T; p.T549T; p.T478T; p.T555T; p.T267T; p.T84T; p.T131T,99.61,Benign,72.630
3,105464766,105464766,CBLB,c.693C>T; c.60C>T; c.-540C>T; c.-513C>T; c.840C>T; n.955C>T; n.1263C>T; n.1131C>T; n.919C>T; c.906C>T; n.1179C>T; c.924C>T; n.882C>T,p.P231P; p.P20P; p.P280P; p.P302P; p.P308P,42.19,Likely Benign,1.489
3,128202754,128202754,GATA2,c.966C>T; c.1248C>T,p.Y416Y; p.Y322Y,0.75,Uncertain Significance,0.001
3,128205860,128205860,GATA2; GATA2-AS1,n.-1615G>C; c.297C>G; c.15C>G; n.-1580G>C,p.P99P; p.P5P,47.67,Benign,66.313
3,187447032,187447032,LOC100131635; BCL6; ENSG00000228804,n.294-3127G>A; c.1161C>T,p.N387N,99.27,Benign,64.365
4,1807894,1807894,FGFR3,c.1956G>A; n.2379G>A; c.1959G>A; c.1953G>A; c.1617G>A,p.T651T; p.T652T; p.T539T; p.T653T,99.80,Benign,98.654
4,55129831,55129831,PDGFRA; ENSG00000282278,c.368-3C>T; c.1018-11261C>T; c.407-3C>T; c.443-3C>T,,48.82,Benign,4.910
4,55130078,55130078,PDGFRA; ENSG00000282278,c.651T>C; c.612T>C; c.1018-11014T>C; c.687T>C,p.N204N; p.N217N; p.N229N,50.53,Benign,18.408
4,55133726,55133726,PDGFRA; ENSG00000282278,c.939T>G; c.1014T>G; c.1018-7366T>G; c.978T>G,p.G326G; p.G338G; p.G313G,47.94,Benign,18.274
4,55139771,55139771,PDGFRA; ENSG00000282278,c.1471T>C; c.1018-1321T>C; c.1432T>C; c.1507T>C,p.S478P; p.S491P; p.S503P,49.25,Benign,15.338
4,55141055,55141055,PDGFRA; ENSG00000282278,c.1740A>G; c.1776A>G; c.1701A>G; c.1018-37A>G,p.P580P; p.P592P; p.P567P,99.52,Benign,98.760
4,55143577,55143577,PDGFRA; ENSG00000282278,c.1089G>A; c.1848G>A; c.1809G>A; c.1884G>A,p.A363A; p.A603A; p.A628A; p.A616A,50.96,Benign,16.004
4,55152040,55152040,PDGFRA; ENSG00000282278,c.1752C>T; c.2511C>T; c.2547C>T; c.2472C>T,p.V584V; p.V824V; p.V837V; p.V849V,51.36,Benign,18.422
4,55161391,55161391,PDGFRA; ENSG00000282278,c.2502T>C; c.3261T>C; c.3222T>C; c.3297T>C,p.D834D; p.D1099D; p.D1087D; p.D1074D,99.87,Benign,99.911
4,55593464,55593464,KIT,c.1624A>C; c.1621A>C; c.1609A>C; c.1612A>C; c.1111A>C,p.M371L; p.M542L; p.M541L; p.M537L; p.M538L,48.80,Uncertain Significance,7.647
4,55602765,55602765,KIT,c.2583G>C; c.2451G>C; c.2586G>C; c.2577G>C; c.2076G>C; c.2574G>C; c.2571G>C; c.2589G>C,p.L857L; p.L862L; p.L861L; p.L863L; p.L692L; p.L859L; p.L858L; p.L817L,49.22,Benign,11.310
4,55972974,55972974,KDR,c.1416A>T,p.Q472H,99.85,Uncertain Significance,22.255
4,55979558,55979558,KDR,c.889G>A,p.V297I,50.24,Benign,10.959
4,57352505,57352505,SRP72; ENSG00000289393,n.1120G>A; c.918G>A; c.1101G>A; n.133-8568C>T,p.Q306Q; p.Q367Q,7.70,Uncertain Significance,0.000
4,57352521,57352522,SRP72; ENSG00000289393,n.133-8585_133-8584delinsAT; n.1136_1137delinsAT; c.934_935delinsAT; c.1117_1118delinsAT,p.A312I; p.A373I,0.68,Uncertain Significance,
4,106196770,106196770,TET2; TET2-AS1,c.5103G>A; n.166-14293C>T; n.318+58773C>T; c.5166G>A; n.288+58773C>T,p.M1701I; p.M1722I,51.01,Uncertain Significance,0.426
4,106196951,106196951,TET2; TET2-AS1,n.288+58592T>C; c.5284A>G; n.166-14474T>C; c.5347A>G; n.318+58592T>C,p.I1762V; p.I1783V,47.78,Benign,29.475
5,1293676,1293678,TERT; ENSG00000300381,n.1402_1404del; c.1323_1325del; n.-1570_-1568del,p.E441del,44.52,Likely Benign,0.172
5,1294665,1294665,TERT; ENSG00000300381,c.336del; n.415del; n.-583del,p.E113Rfs*15,1.27,Uncertain Significance,0.003
5,35861068,35861068,IL7R,c.197T>C; n.284T>C,p.I66T,46.59,Benign,62.570
5,35871190,35871190,IL7R,c.412G>A; n.499G>A,p.V138I,49.61,Benign,64.899
5,35874575,35874575,IL7R,n.625-1039C>T; c.731C>T; c.706+825C>T,p.T244I,52.33,Uncertain Significance,23.062
5,149447806,149447808,CSF1R,n.1723_1725del; c.1596_1598del; n.1652_1654del; c.1152_1154del,p.L537del; p.L389del,1.03,Uncertain Significance,0.005
5,149457678,149457678,CSF1R,n.853C>T; c.282C>T; c.726C>T; n.782C>T,p.T242T; p.T94T,49.10,Benign,50.924
5,149459831,149459831,CSF1R,n.432C>T; c.-69C>T; c.376C>T; n.503C>T,p.P126S,1.25,Uncertain Significance,
5,149460553,149460553,CSF1R,c.-361T>C; c.84T>C; n.211T>C; n.140T>C,p.P28P,49.21,Benign,48.014
5,170827157,170827159,NPM1,c.525-5136_525-5134del; c.247-7553_247-7551del; c.346_348del; c.244_246del; c.259-7534_259-7532del; c.538_540del; n.510_512del,p.D180del; p.D82del; p.D116del,0.72,Uncertain Significance,0.008
5,176675269,176675269,NSD1,c.4171del; c.3718del; c.3838del; c.4282del; c.4591del,p.M1240Cfs*43; p.M1280Cfs*43; p.M1428Cfs*43; p.M1391Cfs*43; p.M1531Cfs*43,0.54,Likely Pathogenic,
5,176721198,176721198,NSD1,c.5956T>C; c.1471T>C; c.6067T>C; c.6829T>C; c.6076T>C; c.5707T>C; c.6520T>C; c.6409T>C,p.L1986L; p.L2174L; p.L1903L; p.L491L; p.L2137L; p.L2277L; p.L2026L; p.L2023L,99.63,Benign,82.274
5,176721272,176721272,NSD1,c.6030G>C; c.6903G>C; c.6141G>C; c.6594G>C; c.6483G>C; c.6150G>C; c.5781G>C; c.1545G>C,p.G2010G; p.G2198G; p.G2050G; p.G2161G; p.G1927G; p.G515G; p.G2047G; p.G2301G,99.75,Benign,18.678
5,176940384,176940384,DDX41,c.822C>T; c.1200C>T,p.R274R; p.R400R,48.59,Benign,41.586
6,18139214,18139214,TPMT; ENSG00000307971,n.268-10505G>A; c.474C>T; c.474C>T *,p.I158I,99.42,Benign,76.396
6,33287898,33287900,DAXX,c.1389_1391del; c.1128_1130del; c.1353_1355del,p.E457del; p.E382del; p.E469del,0.67,Uncertain Significance,0.031
6,33288271,33288271,DAXX,c.1173T>C; c.912T>C; c.1137T>C,p.Y379Y; p.Y304Y; p.Y391Y,50.55,Benign,29.226
7,2946461,2946461,CARD11,c.3276A>G,p.R1092R,44.90,Benign,51.281
7,2963941,2963943,CARD11,c.1864_1866del,p.S622del,0.94,Uncertain Significance,0.001
7,2966383,2966383,CARD11,c.1797A>G,p.L599L,0.67,Uncertain Significance,
7,2969680,2969680,CARD11,c.1599C>T,p.D533D,50.35,Benign,18.940
7,6026775,6026775,PMS2,c.1513A>G; c.1645A>G; c.850A>G; c.1423A>G; c.1465A>G; c.1048A>G; c.1453A>G; c.1147A>G; c.804-4153A>G; c.1303A>G; c.1618A>G; c.1255A>G; c.1108A>G; c.1312A>G; n.1708A>G; c.1807A>G; c.1285A>G; c.1621A>G; c.803+10182A>G; c.1216A>G; c.1297A>G; c.1060A>G; c.688A>G; c.1156A>G,p.K429E; p.K603E; p.K433E; p.K489E; p.K541E; p.K230E; p.K383E; p.K505E; p.K549E; p.K386E; p.K354E; p.K475E; p.K540E; p.K350E; p.K370E; p.K419E; p.K435E; p.K284E; p.K406E; p.K438E; p.K485E,46.66,Benign,84.429
7,6026988,6026988,PMS2,c.835C>T; c.1594C>T; c.1084C>T; c.1042C>T; c.1003C>T; c.1405C>T; c.1240C>T; n.1495C>T; c.1300C>T; c.934C>T; c.1090C>T; c.475C>T; c.1252C>T; c.803+9969C>T; c.1099C>T; c.895C>T; c.847C>T; c.1072C>T; c.1210C>T; c.943C>T; c.804-4366C>T; c.637C>T; c.1432C>T; c.1408C>T,p.P470S; p.P159S; p.P434S; p.P478S; p.P418S; p.P414S; p.P299S; p.P279S; p.P312S; p.P364S; p.P283S; p.P469S; p.P348S; p.P335S; p.P367S; p.P404S; p.P315S; p.P213S; p.P532S; p.P362S; p.P358S,48.69,Benign,38.600
7,6036980,6036980,PMS2,c.780C>G; c.966C>G; c.-154C>G; c.471C>G; c.444C>G; c.672C>G; c.267C>G; c.804C>G; c.705+1759C>G; c.132+5104C>G; c.375C>G; c.207C>G; c.612C>G; c.777C>G; n.867C>G; c.537+5104C>G; c.462C>G,p.S157S; p.S125S; p.S89S; p.S148S; p.S69S; p.S322S; p.S204S; p.S224S; p.S268S; p.S260S; p.S259S; p.S154S,47.34,Benign,80.387
7,6043613,6043613,PMS2,c.-113C>T; c.-245C>T; c.25C>T; c.-63C>T; c.-142C>T; n.327C>T; c.-645C>T; c.-341C>T; c.426C>T; c.-192C>T; c.-52-1346C>T; c.-156C>T; c.240C>T; c.-166C>T,p.F80F; p.F142F; p.R9*,4.91,Likely Benign,0.007
7,6043666,6043666,PMS2,c.-219G>A; c.-116G>A; c.-29G>A; c.373G>A; c.-52-1399G>A; c.-245G>A; c.-195G>A; n.274G>A; c.-166G>A; c.-298G>A; c.-209G>A; c.-394G>A; c.187G>A; c.-698G>A,p.V63M; p.V125M,0.85,Uncertain Significance,0.000
7,6043676,6043676,PMS2,c.-229G>A; c.-126G>A; c.363G>A; c.-219G>A; c.-255G>A; c.-39G>A; c.-404G>A; c.-708G>A; n.264G>A; c.-205G>A; c.-52-1409G>A; c.177G>A; c.-308G>A; c.-176G>A,p.K59K; p.K121K,1.67,Likely Benign,
7,55249063,55249063,EGFR-AS1; EGFR,n.1238C>T; n.1201C>T; c.2226G>A; c.1560G>A; c.2202G>A; c.2361G>A,p.Q734Q; p.Q787Q; p.Q520Q; p.Q742Q,50.78,Benign,52.144
7,55266417,55266417,EGFR,c.2574T>C; c.2709T>C; c.1908T>C; c.2550T>C,p.T636T; p.T903T; p.T858T; p.T850T,88.62,Benign,89.426
7,92731586,92731586,SAMD9,c.3825T>C,p.F1275F,49.50,Benign,1.536
7,92733766,92733766,SAMD9,c.1645G>T,p.V549L,47.32,Benign,9.129
7,92734451,92734451,SAMD9,c.960T>C,p.Y320Y,47.84,Benign,37.879
7,92734983,92734983,SAMD9,c.428T>C,p.I143T,50.50,Benign,12.070
7,92760738,92760738,SAMD9L,c.4547del,p.N1516Mfs*10,0.71,Uncertain Significance,0.000
7,92760738,92760738,SAMD9L,c.4547A>C,p.N1516T,45.75,Benign,6.091
7,92764419,92764419,SAMD9L,c.866T>C,p.F289S,41.27,Benign,1.762
7,92764982,92764982,SAMD9L,c.303G>A,p.Q101Q,97.26,Benign,22.980
7,101837149,101837149,CUX1,c.1131G>A; c.1104G>A; c.1089G>A; c.999G>A; c.1020G>A; c.1137G>A,p.P363P; p.P340P; p.P379P; p.P368P; p.P333P; p.P377P,49.36,Benign,34.758
7,101844851,101844851,CUX1,c.1207+5968A>G; c.1117+5968A>G; c.1255+5968A>G; c.1833A>G; c.1138+5968A>G; c.2139A>G; c.2274A>G; c.1249+5968A>G; c.2307A>G,p.P713P; p.P758P; p.P769P; p.P611P,45.89,Benign,35.327
7,101892121,101892121,CUX1,c.3876G>A; c.1250-24516G>A; c.1256-24516G>A; c.1118-24516G>A; c.4182G>A; c.1139-24516G>A; c.1208-24516G>A; c.4350G>A; c.4317G>A,p.P1450P; p.P1394P; p.P1292P; p.P1439P,49.32,Benign,48.426
7,101892133,101892135,CUX1,c.1250-24491_1250-24489del; c.1208-24491_1208-24489del; c.1139-24491_1139-24489del; c.4375_4377del; c.1256-24491_1256-24489del; c.3901_3903del; c.4207_4209del; c.1118-24491_1118-24489del; c.4342_4344del,p.S1301del; p.S1403del; p.S1448del; p.S1459del,0.82,Likely Benign,0.370
7,101916647,101916647,CUX1,c.1260A>G; c.1266A>G *; c.1218A>G *; c.1149A>G; c.1218A>G; c.1149A>G *; c.1266A>G; c.1128A>G *; c.1128A>G; c.1260A>G *,p.A383A; p.A422A; p.A376A; p.A420A; p.A406A,99.80,Benign,72.926
7,101917521,101917521,CUX1,c.1384G>A; c.1252G>A; c.1342G>A; c.1390G>A; c.1273G>A,p.A464T; p.A462T; p.A425T; p.A418T; p.A448T,45.34,Benign,56.358
7,103124207,103124207,RELN; SLC26A5-AS1,c.10074A>G; n.305-6418T>C; n.1366-20644T>C; n.308-29009T>C,p.A3358A,49.59,Benign,13.667
7,103155705,103155705,RELN,c.8046T>C,p.H2682H,99.75,Benign,46.782
7,103155864,103155864,RELN,c.7887T>C,p.P2629P,48.84,Benign,18.014
7,103230238,103230238,RELN,c.3950C>T,p.A1317V,0.91,Uncertain Significance,
7,103251161,103251161,RELN,c.2989C>G,p.L997V,99.59,Benign,11.397
7,103301977,103301977,RELN,c.1290-3del,,3.53,Likely Benign,0.024
7,103389954,103389954,RELN,c.578-3T>C,,49.37,Benign,49.219
7,103629804,103629806,RELN,c.-3_-1del,,1.62,Likely Benign,1.127
7,116397572,116397572,MET,c.1944A>G; c.654A>G,p.Q648Q; p.Q218Q,50.57,Benign,18.140
7,116435768,116435768,MET,c.3858C>T; c.2568C>T; c.3912C>T,p.D856D; p.D1286D; p.D1304D,48.78,Benign,42.252
7,116436022,116436022,MET,c.4071G>A; c.4017G>A; c.2727G>A,p.A1339A; p.A1357A; p.A909A,48.67,Benign,42.426
7,116436097,116436097,MET,c.4146G>A; c.4092G>A; c.2802G>A,p.P1382P; p.P934P; p.P1364P,44.19,Benign,42.451
7,139094365,139094366,FMC1-LUC7L2; LUC7L2,c.754_755del; c.748_749del; c.757_758del; c.955_956del,p.E253Rfs*34; p.E250Rfs*34; p.E319Rfs*34; p.E252Rfs*34,2.96,Likely Pathogenic,1.969
7,140426257,140426257,BRAF,c.*37T>C; c.2187T>C; c.2128-10421T>C,p.S729S,51.23,Benign,37.551
7,140449164,140449164,BRAF,c.1849G>A; c.1651G>A; c.2035G>A; c.1759G>A; c.1915G>A; c.1804G>A; c.1813G>A; c.1924G>A,p.V587I; p.V642I; p.V679I; p.V602I; p.V605I; p.V639I; p.V617I; p.V551I,1.06,Likely Pathogenic,
7,148543694,148543695,EZH2,c.118-5_118-4del,,4.11,Likely Benign,0.254
7,148543694,148543694,EZH2,c.118-4del,,46.91,Benign,70.685
7,151836879,151836879,KMT2C; ENSG00000293764,c.14515-3del; c.13897-3del; n.-903del; c.14344-3del,,1.21,Uncertain Significance,0.003
7,151874147,151874148,KMT2C,c.8165dup; c.8390dup,p.E2798Gfs*11; p.E2723Gfs*11,0.95,Pathogenic,0.004
7,151874148,151874148,KMT2C,c.8165del; c.8390del,p.K2722Rfs*26; p.K2797Rfs*26,4.04,Pathogenic,0.195
7,151921099,151921099,KMT2C,c.3203+1G>A; c.3323+1G>A,,1.42,Pathogenic,
7,151921255,151921255,KMT2C,c.3168G>A; c.3048G>A,p.W1056*; p.W1016*,8.05,Likely Pathogenic,
7,151921586,151921586,KMT2C,c.3092G>T; c.2972G>T,p.S991I; p.S1031I,1.36,Uncertain Significance,
7,151927016,151927016,KMT2C,c.2968A>G; c.2848A>G,p.S990G; p.S950G,12.55,Likely Benign,2.562
7,151927021,151927021,KMT2C,c.2963G>T; c.2843G>T,p.C988F; p.C948F,30.48,Benign,22.612
7,151927023,151927023,KMT2C,c.2961C>G; c.2841C>G,p.Y947*; p.Y987*,22.62,Likely Pathogenic,
7,151927025,151927025,KMT2C,c.2959T>C; c.2839T>C,p.Y987H; p.Y947H,22.97,Benign,38.544
7,151927026,151927026,KMT2C,c.2838A>G; c.2958A>G,p.P986P; p.P946P,7.44,Benign,23.424
7,151927067,151927067,KMT2C,c.2797A>G; c.2917A>G,p.R973G; p.R933G,23.56,Likely Pathogenic,
7,151932916,151932916,KMT2C,c.2635G>C; c.2755G>C,p.V919L; p.V879L,0.85,Benign,8.783
7,151932923,151932923,KMT2C,c.2628C>T; c.2748C>T,p.I876I; p.I916I,0.78,Uncertain Significance,0.338
7,151932945,151932945,KMT2C,c.2606G>A; c.2726G>A,p.R909K; p.R869K,0.86,Benign,5.100
7,151932965,151932965,KMT2C,c.2706G>A; c.2586G>A,p.S902S; p.S862S,0.80,Benign,17.096
7,151935798,151935799,KMT2C,c.2645_2646delinsCA; c.2533-2781_2533-2780delinsCA,p.I882T,31.87,Uncertain Significance,
7,151935866,151935866,KMT2C,c.2533-2848C>T; c.2578C>T,p.P860S,26.18,Likely Pathogenic,
7,151935871,151935871,KMT2C,c.2533-2853G>T; c.2573G>T,p.W858L,26.29,Likely Pathogenic,
7,151935888,151935888,KMT2C,c.2556A>T; c.2533-2870A>T,p.T852T,0.50,Uncertain Significance,
7,151945007,151945007,KMT2C,c.2515G>A; c.2512G>A,p.G838S; p.G839S,38.93,Benign,49.408
7,151945071,151945072,KMT2C,c.2447dup; c.2450dup,p.Y816*; p.Y817*,26.28,Benign,48.670
7,151945101,151945101,KMT2C,c.2421C>G; c.2418C>G,p.S807S; p.S806S,2.26,Benign,20.838
7,151945140,151945140,KMT2C,c.2379G>A; c.2382G>A,p.S794S; p.S793S,13.91,Benign,43.539
7,151945215,151945215,KMT2C,c.2304A>G; c.2307A>G,p.S769S; p.S768S,13.59,Likely Benign,3.158
7,151945225,151945225,KMT2C,c.2297A>G; c.2294A>G,p.E766G; p.E765G,7.15,Uncertain Significance,0.474
7,151945291,151945291,KMT2C,c.2228C>T; c.2231C>T,p.P743L; p.P744L,1.40,Uncertain Significance,0.001
7,151945313,151945313,KMT2C,c.2209T>C; c.2206T>C,p.L736L; p.L737L,0.86,Likely Benign,0.147
7,151949735,151949735,KMT2C,c.1365A>G; c.1368A>G,p.I455M; p.I456M,50.85,Likely Benign,2.386
7,151962257,151962257,KMT2C,c.1053G>A; c.1050G>A,p.P351P; p.P350P,11.24,Uncertain Significance,0.100
7,151962265,151962265,KMT2C,c.1042G>A; c.1045G>A,p.D348N; p.D349N,10.36,Uncertain Significance,0.033
7,151962269,151962269,KMT2C,c.1041G>A; c.1038G>A,p.V347V; p.V346V,0.73,Uncertain Significance,0.012
7,151962290,151962290,KMT2C,c.1020G>C; c.1017G>C,p.K339N; p.K340N,3.07,Uncertain Significance,0.008
7,151970797,151970797,KMT2C,c.1008T>A; c.1005T>A,p.P336P; p.P335P,9.59,Uncertain Significance,0.244
7,151970856,151970856,KMT2C,c.946A>T; c.949A>T,p.T317S; p.T316S,76.02,Benign,50.094
7,151970859,151970859,KMT2C,c.943G>A; c.946G>A,p.G315S; p.G316S,4.20,Likely Benign,0.425
7,151970877,151970877,KMT2C,c.925C>T; c.928C>T,p.P309S; p.P310S,3.68,Uncertain Significance,0.519
7,151970931,151970931,KMT2C,c.871C>T; c.874C>T,p.L291F; p.L292F,59.56,Benign,49.945
7,151970951,151970951,KMT2C,c.854G>A; c.851G>A,p.R284Q; p.R285Q,4.72,Likely Benign,0.327
8,30915971,30915971,WRN,c.15del,p.K5Nfs*15,0.61,Likely Pathogenic,0.003
8,30924557,30924557,WRN,c.513C>T,p.C171C,99.85,Benign,70.808
8,30973957,30973957,WRN,c.2361G>T,p.L787L,99.84,Benign,45.121
8,30977943,30977943,WRN,c.2630+10del,,1.42,Uncertain Significance,0.002
8,30982451,30982451,WRN,c.2760A>G,p.K920K,1.43,Uncertain Significance,
8,30999280,30999280,WRN,c.3222G>T,p.L1074F,99.51,Benign,45.358
8,38285914,38285916,FGFR1,c.129_131del; c.372_374del; c.495_497del; c.396_398del,p.D44del; p.D133del; p.D125del; p.D166del,0.82,Pathogenic,0.014
8,41794934,41794934,KAT6A,c.3192G>A,p.T1064T,47.18,Benign,20.756
8,41798420,41798422,KAT6A,c.2977_2979del,p.E993del,0.64,Uncertain Significance,0.006
8,90958422,90958422,NBN,c.1704A>G; c.2016A>G; c.1770A>G; c.1846-2828A>G; c.1947A>G,p.P568P; p.P672P; p.P649P; p.P590P,35.93,Benign,34.291
8,90967711,90967711,NBN,c.951T>C; c.1197T>C; c.885T>C,p.D295D; p.D399D; p.D317D,51.23,Benign,47.032
8,90990479,90990479,NBN,c.553G>C; c.307G>C,p.E185Q; p.E103Q,50.17,Benign,34.336
8,90995019,90995019,ENSG00000309953; NBN,c.-195G>A; c.-75-1268G>A; n.-1538C>T; c.102G>A,p.L34L,49.16,Benign,35.143
9,5081780,5081780,JAK2,c.2043G>A; c.1275G>A; n.2891G>A; c.2490G>A; n.2974G>A,p.L681L; p.L425L; p.L830L,50.18,Benign,53.602
9,36840623,36840623,PAX5,c.1008C>T; c.921C>T; c.810C>T; c.878C>T; c.1110C>T; c.894C>T; c.597C>T; c.981C>T; c.1023C>T; c.786C>T; n.1274C>T; c.791C>T; n.1217C>T,p.T293I; p.Y336Y; p.Y327Y; p.Y307Y; p.Y262Y; p.Y341Y; p.Y199Y; p.Y298Y; p.Y370Y; p.T264I; p.Y270Y,99.92,Benign,86.447
9,86586806,86586808,HNRNPK-AS1; HNRNPK,n.139_141del; c.942_944del; c.870_872del; n.-193_-191del,p.P315del; p.P291del,0.67,Uncertain Significance,0.003
9,86586890,86586890,HNRNPK-AS1; HNRNPK,c.788G>A; c.860G>A; n.212C>T; n.-120C>T,p.R263Q; p.R287Q,1.31,Uncertain Significance,0.000
9,133759490,133759492,ABL1,c.1883_1885del; c.1826_1828del,p.K609del; p.K628del,1.22,Uncertain Significance,0.037
9,133761001,133761001,ABL1,c.3381A>G; c.3324A>G,p.P1108P; p.P1127P,43.91,Benign,55.454
9,139391636,139391636,NOTCH1,c.4152C>T; c.6555C>T; c.6441C>T; c.6435C>T,p.D2185D; p.D2145D; p.D1384D; p.D2147D,99.16,Benign,61.822
9,139409089,139409089,NOTCH1,c.2080G>A; c.1966G>A; c.-1881G>A,p.E656K; p.E694K,49.00,Likely Benign,0.064
10,27329038,27329038,ANKRD26,c.2228del; c.2231del,p.N743Ifs*8; p.N744Ifs*8,0.80,Uncertain Significance,0.001
10,27333121,27333122,ANKRD26,c.1983-3dup; c.1986-3dup,,6.50,Benign,7.165
10,27333122,27333123,ANKRD26,c.1983-4_1983-3del; c.1986-4_1986-3del,,1.98,Uncertain Significance,0.422
10,27333122,27333122,ANKRD26,c.1983-3del; c.1986-3del,,16.26,Benign,34.062
10,27337806,27337808,ANKRD26,c.1736_1738del,p.D579del,0.73,Likely Benign,0.003
10,27369086,27369086,ANKRD26,c.741-996del,,1.34,Uncertain Significance,0.024
10,27389197,27389197,ANKRD26,c.59A>G,p.Q20R,99.53,Benign,89.948
10,72358577,72358577,PRF1; PALD1,c.900C>T; c.2419-67G>A; c.2250+34302G>A; c.2263-67G>A,p.H300H,99.80,Benign,64.107
10,72358655,72358655,PRF1; PALD1,c.2250+34380G>A; c.2274G>A; c.822C>T; c.2430G>A,p.A274A; p.S758S; p.S810S,99.52,Benign,16.397
10,89692921,89692921,PTEN,c.498A>T; c.405A>T; c.-346A>T; c.924A>T; c.360A>T,p.I120I; p.I308I; p.I135I; p.I166I,0.77,Uncertain Significance,
10,89692923,89692923,PTEN,c.407G>A; c.926G>A; c.-344G>A; c.362G>A; c.500G>A,p.C136Y; p.C309Y; p.C167Y; p.C121Y,0.89,Pathogenic,
10,90771829,90771829,FAS,n.411T>C; n.612T>C; n.951T>C; n.538+1257T>C; n.474T>C; c.568+1257T>C; n.808T>C; n.549T>C; c.687T>C; n.561T>C; c.579T>C; c.642T>C,p.T193T; p.T229T; p.T214T,99.74,Benign,76.186
10,112357944,112357944,SMC3,c.2164G>A,p.E722K,1.42,Uncertain Significance,
10,112361870,112361870,SMC3,c.3039A>G,p.S1013S,99.74,Benign,99.598
10,123298158,123298158,FGFR2,n.984A>G; c.429A>G; c.696A>G; c.351A>G,p.V232V; p.V143V; p.V117V,99.93,Benign,78.012
11,534242,534242,HRAS,c.81T>C; c.-239T>C,p.H27H,49.75,Benign,31.879
11,30034029,30034031,KCNA4,c.195_197del,p.H65del,1.32,Uncertain Significance,0.006
11,32456298,32456298,WT1-AS; WT1,n.-1018G>A; n.-572G>A; n.-870G>A; n.-874G>A; c.-780C>T; n.-1072G>A; c.390C>T; n.-913G>A; n.-806G>A; n.-1048G>A; n.-827G>A; n.-1287G>A; n.-766G>A; c.-1089C>T; n.788C>T; n.-968G>A; n.-1041G>A; c.609C>T; n.-1009G>A,p.N130N; p.N203N,47.84,Benign,8.098
11,32456694,32456694,WT1-AS; WT1,n.-891C>A; n.-572C>A; c.-1176G>T; n.-478C>A; c.-1485G>T; n.-431C>A; n.-410C>A; n.-370C>A; n.-613C>A; n.-676C>A; c.213G>T; n.-622C>A; n.-517C>A; n.-645C>A; n.392G>T; n.-474C>A; c.-7G>T; n.-176C>A; n.-652C>A,p.P71P,49.60,Benign,23.604
11,64533455,64533455,SF1,c.2130G>A; c.1958-465G>A; c.1750G>A; c.1755G>A; c.1242-465G>A; c.1587-465G>A; c.1238-465G>A; c.1476-465G>A; c.1583-465G>A; c.1578-465G>A; c.1677G>A,p.P559P; p.A584T; p.P710P; p.P585P,52.81,Uncertain Significance,0.001
11,72945341,72945341,P2RY2,c.137C>T,p.P46L,97.39,Benign,92.488
11,72946020,72946020,P2RY2,c.816C>T,p.R272R,47.09,Benign,56.602
11,72946140,72946140,P2RY2,c.936G>C,p.R312S,49.63,Benign,27.787
11,108040484,108040484,NPAT,c.2997C>A,p.N999K,48.81,Benign,6.897
11,108043988,108043988,NPAT,c.1723G>A,p.V575I,49.63,Benign,60.114
11,108044091,108044091,NPAT,c.1620A>T,p.L540F,48.08,Benign,11.752
11,108183167,108183167,C11orf65; ATM,c.5948A>G; c.641-3369T>C; c.*39-3369T>C; c.5948A>G *,p.N1983S; p.S1983S,99.87,Benign,100.000
11,108196957,108196958,C11orf65; ATM,c.6975+13dup; c.*38+8989dup; c.641-17160dup,,0.76,Likely Benign,0.009
11,118307316,118307316,KMT2A; ENSG00000285827; ENSG00000255384,n.-1395G>C; c.-798-32174C>G; n.-1166G>C; c.89C>G; c.214-11024C>G,p.A30G,45.15,Likely Benign,1.768
11,118307414,118307416,KMT2A; ENSG00000285827; ENSG00000255384,c.200_202del; c.214-10913_214-10911del; n.-1495_-1493del; c.-798-32063_-798-32061del; n.-1266_-1264del,p.A67del,1.14,Benign,0.792
11,118344494,118344495,KMT2A; ENSG00000285827,c.503-391_503-390del; c.2728_2729del; c.2629_2630del; c.1399_1400del,p.D877Pfs*8; p.D467Pfs*8; p.D910Pfs*8,0.71,Likely Pathogenic,0.000
11,119077233,119077235,CBL,c.125_127del,p.H42del,1.51,Likely Benign,0.055
12,25362777,25362777,KRAS; ENSG00000274987,c.*73T>C; c.321T>C; n.-809A>G; c.444T>C; c.519T>C,p.D173D; p.D148D; p.D107D,47.26,Benign,19.056
12,25368462,25368462,KRAS,c.451-5617G>A; c.253-5617G>A; c.376-5617G>A; c.483G>A *; c.483G>A,p.R161R,99.81,Benign,99.949
12,50026838,50026840,PRPF40B,c.348+182_348+184del; c.267+182_267+184del; c.316_318del; c.313_315del; c.397_399del,p.Y106del; p.Y133del; p.Y105del,0.56,Uncertain Significance,
13,19751274,19751274,TUBA3C,c.849C>T,p.H283H,6.82,Uncertain Significance,0.007
13,19751289,19751289,TUBA3C,c.834C>T,p.A278A,4.21,Uncertain Significance,0.009
13,19751544,19751544,TUBA3C,c.579G>A,p.T193T,98.98,Benign,27.350
13,19751586,19751586,TUBA3C,c.537G>A,p.T179T,1.85,Uncertain Significance,0.002
13,19753629,19753629,TUBA3C,c.78G>T,p.L26L,1.13,Uncertain Significance,
13,28609813,28609814,FLT3,c.1419-4dup; n.1485-4dup,,1.98,Uncertain Significance,0.541
13,28609814,28609814,FLT3,c.1419-4del; n.1485-4del,,7.93,Uncertain Significance,0.286
13,28610183,28610183,FLT3,n.1376-3T>C; c.1310-3T>C,,49.25,Uncertain Significance,70.039
13,28624294,28624294,FLT3,n.746C>T; c.680C>T,p.T227M,49.85,Benign,59.806
13,28636084,28636084,FLT3,n.354C>T; c.288C>T,p.D96D,99.60,Benign,98.285
13,32907421,32907421,BRCA2,n.2012del; c.424+2261del; c.1444del; c.1813del,p.I605Yfs*9; p.I482Yfs*9,1.22,Pathogenic,0.003
13,32911888,32911888,BRCA2,c.3027A>G; c.1909+4364A>G; n.3595A>G; c.424+6721A>G; c.3396A>G,p.K1009K; p.K1132K,46.41,Benign,29.496
13,32912299,32912299,BRCA2,c.425-6396T>C; c.3438T>C; c.1909+4775T>C; c.3807T>C; n.4006T>C,p.V1146V; p.V1269V,46.29,Benign,17.542
13,32913055,32913055,BRCA2,c.4563A>G; n.4762A>G; c.425-5640A>G; c.4194A>G; c.1909+5531A>G,p.L1398L; p.L1521L,82.50,Benign,99.275
13,32913559,32913559,BRCA2,c.4704del; c.425-5130del; c.1910-5130del; c.5073del; n.5272del,p.K1691Nfs*15; p.K1568Nfs*15,1.00,Pathogenic,
13,32915005,32915005,BRCA2,c.425-3690G>C; c.1910-3690G>C; c.6144G>C; c.6513G>C; n.6712G>C,p.V2048V; p.V2171V,96.91,Benign,99.253
13,32929387,32929387,BRCA2,c.980T>C; c.7301T>C; c.7028T>C; c.7397T>C; n.7596T>C; c.2465T>C,p.V2343A; p.V2434A; p.V2466A; p.V327A; p.V822A,99.85,Benign,99.343
14,86088056,86088056,FLRT2,c.198T>C,p.T66T,98.35,Benign,99.769
14,90651285,90651285,KCNK13,c.1171del,p.V391Wfs*7,0.57,Uncertain Significance,0.000
15,66727454,66727456,MAP2K1,c.170_172delinsGAT; c.104_106delinsGAT,p.K35_Q36delinsR*; p.K57_Q58delinsR*,2.01,Uncertain Significance,
15,74328116,74328116,PML,c.*1119A>G; c.*2167A>G; c.*35+1245A>G; c.*639A>G; c.2314A>G; c.1710+1245A>G; c.1566+1245A>G; c.1255-232A>G; c.2170A>G,p.S772G; p.S724G,43.87,Benign,52.387
15,74328206,74328206,PML,c.2260G>C; c.1710+1335G>C; c.*1209G>C; c.*35+1335G>C; c.1566+1335G>C; c.*729G>C; c.2404G>C; c.1255-142G>C; c.*2257G>C,p.A802P; p.A754P,48.14,Benign,12.085
15,74336633,74336633,ENSG00000287543; PML,n.-960A>G; c.1789T>C; c.1933T>C,p.F597L; p.F645L,49.85,Benign,34.517
15,88576185,88576185,NTRK3,c.1464C>G; c.1194C>G; c.1170C>G; c.1488C>G,p.A488A; p.A398A; p.A496A; p.A390A,99.84,Benign,34.875
15,88679785,88679785,NTRK3,c.384C>T; c.678C>T *; c.678C>T,p.N226N; p.N128N,99.87,Benign,99.673
15,88680684,88680684,NTRK3,c.573C>T; c.279C>T,p.N191N; p.N93N,47.04,Benign,26.061
15,91304138,91304139,BLM,c.419dup; c.1544dup,p.N140Kfs*2; p.N515Kfs*2,1.22,Pathogenic,0.009
15,91304139,91304139,BLM,c.419del; c.1544del,p.N515Mfs*16; p.N140Mfs*16,3.73,Pathogenic,0.004
15,91304286,91304288,BLM,c.570_572del; c.1695_1697del,p.D566del; p.D191del,0.58,Uncertain Significance,0.002
16,3778303,3778305,CREBBP,c.6743_6745del; c.6629_6631del,p.Q2210del; p.Q2248del,0.77,Uncertain Significance,0.002
16,3779211,3779211,CREBBP,c.5837del; c.5723del,p.P1946Hfs*30; p.P1908Hfs*30,1.55,Pathogenic,0.002
16,3781424,3781424,CREBBP,c.4941C>T; c.4827C>T,p.P1609P; p.P1647P,53.63,Uncertain Significance,0.002
16,3808053,3808055,CREBBP,c.3256-6_3256-4del; c.3370-6_3370-4del,,0.60,Uncertain Significance,0.001
16,3808053,3808054,CREBBP,c.3256-5_3256-4del; c.3370-5_3370-4del,,2.62,Likely Benign,0.205
16,3808053,3808053,CREBBP,c.3370-4del; c.3256-4del,,15.12,Benign,25.610
16,67646013,67646014,CTCF,c.950_951del; c.-32-4626_-32-4625del,p.T317Rfs*91,0.96,Likely Pathogenic,0.000
16,89805261,89805261,ZNF276; FANCA,c.4260+29T>C; c.4164T>C; n.2607A>G; c.4293T>C; n.2490A>G; c.*607A>G; n.2524A>G; c.4264+29T>C; n.2430A>G,p.H1388H; p.H1431H,96.22,Benign,70.470
16,89805914,89805914,ZNF276; FANCA,n.3083T>C; n.3177T>C; c.3853A>G; n.3143T>C; c.3982A>G; c.*1260T>C; n.3260T>C,p.T1328A; p.T1285A,49.28,Benign,6.631
16,89806343,89806343,ZNF276; FANCA,n.3572C>A; n.3606C>A; n.3689C>A; n.3512C>A; c.*1689C>A; c.3805+59G>T; c.3934+59G>T,,52.09,Benign,9.739
16,89806347,89806347,ZNF276; FANCA,c.3934+55T>A; n.3693A>T; n.3516A>T; n.3576A>T; c.3805+55T>A; c.*1693A>T; n.3610A>T,,52.34,Benign,52.514
16,89807233,89807233,ZNF276; FANCA,n.4402C>G; n.4496C>G; c.*2579C>G; c.3807G>C; n.4579C>G; n.4462C>G; c.3678G>C,p.L1226L; p.L1269L,52.00,Benign,9.506
16,89809319,89809319,FANCA,c.3654A>G; c.3525A>G,p.P1218P; p.P1175P,40.10,Benign,10.473
16,89815152,89815152,FANCA,c.3134C>T; c.3263C>T,p.S1045F; p.S1088F,50.50,Benign,5.118
16,89816314,89816314,FANCA,c.3067-4T>C; c.2938-4T>C,,49.90,Benign,6.665
16,89825065,89825065,FANCA,c.2901C>T; c.2852+3292C>T,p.S967S,47.69,Benign,6.712
16,89831345,89831346,FANCA,c.2730_2731del,p.W911Dfs*31,0.57,Pathogenic,
16,89836323,89836323,FANCA,c.2426G>A,p.G809D,49.79,Benign,47.268
16,89838086,89838086,FANCA,c.2151G>T,p.M717I,48.10,Likely Benign,2.167
16,89839766,89839766,FANCA,c.1927C>G,p.P643A,50.15,Benign,6.777
16,89849480,89849480,FANCA,c.1501G>A,p.G501S,99.74,Benign,50.407
16,89857935,89857935,FANCA,c.1235C>T,p.A412V,52.52,Benign,6.640
16,89858417,89858417,FANCA,c.1143G>T,p.T381T,47.77,Benign,6.692
16,89866043,89866043,FANCA,c.700A>G; c.796A>G,p.T234A; p.T266A,51.65,Benign,52.203
17,263502,263503,LIAT1; LOC105371430,c.868_869insGGCCCTCAAGGGCTTCCACCCCGACCCCG; c.304+3065_304+3066insGGCCCTCAAGGGCTTCCACCCCGACCCCG; n.45+274_45+275insGGGGTGGAAGCCCTTGAGGGCCCGGGGTC,p.E290Gfs*138,0.68,Uncertain Significance,
17,263531,263532,LIAT1; LOC105371430,c.897_898delinsTG; c.304+3094_304+3095delinsTG; n.45+238_45+239delinsCA,p.K300E,0.64,Uncertain Significance,
17,263684,263684,LIAT1; LOC105371430,n.45+86C>G; c.304+3247G>C; c.1050G>C,p.E350D,0.95,Uncertain Significance,
17,1578939,1578939,PRPF8,c.2847G>A; c.2712G>A,p.P949P; p.P904P,49.64,Benign,21.339
17,1580929,1580929,PRPF8,c.1914C>G; c.1779C>G,p.L638L; p.L593L,50.18,Benign,21.727
17,1584324,1584324,PRPF8,c.891T>C,p.N297N,47.90,Benign,21.785
17,1585130,1585130,PRPF8,c.637T>C,p.L213L,50.09,Benign,18.802
17,7579472,7579472,TP53,c.98C>G; c.215C>G; c.-1020C>G; c.-939C>G; n.357C>G,p.P72R; p.P33R,97.19,Uncertain Significance,66.289
17,16855878,16855878,TNFRSF13B,c.81G>A; c.62-3581G>A,p.T27T,99.69,Benign,80.823
17,29490295,29490295,NF1,c.380G>A,p.G127E,0.85,Likely Pathogenic,
17,29508775,29508775,NF1,c.702G>A,p.L234L,99.55,Benign,62.010
17,29528142,29528142,NF1,c.1150T>C,p.F384L,4.86,Likely Pathogenic,
17,29541476,29541476,NF1,c.1430C>T; c.1445C>T; c.1400C>T,p.T482I; p.T477I; p.T467I,4.71,Pathogenic,
17,29554541,29554541,NF1,c.2356G>A; c.2371G>A; c.2326G>A,p.A786T; p.A791T; p.A776T,0.80,Pathogenic,
17,29554582,29554582,NF1,c.2397G>A; c.2367G>A; c.2412G>A,p.K799K; p.K789K; p.K804K,19.84,Uncertain Significance,
17,29554589,29554589,NF1,c.2419C>T; c.2374C>T; c.2404C>T,p.L802F; p.L792F; p.L807F,17.63,Pathogenic,
17,30264426,30264428,SUZ12,c.175_177del,p.S59del,1.80,Likely Benign,0.222
17,30267304,30267304,SUZ12,c.275-1G>C,,6.20,Likely Pathogenic,
17,30267331,30267331,SUZ12,c.301C>T,p.R101*,1.14,Likely Pathogenic,
17,30302737,30302737,SUZ12,c.754+15del; c.823+15del,,9.78,Likely Benign,2.318
17,30303572,30303572,SUZ12,c.856C>T; c.787C>T,p.R263*; p.R286*,1.18,Pathogenic,
17,30310124,30310124,SUZ12,c.954+1G>C; c.1023+1G>C,,0.62,Likely Pathogenic,
17,30323878,30323878,SUZ12,c.1856T>C; c.1787T>C,p.L596P; p.L619P,1.54,Uncertain Significance,
17,37922259,37922259,IKZF3,c.1080C>T; c.651C>T; c.1197C>T; c.1029C>T; c.912C>T; c.768C>T; c.573C>T; c.1095C>T; c.1212C>T; c.1314C>T; c.1053C>T; c.1146C>T; c.885C>T,p.S438S; p.S217S; p.S404S; p.S304S; p.S343S; p.S365S; p.S399S; p.S256S; p.S295S; p.S382S; p.S360S; p.S351S; p.S191S,48.69,Benign,40.115
17,37944519,37944519,IKZF3,c.599G>C; c.490+3150G>C; c.440G>C; c.164-21773G>C; c.533G>C; c.-167G>C; c.272G>C; c.701G>C; c.592+3150G>C; c.424+4407G>C; c.164-10499G>C,p.G200A; p.G178A; p.G91A; p.G147A; p.G234A,34.28,Likely Benign,2.593
17,40370235,40370236,STAT5B,c.1099dup; c.1102dup,p.Q368Pfs*9; p.Q367Pfs*9,0.87,Uncertain Significance,0.004
17,40370236,40370236,STAT5B,c.1099del; c.1102del,p.Q368Rfs*2; p.Q367Rfs*2,0.71,Uncertain Significance,0.000
17,41223094,41223094,BRCA1,c.310A>G; c.4903A>G; c.4759A>G; c.4711A>G; c.4900A>G; c.1387A>G; c.-98-20887A>G; c.1525A>G; c.3949A>G; c.4696A>G; c.1444A>G; c.4624A>G; c.5-7126A>G; c.4834A>G; c.4837A>G,p.S1587G; p.S1566G; p.S1317G; p.S104G; p.S463G; p.S482G; p.S1613G; p.S1571G; p.S1635G; p.S1634G; p.S1612G; p.S509G; p.S1542G,48.95,Benign,34.998
17,41234470,41234470,BRCA1,c.4095T>C; c.918T>C; c.-43-7932T>C; c.5-18502T>C; c.4182T>C; c.858T>C; c.-98-32263T>C; c.4308T>C; c.3420T>C; c.4167T>C; c.4230T>C; c.996T>C; c.999T>C,p.S1140S; p.S306S; p.S1394S; p.S1365S; p.S1410S; p.S1389S; p.S332S; p.S1436S; p.S333S; p.S286S,49.16,Benign,34.330
17,41244000,41244000,BRCA1,c.3470A>G; c.3422A>G; c.3335A>G; c.-43-17462A>G; c.5-28032A>G; c.707-951A>G; c.-99+33288A>G; c.3548A>G; c.3407A>G; c.647-951A>G; c.2660A>G; c.788-951A>G; c.785-951A>G,p.K1112R; p.K1157R; p.K1136R; p.K887R; p.K1183R; p.K1141R,45.62,Benign,34.855
17,41244435,41244435,BRCA1,c.-43-17897A>G; c.647-1386A>G; c.-99+32853A>G; c.2225A>G; c.3113A>G; c.2987A>G; c.5-28467A>G; c.788-1386A>G; c.785-1386A>G; c.2972A>G; c.3035A>G; c.2900A>G; c.707-1386A>G,p.E991G; p.E1038G; p.E996G; p.E742G; p.E1012G; p.E967G,43.55,Benign,34.300
17,41244936,41244936,BRCA1,c.2486C>T; c.787+1825C>T; c.2399C>T; c.2471C>T; c.646+1825C>T; c.706+1825C>T; c.5-28968C>T; c.784+1825C>T; c.1724C>T; c.2534C>T; c.-43-18398C>T; c.-99+32352C>T; c.2612C>T,p.P575L; p.P829L; p.P871L; p.P800L; p.P824L; p.P845L,46.34,Benign,41.275
17,41245237,41245237,BRCA1,c.2185T>C; c.5-29269T>C; c.706+1524T>C; c.646+1524T>C; c.784+1524T>C; c.2233T>C; c.-43-18699T>C; c.2170T>C; c.-99+32051T>C; c.2311T>C; c.1423T>C; c.2098T>C; c.787+1524T>C,p.L724L; p.L700L; p.L745L; p.L771L; p.L475L; p.L729L,46.27,Benign,34.216
17,41245466,41245466,BRCA1,c.706+1295C>T; c.1956C>T; c.1194C>T; c.1869C>T; c.2004C>T; c.-99+31822C>T; c.2082C>T; c.787+1295C>T; c.5-29498C>T; c.-43-18928C>T; c.784+1295C>T; c.646+1295C>T; c.1941C>T,p.S623S; p.S668S; p.S694S; p.S398S; p.S652S; p.S647S,42.94,Benign,34.860
17,41245587,41245587,BRCA1,c.646+1174del; c.1835del; c.1073del; c.1883del; c.1748del; c.-99+31701del; c.1961del; c.5-29619del; c.-43-19049del; c.787+1174del; c.784+1174del; c.706+1174del; c.1820del,p.K358Sfs*47; p.K583Sfs*47; p.K607Sfs*47; p.K628Sfs*47; p.K612Sfs*47; p.K654Sfs*47,1.30,Pathogenic,0.001
17,74732507,74732507,MFSD11; SRSF2,c.-1928A>G; c.-1812A>G; c.-733A>G; c.-1623A>G; n.573T>C; n.-1694A>G; c.402T>C; c.-1530A>G; c.-1645A>G; c.-738A>G; n.-209A>G; c.-1269A>G; c.366T>C,p.S122S; p.S134S,99.76,Benign,99.703
17,74733099,74733099,MFSD11; MIR636; SRSF2,n.-1102G>A; c.-141G>A; n.-469C>T; c.-1336G>A; c.-1053G>A; n.315C>T; c.-938G>A; c.-146G>A; c.-1220G>A; c.-1031G>A; n.384G>A; c.144C>T; c.-677G>A,p.D48D,48.43,Benign,88.440
18,42456653,42456653,SETBP1,c.540+7405G>A; c.664G>A,p.A222T,99.76,Benign,52.534
18,42456670,42456671,SETBP1,c.540+7422_540+7423insTCTT; c.681_682insTCTT,p.T228Sfs*8,99.60,Benign,52.471
18,42532606,42532606,SETBP1,c.3301G>A,p.V1101I,49.16,Benign,12.136
18,42533130,42533130,SETBP1,c.3825A>G,p.S1275S,99.41,Benign,88.475
19,7705691,7705691,STXBP2,c.321C>T; c.225C>T; c.312C>T; n.361C>T; c.354C>T,p.T104T; p.T107T; p.T118T; p.T75T,47.80,Uncertain Significance,0.000
19,7712277,7712277,STXBP2,c.1480A>G; c.1609A>G; c.1576A>G; c.1538+144A>G; n.1591A>G; c.181A>G; c.1567A>G,p.I61V; p.I494V; p.I523V; p.I526V; p.I537V,48.41,Benign,64.010
19,10262139,10262139,DNMT1,c.2152del; c.2200del; c.1837del,p.M613Cfs*59; p.M718Cfs*59; p.M734Cfs*59,0.50,Uncertain Significance,
19,10265312,10265312,DNMT1,c.1419A>G; c.1734A>G; c.1782A>G,p.T578T; p.T594T; p.T473T,99.71,Benign,99.074
19,10267077,10267077,DNMT1,c.1341A>G; c.1389A>G; c.1026A>G,p.P447P; p.P463P; p.P342P,51.09,Benign,51.810
19,33792755,33792757,CEBPA; CEBPA-DT,n.-967_-965del; c.564_566del; c.669_671del; n.-981_-979del; n.-954_-952del; c.522_524del; c.207_209del; n.-959_-957del,p.P175del; p.P70del; p.P189del; p.P224del,1.80,Likely Benign,0.595
19,33793008,33793010,CEBPA; CEBPA-DT,c.269_271del; n.-703_-701del; c.416_418del; n.-730_-728del; c.-47_-45del; n.-708_-706del; c.311_313del; n.-716_-714del,p.G139del; p.G90del; p.G104del,0.77,Likely Benign,0.034
19,45284236,45284236,CBLC,c.428A>G,p.K143R,10.41,Uncertain Significance,
19,45296832,45296832,CBLC,c.1101A>G; c.1239A>G,p.S413S; p.S367S,48.44,Benign,7.818
19,45297479,45297479,CBLC,c.1165C>T; c.1303C>T,p.P389S; p.P435S,49.27,Benign,3.482
19,56171899,56171901,ENSG00000309226; U2AF2,n.-1456_-1454del; c.259_261del,p.K87del,0.86,Uncertain Significance,0.012
19,56180968,56180968,U2AF2,c.1191C>T; c.1203C>T,p.D397D; p.D401D,99.89,Benign,86.871
20,30946592,30946594,ASXL1; ENSG00000305457,c.-508_-506del; c.25_27del; c.-947_-945del; n.-631_-629del,p.K9del,0.66,Likely Benign,0.035
20,31022442,31022442,ASXL1,c.1919del; c.1869+65del; c.1934del; c.1751del,p.G645Vfs*58; p.G584Vfs*58; p.G640Vfs*58,0.84,Pathogenic,0.029
20,31022959,31022959,ASXL1,c.1869+575T>C; c.2429T>C; c.2261T>C *; c.2261T>C; c.2444T>C *,p.L754P; p.P815P; p.P754P; p.L810P,97.80,Benign,99.999
20,31024274,31024274,ASXL1,c.3576T>C; c.3744T>C; c.1869+1890T>C; c.3759T>C,p.S1253S; p.S1192S; p.S1248S,47.55,Benign,41.808
20,43252915,43252915,ADA,c.609A>G; c.597A>G; c.217-1196A>G; c.531A>G; c.217-1344A>G; n.626A>G; c.381A>G; c.534A>G; c.129A>G; c.219-1344A>G; c.612A>G; c.66-1344A>G,p.V43V; p.V127V; p.V204V; p.V203V; p.V177V; p.V199V; p.V178V,51.08,Benign,20.183
20,43254298,43254298,ADA,c.73+799G>A; c.465G>A; c.66-2727G>A; c.217-2727G>A; c.217-2579G>A; c.387G>A; c.219-2727G>A; c.453G>A; c.237G>A; n.482G>A; c.468G>A; c.390G>A,p.V151V; p.V130V; p.V79V; p.V155V; p.V156V; p.V129V,50.94,Benign,3.142
20,43264927,43264927,ADA,c.-254G>A; n.128G>A; c.36G>A; c.99G>A; c.-115G>A; c.114G>A; c.-118G>A; c.111G>A,p.V33V; p.V12V; p.V37V; p.V38V,99.91,Benign,99.525
20,43280227,43280227,ADA,c.-121+316G>A; c.-358G>A; c.96+514G>A; c.-268G>A; c.-118+316G>A; n.114G>A; c.22G>A,p.D8N,50.08,Benign,5.863
20,57478807,57478807,GNAS,c.393C>T; c.396C>T; c.*299C>T; c.174C>T; c.*296C>T; c.351C>T; c.2322C>T; c.2325C>T; c.*254C>T; c.66C>T; c.297C>T; c.*305C>T; c.219C>T; c.2277C>T; c.216C>T; c.348C>T,p.I775I; p.I117I; p.I72I; p.I116I; p.I73I; p.I759I; p.I132I; p.I131I; p.I58I; p.I22I; p.I99I; p.I774I,99.62,Benign,54.473
20,62320968,62320968,RTEL1-TNFRSF6B; RTEL1,c.1992T>C; n.2819T>C; c.1323T>C; c.2064T>C,p.D688D; p.D664D; p.D441D,98.33,Benign,74.921
20,62321655,62321655,RTEL1-TNFRSF6B; RTEL1,c.2274G>A; c.1605G>A; c.2346G>A; n.3101G>A,p.A535A; p.A758A; p.A782A,98.34,Benign,74.190
20,62322288,62322288,RTEL1-TNFRSF6B; RTEL1,c.2544T>C; c.2616T>C; n.3371T>C; c.1875T>C,p.P625P; p.P848P; p.P872P,99.59,Benign,75.007
20,62326110,62326110,RTEL1-TNFRSF6B; RTEL1; TNFRSF6B,n.3953A>C; c.2457A>C; c.-2011A>C; c.3126A>C; c.3198A>C,p.Q1042H; p.Q819H; p.Q1066H,98.75,Benign,75.489
20,62326579,62326579,RTEL1-TNFRSF6B; RTEL1; TNFRSF6B,c.3571+5G>T; c.2830+5G>T; c.3499+5G>T; c.-1542G>T; n.4326+5G>T,,49.11,Benign,14.281
20,62327199,62327199,RTEL1-TNFRSF6B; RTEL1; TNFRSF6B,c.-922A>G; c.3891A>G; n.4718A>G; c.*61A>G,p.P1297P,48.46,Benign,5.938
21,36252904,36252904,RUNX1-AS1; RUNX1,n.662-2875del; c.377del; c.458del; n.635-2875del,p.N126Tfs*23; p.N153Tfs*23,50.79,Pathogenic,
21,44513243,44513243,ENSG00000295227; U2AF1,c.473C>T; n.925G>A; c.692C>T,p.S231L; p.S158L,0.98,Uncertain Significance,0.000
22,17662793,17662793,ADA2,c.1359T>C; c.636T>C; c.1233T>C; c.999T>C; c.753T>C,p.Y251Y; p.Y453Y; p.Y411Y; p.Y212Y; p.Y333Y,99.70,Benign,25.903
22,17662917,17662917,ADA2,c.1114-5C>G; c.517-5C>G; c.634-5C>G; c.1240-5C>G; c.880-5C>G,,49.82,Benign,24.953
22,17690409,17690409,ADA2,c.33C>T; c.-38-2229C>T; c.159C>T,p.N11N; p.N53N,50.58,Benign,43.280
22,23523630,23523630,BCR,c.483C>A,p.I161I,45.05,Benign,28.124
22,23627369,23627369,BCR,c.2387A>G,p.N796S,98.63,Benign,81.784
22,23651619,23651619,BCR,c.3021G>A; c.2889G>A,p.P963P; p.P1007P,32.35,Likely Benign,0.202
22,29083909,29083909,CHEK2,c.1608A>G; c.1737A>G; c.948A>G; c.1335A>G; c.945A>G; c.1521A>G; c.1407A>G,p.P316P; p.P579P; p.P469P; p.P536P; p.P315P; p.P445P; p.P507P,2.25,Uncertain Significance,0.000
22,29090030,29090031,CHEK2,c.790_791delinsT; c.787_788delinsT; c.1177_1178delinsT; c.1579_1580delinsT; c.1450_1451delinsT; c.1363_1364delinsT; c.1249_1250delinsT,p.P263Cfs*8; p.P527Cfs*8; p.P455Cfs*8; p.P484Cfs*8; p.P264Cfs*8; p.P417Cfs*8; p.P393Cfs*8,0.61,Likely Pathogenic,
22,29091142,29091142,CHEK2,c.1261G>A; c.685G>A; c.1075G>A; c.1348G>A; c.688G>A; c.1477G>A; c.1147G>A,p.E421K; p.E229K; p.E359K; p.E383K; p.E493K; p.E450K; p.E230K,6.59,Likely Pathogenic,
22,30742328,30742330,SF3A1,c.364_366del,p.Q122del,1.18,Uncertain Significance,0.006
22,41548008,41548008,EP300,c.2911A>G; c.2989A>G,p.I997V; p.I971V,99.35,Benign,29.946
22,41551039,41551039,EP300,c.3183T>A; c.3105T>A,p.T1061T; p.T1035T,99.10,Benign,65.695
22,41566525,41566525,EP300; EP300-AS1,c.4330del; n.249-940del; c.4408del,p.M1470Cfs*26; p.M1444Cfs*26,0.85,Pathogenic,
X,1331495,1331495,CRLF2,c.-201C>G; c.33C>G; n.48C>G,p.A11A,65.53,Benign,21.325
X,15343205,15343205,PIGA,n.660G>T; c.216G>T; n.376G>T; c.918G>T,p.L72L; p.L306L,4.07,Uncertain Significance,
X,15841063,15841063,ZRSR2,c.1147C>G; c.1069C>G,p.P383A; p.P357A,99.46,Uncertain Significance,0.086
X,15841311,15841311,ZRSR2,c.1317C>G; c.1395C>G,p.G465G; p.G439G,3.69,Likely Benign,
X,15841319,15841319,ZRSR2,c.1325G>A; c.1403G>A,p.R468K; p.R442K,7.61,Uncertain Significance,
X,34149267,34149267,FAM47A; ENSG00000233928,n.495+54581C>A; n.381+54581C>A; n.379-26946C>A; n.390+54581C>A; c.1129G>T,p.A377S,99.69,Benign,20.016
X,39931673,39931673,BCOR,c.2926C>T,p.R976*,4.58,Pathogenic,
X,39933339,39933339,BCOR,c.1260T>C,p.D420D,96.53,Benign,89.920
X,47057647,47057647,UBA1,c.1-555A>G,,99.89,Benign,99.806
X,76931742,76931744,ATRX,c.3786_3788del; c.3672_3674del,p.D1264del; p.D1226del,0.56,Uncertain Significance,0.000
X,129147079,129147079,BCORL1,c.331T>C *; c.331T>C,p.F111L; p.L111L,96.80,Benign,99.998
X,153994596,153994596,DKC1,n.471G>T; n.948G>T; c.-241G>T; c.369G>T; c.282G>T,p.T123T; p.T94T,99.88,Benign,99.752

