Chromosome,Position,End Position,Gene Symbol,Transcript Variant,Protein Variant,Variants_passing_filters-2065D_S2 (paired) - Allele Fraction,Classification,gnomAD Frequency
2,204736106,204736106,CTLA4,c.457+450G>A; c.463G>A; c.110-1325G>A; c.535G>A,p.E155K; p.E179K,3.54,Uncertain Significance,
3,10088408,10088412,FANCD2,c.1278+1_1278+5delinsT,,7.96,Likely Pathogenic,
4,57352505,57352505,SRP72; ENSG00000289393,n.1120G>A; c.918G>A; c.1101G>A; n.133-8568C>T,p.Q306Q; p.Q367Q,7.15,Uncertain Significance,0.000
7,140449164,140449164,BRAF,c.1849G>A; c.1651G>A; c.2035G>A; c.1759G>A; c.1915G>A; c.1804G>A; c.1813G>A; c.1924G>A,p.V587I; p.V642I; p.V679I; p.V602I; p.V605I; p.V639I; p.V617I; p.V551I,2.04,Likely Pathogenic,
9,133760106,133760106,ABL1,c.2429C>T; c.2486C>T,p.P810L; p.P829L,49.10,Likely Benign,0.528
11,119077233,119077235,CBL,c.125_127del,p.H42del,2.18,Likely Benign,0.055
13,28609813,28609814,FLT3,c.1419-4dup; n.1485-4dup,,3.02,Uncertain Significance,0.541
13,28609814,28609814,FLT3,c.1419-4del; n.1485-4del,,9.97,Uncertain Significance,0.286
13,32907421,32907421,BRCA2,n.2012del; c.424+2261del; c.1444del; c.1813del,p.I605Yfs*9; p.I482Yfs*9,2.03,Pathogenic,0.003
15,91295064,91295064,BLM,c.-445A>G; c.847A>G,p.T283A,2.30,Uncertain Significance,0.003
15,91304139,91304139,BLM,c.419del; c.1544del,p.N515Mfs*16; p.N140Mfs*16,4.67,Pathogenic,0.004
17,29528142,29528142,NF1,c.1150T>C,p.F384L,7.55,Likely Pathogenic,
17,29554582,29554582,NF1,c.2397G>A; c.2367G>A; c.2412G>A,p.K799K; p.K789K; p.K804K,6.08,Uncertain Significance,
17,29554589,29554589,NF1,c.2419C>T; c.2374C>T; c.2404C>T,p.L802F; p.L792F; p.L807F,5.30,Pathogenic,
17,30302736,30302737,SUZ12,c.754+15dup; c.823+15dup,,5.32,Uncertain Significance,2.207
17,30323878,30323878,SUZ12,c.1856T>C; c.1787T>C,p.L596P; p.L619P,2.32,Uncertain Significance,
18,42643452,42643453,SETBP1; ENSG00000267101,n.1023+224_1023+232dup; c.4587_4595dup; c.4416_4424dup,p.L1473_P1475dup; p.L1530_P1532dup,21.83,Uncertain Significance,
21,36164712,36164712,RUNX1,c.1082C>A; c.1163C>A,p.S361*; p.S388*,51.15,Pathogenic,
21,44513243,44513243,ENSG00000295227; U2AF1,c.473C>T; n.925G>A; c.692C>T,p.S231L; p.S158L,2.46,Uncertain Significance,0.000
22,29090054,29090054,CHEK2,c.1154C>T; c.764C>T; c.1427C>T; c.1226C>T; c.1340C>T; c.1556C>T; c.767C>T,p.T256M; p.T476M; p.T255M; p.T385M; p.T409M; p.T519M; p.T447M,6.82,Uncertain Significance,0.031
22,29091142,29091142,CHEK2,c.1261G>A; c.685G>A; c.1075G>A; c.1348G>A; c.688G>A; c.1477G>A; c.1147G>A,p.E421K; p.E229K; p.E359K; p.E383K; p.E493K; p.E450K; p.E230K,4.01,Likely Pathogenic,
X,15841319,15841319,ZRSR2,c.1325G>A; c.1403G>A,p.R468K; p.R442K,3.82,Uncertain Significance,

