Chromosome,Position,End Position,Gene Symbol,Transcript Variant,Protein Variant,Variants_passing_filters-2108D_S6 (paired) - Allele Fraction,Classification,gnomAD Frequency
1,12918885,12918885,PRAMEF2,c.21G>C,p.P7P,2.17,Likely Benign,0.393
1,12918891,12918891,PRAMEF2,c.27A>C,p.L9L,1.29,Benign,6.355
1,12919081,12919081,PRAMEF2,c.217C>T,p.L73F,51.99,Benign,10.838
1,12919587,12919587,PRAMEF2,c.327T>C,p.D109D,44.60,Benign,24.064
1,12919983,12919983,PRAMEF2,c.723G>A,p.R241R,50.06,Benign,10.815
1,12921098,12921098,PRAMEF2,c.889A>C,p.N297H,47.85,Uncertain Significance,0.559
1,12921114,12921114,PRAMEF2,c.905G>A,p.C302Y,1.42,Uncertain Significance,0.041
1,12921119,12921119,PRAMEF2,c.910A>T,p.N304Y,1.52,Uncertain Significance,0.194
1,12921127,12921127,PRAMEF2,c.918A>G,p.L306L,49.26,Benign,26.699
1,12921136,12921137,PRAMEF2,c.927_928delinsTG,p.L310V,2.73,Likely Pathogenic,
1,12921332,12921333,PRAMEF2,c.1123_1124delinsCA,p.C375H,41.21,Uncertain Significance,
1,12921635,12921635,PRAMEF2,c.*1G>A,,15.68,Benign,7.865
1,35250819,35250819,GJB3,c.456C>T,p.L152L,1.86,Uncertain Significance,
1,36937059,36937059,CSF3R,c.864T>C; c.1260T>C,p.T420T; p.T288T,47.05,Benign,55.798
1,43805240,43805240,MPL,c.669A>G; c.690A>G,p.E223E; p.E230E,50.09,Benign,3.581
1,47685455,47685455,TAL1,c.933A>G; c.456A>G *; c.933A>G *,p.K311K; p.K152K,98.69,Benign,100.000
1,65306996,65306997,JAK1,c.2574dup; c.2577dup; c.2451dup; c.2475dup; c.2448dup; c.2580dup,p.P859Tfs*4; p.P860Tfs*4; p.P861Tfs*4; p.P818Tfs*4; p.P826Tfs*4; p.P817Tfs*4,0.50,Likely Pathogenic,
1,65306997,65306997,JAK1,c.2451del; c.2475del; c.2448del; c.2580del; c.2577del; c.2574del,p.K816Nfs*16; p.K817Nfs*16; p.K858Nfs*16; p.K859Nfs*16; p.K860Nfs*16; p.K825Nfs*16,0.79,Pathogenic,
1,65311262,65311262,JAK1,c.2046C>T; c.2049C>T; c.1917C>T; c.1920C>T; c.2043C>T,p.S639S; p.S683S; p.S640S; p.S681S; p.S682S,99.88,Benign,15.025
1,65339111,65339111,JAK1,c.425del,p.K142Rfs*24; p.K142Rfs*26,1.24,Likely Pathogenic,
1,172628474,172628476,FASLG,c.144_146del,p.P53del,0.93,Uncertain Significance,0.015
2,25536827,25536827,DNMT3A,c.27C>T; n.258C>T,p.P9P,51.63,Benign,9.343
2,25972936,25972936,ASXL2,c.1315G>A; c.1489G>A; c.709G>A; c.1486G>A,p.A497T; p.A439T; p.A496T; p.A237T,47.31,Uncertain Significance,0.430
2,48030640,48030640,MSH6,c.3093del; c.3261del; c.2355del; c.3267del; c.3183del; c.3173-2110del; c.108del; n.3451del; c.3173-86del; c.2964del; c.2397del; c.3357del; n.3522del; c.2871del; n.3350del; c.1206del; n.2191del; c.42del; c.2736del; c.1695del,p.F786Sfs*2; p.F913Sfs*2; p.F958Sfs*2; p.F1088Sfs*2; p.F37Sfs*2; p.F989Sfs*2; p.F1032Sfs*2; p.F1090Sfs*2; p.F566Sfs*2; p.F800Sfs*2; p.F1120Sfs*2; p.F403Sfs*2; p.F1062Sfs*2; p.F15Sfs*2,0.67,Pathogenic,0.001
2,61720156,61720156,XPO1,c.1278A>C; c.885A>C; c.1233A>C; c.777A>C; c.921A>C; c.1062A>C; c.1002A>C,p.K307N; p.K426N; p.K259N; p.K411N; p.K334N; p.K354N; p.K295N,3.43,Uncertain Significance,
2,61720159,61720159,XPO1,c.774T>A; c.1059T>A; c.918T>A; c.1230T>A; c.1275T>A; c.999T>A; c.882T>A,p.A425A; p.A258A; p.A306A; p.A294A; p.A410A; p.A333A; p.A353A,0.59,Uncertain Significance,
2,198257795,198257795,SF3B1,c.3657A>G,p.V1219V,49.88,Benign,66.086
2,198265526,198265526,SF3B1,c.2631T>C,p.G877G,49.20,Benign,66.033
2,198283305,198283305,SF3B1,c.423A>G,p.K141K,50.73,Benign,66.128
2,204732714,204732714,CTLA4,c.49A>G; c.121A>G,p.T17A; p.T41A,49.36,Uncertain Significance,41.611
2,204736106,204736106,CTLA4,c.457+450G>A; c.463G>A; c.110-1325G>A; c.535G>A,p.E155K; p.E179K,5.59,Uncertain Significance,
3,10088266,10088266,FANCD2,c.1137G>T,p.V379V,19.50,Benign,18.180
3,10088299,10088299,FANCD2,c.1170C>T,p.S390S,26.45,Benign,25.706
3,10088308,10088308,FANCD2,c.1179T>C,p.T393T,26.72,Benign,26.856
3,10088343,10088343,FANCD2,c.1214A>G,p.N405S,28.74,Benign,25.717
3,10088404,10088404,FANCD2,c.1275C>T,p.Y425Y,29.18,Benign,4.544
3,10088408,10088412,FANCD2,c.1278+1_1278+5delinsT,,29.34,Likely Pathogenic,
3,10089723,10089723,FANCD2,c.1401G>A,p.T467T,3.95,Benign,41.841
3,10089738,10089738,FANCD2,c.1413+3A>G,,3.96,Benign,39.278
3,10106408,10106408,FANCD2,c.2022-5C>T; c.1911-5C>T,,0.65,Likely Benign,0.051
3,10106532,10106532,FANCD2,c.2030C>T; c.2141C>T,p.P677L; p.P714L,3.13,Benign,14.696
3,10107147,10107147,FANCD2,c.2238C>T; c.2127C>T,p.N746N; p.N709N,1.25,Uncertain Significance,0.003
3,10107168,10107168,FANCD2,c.2148T>C; c.2259T>C,p.D753D; p.D716D,1.96,Uncertain Significance,0.003
3,37053568,37053568,MLH1,c.-172A>G; c.655A>G; c.-275A>G; c.-162A>G; c.361A>G; c.-69A>G; c.556A>G,p.I219V; p.I121V; p.I186V,48.38,Uncertain Significance,23.247
3,105422844,105422844,CBLB,c.252G>A; c.801G>A; n.1986G>A; n.1623G>A; c.1665G>A; c.1647G>A; n.1920G>A; n.1660G>A; n.2004G>A; n.1872G>A; c.1581G>A; n.1696G>A; c.1434G>A; c.393G>A,p.T527T; p.T549T; p.T478T; p.T555T; p.T267T; p.T84T; p.T131T,48.34,Benign,72.630
3,128202754,128202754,GATA2,c.966C>T; c.1248C>T,p.Y416Y; p.Y322Y,0.69,Uncertain Significance,0.001
3,187447032,187447032,LOC100131635; BCL6; ENSG00000228804,n.294-3127G>A; c.1161C>T,p.N387N,49.55,Benign,64.365
4,1807894,1807894,FGFR3,c.1956G>A; n.2379G>A; c.1959G>A; c.1953G>A; c.1617G>A,p.T651T; p.T652T; p.T539T; p.T653T,99.86,Benign,98.654
4,55130078,55130078,PDGFRA; ENSG00000282278,c.651T>C; c.612T>C; c.1018-11014T>C; c.687T>C,p.N204N; p.N217N; p.N229N,50.76,Benign,18.408
4,55133726,55133726,PDGFRA; ENSG00000282278,c.939T>G; c.1014T>G; c.1018-7366T>G; c.978T>G,p.G326G; p.G338G; p.G313G,47.49,Benign,18.274
4,55139771,55139771,PDGFRA; ENSG00000282278,c.1471T>C; c.1018-1321T>C; c.1432T>C; c.1507T>C,p.S478P; p.S491P; p.S503P,47.44,Benign,15.338
4,55141055,55141055,PDGFRA; ENSG00000282278,c.1740A>G; c.1776A>G; c.1701A>G; c.1018-37A>G,p.P580P; p.P592P; p.P567P,99.87,Benign,98.760
4,55143577,55143577,PDGFRA; ENSG00000282278,c.1089G>A; c.1848G>A; c.1809G>A; c.1884G>A,p.A363A; p.A603A; p.A628A; p.A616A,50.54,Benign,16.004
4,55152040,55152040,PDGFRA; ENSG00000282278,c.1752C>T; c.2511C>T; c.2547C>T; c.2472C>T,p.V584V; p.V824V; p.V837V; p.V849V,48.46,Benign,18.422
4,55161391,55161391,PDGFRA; ENSG00000282278,c.2502T>C; c.3261T>C; c.3222T>C; c.3297T>C,p.D834D; p.D1099D; p.D1087D; p.D1074D,99.86,Benign,99.911
4,55599268,55599268,KIT,c.2349+1104C>T; c.2379C>T; c.2397C>T; c.2385C>T; c.2382C>T; c.1884C>T; c.2391C>T; c.2394C>T,p.I797I; p.I798I; p.I799I; p.I628I; p.I793I; p.I794I; p.I795I,52.32,Likely Benign,2.035
4,57352505,57352505,SRP72; ENSG00000289393,n.1120G>A; c.918G>A; c.1101G>A; n.133-8568C>T,p.Q306Q; p.Q367Q,5.32,Uncertain Significance,0.000
4,57356588,57356588,SRP72; ENSG00000289393,c.1227A>G; n.133-12651T>C; n.1429A>G; c.1410A>G,p.L409L; p.L470L,48.58,Benign,4.073
4,106156187,106156187,TET2; TET2-AS1,c.1088C>T; n.289-57358G>A; n.319-57358G>A; c.1151C>T,p.P363L; p.P384L,48.86,Benign,4.967
4,106196829,106196829,TET2; TET2-AS1,n.288+58714A>C; c.5225T>G; n.318+58714A>C; c.5162T>G; n.166-14352A>C,p.L1721W; p.L1742W,42.80,Benign,11.548
4,106196951,106196951,TET2; TET2-AS1,n.288+58592T>C; c.5284A>G; n.166-14474T>C; c.5347A>G; n.318+58592T>C,p.I1762V; p.I1783V,53.68,Benign,29.475
4,153268227,153268228,FBXW7,c.585-5dup; c.345-5dup; c.231-5dup,,3.50,Benign,6.481
5,1294086,1294086,TERT; ENSG00000300381,c.915G>A; n.-1168C>T; n.994G>A,p.A305A,47.97,Benign,27.537
5,1294166,1294166,TERT; ENSG00000300381,c.835G>A; n.914G>A; n.-1088C>T,p.A279T,48.85,Benign,2.314
5,1294665,1294665,TERT; ENSG00000300381,c.336del; n.415del; n.-583del,p.E113Rfs*15,1.02,Uncertain Significance,0.003
5,35861068,35861068,IL7R,c.197T>C; n.284T>C,p.I66T,93.23,Benign,62.570
5,35871190,35871190,IL7R,c.412G>A; n.499G>A,p.V138I,99.78,Benign,64.899
5,35874575,35874575,IL7R,n.625-1039C>T; c.731C>T; c.706+825C>T,p.T244I,49.16,Uncertain Significance,23.062
5,35876274,35876274,IL7R,c.*183A>G; c.1066A>G; n.890A>G,p.I356V,49.67,Benign,24.367
5,149447806,149447808,CSF1R,n.1723_1725del; c.1596_1598del; n.1652_1654del; c.1152_1154del,p.L537del; p.L389del,0.99,Uncertain Significance,0.005
5,149457678,149457678,CSF1R,n.853C>T; c.282C>T; c.726C>T; n.782C>T,p.T242T; p.T94T,49.04,Benign,50.924
5,149459831,149459831,CSF1R,n.432C>T; c.-69C>T; c.376C>T; n.503C>T,p.P126S,1.60,Uncertain Significance,
5,149460553,149460553,CSF1R,c.-361T>C; c.84T>C; n.211T>C; n.140T>C,p.P28P,50.53,Benign,48.014
5,149495395,149495395,PDGFRB,c.3252A>G; c.2769A>G; c.3060A>G,p.P1084P; p.P923P; p.P1020P,48.21,Benign,34.047
5,149497177,149497177,PDGFRB,c.2945+4A>G; c.3137+4A>G; c.2654+4A>G,,53.39,Benign,34.877
5,149497228,149497228,PDGFRB,c.2898C>T; c.3090C>T; c.2607C>T,p.P1030P; p.P869P; p.P966P,50.50,Benign,7.705
5,176721198,176721198,NSD1,c.5956T>C; c.1471T>C; c.6067T>C; c.6829T>C; c.6076T>C; c.5707T>C; c.6520T>C; c.6409T>C,p.L1986L; p.L2174L; p.L1903L; p.L491L; p.L2137L; p.L2277L; p.L2026L; p.L2023L,99.11,Benign,82.274
5,176940384,176940384,DDX41,c.822C>T; c.1200C>T,p.R274R; p.R400R,49.60,Benign,41.586
6,18139214,18139214,TPMT; ENSG00000307971,n.268-10505G>A; c.474C>T; c.474C>T *,p.I158I,99.48,Benign,76.396
6,33287898,33287900,DAXX,c.1389_1391del; c.1128_1130del; c.1353_1355del,p.E457del; p.E382del; p.E469del,0.77,Uncertain Significance,0.031
6,33288271,33288271,DAXX,c.1173T>C; c.912T>C; c.1137T>C,p.Y379Y; p.Y304Y; p.Y391Y,99.38,Benign,29.226
7,2946461,2946461,CARD11,c.3276A>G,p.R1092R,45.05,Benign,51.281
7,2957005,2957005,CARD11,c.2622A>G,p.P874P,47.90,Benign,30.863
7,2963941,2963943,CARD11,c.1864_1866del,p.S622del,1.15,Uncertain Significance,0.001
7,2966383,2966383,CARD11,c.1797A>G,p.L599L,0.67,Uncertain Significance,
7,6026775,6026775,PMS2,c.1513A>G; c.1645A>G; c.850A>G; c.1423A>G; c.1465A>G; c.1048A>G; c.1453A>G; c.1147A>G; c.804-4153A>G; c.1303A>G; c.1618A>G; c.1255A>G; c.1108A>G; c.1312A>G; n.1708A>G; c.1807A>G; c.1285A>G; c.1621A>G; c.803+10182A>G; c.1216A>G; c.1297A>G; c.1060A>G; c.688A>G; c.1156A>G,p.K429E; p.K603E; p.K433E; p.K489E; p.K541E; p.K230E; p.K383E; p.K505E; p.K549E; p.K386E; p.K354E; p.K475E; p.K540E; p.K350E; p.K370E; p.K419E; p.K435E; p.K284E; p.K406E; p.K438E; p.K485E,97.55,Benign,84.429
7,6026988,6026988,PMS2,c.835C>T; c.1594C>T; c.1084C>T; c.1042C>T; c.1003C>T; c.1405C>T; c.1240C>T; n.1495C>T; c.1300C>T; c.934C>T; c.1090C>T; c.475C>T; c.1252C>T; c.803+9969C>T; c.1099C>T; c.895C>T; c.847C>T; c.1072C>T; c.1210C>T; c.943C>T; c.804-4366C>T; c.637C>T; c.1432C>T; c.1408C>T,p.P470S; p.P159S; p.P434S; p.P478S; p.P418S; p.P414S; p.P299S; p.P279S; p.P312S; p.P364S; p.P283S; p.P469S; p.P348S; p.P335S; p.P367S; p.P404S; p.P315S; p.P213S; p.P532S; p.P362S; p.P358S,49.98,Benign,38.600
7,6027157,6027157,PMS2,c.468del; c.1236del; c.1425del; c.903del; c.804-4535del; c.803+9800del; c.1071del; c.921del; n.1326del; c.915del; c.1131del; c.1263del; c.873del; c.678del; c.774del; c.834del; c.765del; c.1239del; c.306del; c.666del; c.1083del; c.726del; c.930del; c.1041del,p.D103Tfs*34; p.D414Tfs*34; p.D306Tfs*34; p.D259Tfs*34; p.D279Tfs*34; p.D362Tfs*34; p.D227Tfs*34; p.D302Tfs*34; p.D292Tfs*34; p.D157Tfs*34; p.D243Tfs*34; p.D348Tfs*34; p.D378Tfs*34; p.D413Tfs*34; p.D358Tfs*34; p.D476Tfs*34; p.D223Tfs*34; p.D308Tfs*34; p.D311Tfs*34; p.D256Tfs*34; p.D422Tfs*34,1.35,Pathogenic,
7,6036980,6036980,PMS2,c.780C>G; c.966C>G; c.-154C>G; c.471C>G; c.444C>G; c.672C>G; c.267C>G; c.804C>G; c.705+1759C>G; c.132+5104C>G; c.375C>G; c.207C>G; c.612C>G; c.777C>G; n.867C>G; c.537+5104C>G; c.462C>G,p.S157S; p.S125S; p.S89S; p.S148S; p.S69S; p.S322S; p.S204S; p.S224S; p.S268S; p.S260S; p.S259S; p.S154S,99.62,Benign,80.387
7,6043613,6043613,PMS2,c.-113C>T; c.-245C>T; c.25C>T; c.-63C>T; c.-142C>T; n.327C>T; c.-645C>T; c.-341C>T; c.426C>T; c.-192C>T; c.-52-1346C>T; c.-156C>T; c.240C>T; c.-166C>T,p.F80F; p.F142F; p.R9*,4.80,Likely Benign,0.007
7,6043666,6043666,PMS2,c.-219G>A; c.-116G>A; c.-29G>A; c.373G>A; c.-52-1399G>A; c.-245G>A; c.-195G>A; n.274G>A; c.-166G>A; c.-298G>A; c.-209G>A; c.-394G>A; c.187G>A; c.-698G>A,p.V63M; p.V125M,0.71,Uncertain Significance,0.000
7,6043676,6043676,PMS2,c.-229G>A; c.-126G>A; c.363G>A; c.-219G>A; c.-255G>A; c.-39G>A; c.-404G>A; c.-708G>A; n.264G>A; c.-205G>A; c.-52-1409G>A; c.177G>A; c.-308G>A; c.-176G>A,p.K59K; p.K121K,2.08,Likely Benign,
7,55214348,55214348,EGFR,c.424+3167C>T; c.315C>T; c.89-9175C>T; c.474C>T,p.N158N; p.N105N,49.13,Benign,51.021
7,55233089,55233089,EGFR,c.1704C>T; c.1839C>T; c.1038C>T; c.1680C>T,p.A560A; p.A568A; p.A613A; p.A346A,49.68,Benign,5.190
7,55238087,55238087,EGFR,c.1968C>T; c.1881-781C>T; c.1080-781C>T; c.1746-781C>T; c.1722-781C>T,p.H656H,51.25,Benign,8.324
7,55249063,55249063,EGFR-AS1; EGFR,n.1238C>T; n.1201C>T; c.2226G>A; c.1560G>A; c.2202G>A; c.2361G>A,p.Q734Q; p.Q787Q; p.Q520Q; p.Q742Q,50.14,Benign,52.144
7,55266417,55266417,EGFR,c.2574T>C; c.2709T>C; c.1908T>C; c.2550T>C,p.T636T; p.T903T; p.T858T; p.T850T,91.14,Benign,89.426
7,92733766,92733766,SAMD9,c.1645G>T,p.V549L,47.41,Benign,9.129
7,92734451,92734451,SAMD9,c.960T>C,p.Y320Y,48.93,Benign,37.879
7,92734983,92734983,SAMD9,c.428T>C,p.I143T,47.87,Benign,12.070
7,92735258,92735258,SAMD9,c.153del,p.E52Nfs*16,0.75,Uncertain Significance,
7,92760738,92760738,SAMD9L,c.4547A>C,p.N1516T,46.53,Benign,6.091
7,92764982,92764982,SAMD9L,c.303G>A,p.Q101Q,48.65,Benign,22.980
7,101837149,101837149,CUX1,c.1131G>A; c.1104G>A; c.1089G>A; c.999G>A; c.1020G>A; c.1137G>A,p.P363P; p.P340P; p.P379P; p.P368P; p.P333P; p.P377P,51.02,Benign,34.758
7,101844851,101844851,CUX1,c.1207+5968A>G; c.1117+5968A>G; c.1255+5968A>G; c.1833A>G; c.1138+5968A>G; c.2139A>G; c.2274A>G; c.1249+5968A>G; c.2307A>G,p.P713P; p.P758P; p.P769P; p.P611P,46.56,Benign,35.327
7,101892121,101892121,CUX1,c.3876G>A; c.1250-24516G>A; c.1256-24516G>A; c.1118-24516G>A; c.4182G>A; c.1139-24516G>A; c.1208-24516G>A; c.4350G>A; c.4317G>A,p.P1450P; p.P1394P; p.P1292P; p.P1439P,51.36,Benign,48.426
7,101892133,101892135,CUX1,c.1250-24491_1250-24489del; c.1208-24491_1208-24489del; c.1139-24491_1139-24489del; c.4375_4377del; c.1256-24491_1256-24489del; c.3901_3903del; c.4207_4209del; c.1118-24491_1118-24489del; c.4342_4344del,p.S1301del; p.S1403del; p.S1448del; p.S1459del,0.99,Likely Benign,0.370
7,101916647,101916647,CUX1,c.1260A>G; c.1266A>G *; c.1218A>G *; c.1149A>G; c.1218A>G; c.1149A>G *; c.1266A>G; c.1128A>G *; c.1128A>G; c.1260A>G *,p.A383A; p.A422A; p.A376A; p.A420A; p.A406A,99.77,Benign,72.926
7,101917521,101917521,CUX1,c.1384G>A; c.1252G>A; c.1342G>A; c.1390G>A; c.1273G>A,p.A464T; p.A462T; p.A425T; p.A418T; p.A448T,99.94,Benign,56.358
7,101921229,101921229,CUX1,c.1525C>G; c.1456C>G; c.1435C>G; c.1567C>G; c.1573C>G,p.L486V; p.L509V; p.L525V; p.L479V; p.L523V,48.09,Uncertain Significance,0.548
7,103155705,103155705,RELN,c.8046T>C,p.H2682H,50.33,Benign,46.782
7,103162607,103162607,RELN,c.7530C>T,p.P2510P,41.96,Benign,5.112
7,103202405,103202406,RELN,c.5211-6_5211-5del,,0.91,Uncertain Significance,0.001
7,103205893,103205893,RELN,c.5042G>A,p.S1681N,0.65,Uncertain Significance,0.002
7,103230238,103230238,RELN,c.3950C>T,p.A1317V,1.26,Uncertain Significance,
7,103251161,103251161,RELN,c.2989C>G,p.L997V,48.76,Benign,11.397
7,103301976,103301977,RELN,c.1290-3dup,,2.19,Benign,0.535
7,103301977,103301977,RELN,c.1290-3del,,3.50,Likely Benign,0.024
7,103389954,103389954,RELN,c.578-3T>C,,49.51,Benign,49.219
7,103629803,103629804,RELN,c.-6_-1dup,,98.04,Benign,26.337
7,116411923,116411923,MET,c.2908C>T; c.2962C>T; c.1618C>T,p.R988C; p.R970C; p.R540C,48.95,Pathogenic,0.284
7,116435768,116435768,MET,c.3858C>T; c.2568C>T; c.3912C>T,p.D856D; p.D1286D; p.D1304D,49.97,Benign,42.252
7,116436022,116436022,MET,c.4071G>A; c.4017G>A; c.2727G>A,p.A1339A; p.A1357A; p.A909A,49.79,Benign,42.426
7,116436097,116436097,MET,c.4146G>A; c.4092G>A; c.2802G>A,p.P1382P; p.P934P; p.P1364P,45.65,Benign,42.451
7,139094365,139094366,FMC1-LUC7L2; LUC7L2,c.754_755del; c.748_749del; c.757_758del; c.955_956del,p.E253Rfs*34; p.E250Rfs*34; p.E319Rfs*34; p.E252Rfs*34,2.82,Likely Pathogenic,1.969
7,140426257,140426257,BRAF,c.*37T>C; c.2187T>C; c.2128-10421T>C,p.S729S,51.02,Benign,37.551
7,140434574,140434575,BRAF,c.2026-5dup; c.2017-5dup; c.2128-5dup; c.2062-5dup; c.1972-5dup; c.2127+5037dup; c.1864-5dup; c.2248-5dup; c.2137-5dup,,2.70,Likely Benign,
7,148543693,148543694,EZH2,c.118-4dup,,2.17,Uncertain Significance,0.078
7,148543694,148543695,EZH2,c.118-5_118-4del,,4.88,Likely Benign,0.254
7,148543694,148543694,EZH2,c.118-4del,,51.51,Benign,70.685
7,151836879,151836879,KMT2C; ENSG00000293764,c.14515-3del; c.13897-3del; n.-903del; c.14344-3del,,1.74,Uncertain Significance,0.003
7,151874148,151874148,KMT2C,c.8165del; c.8390del,p.K2722Rfs*26; p.K2797Rfs*26,5.09,Pathogenic,0.195
7,151877128,151877128,KMT2C,c.7233A>G; c.7008A>G,p.S2411S; p.S2336S,42.93,Uncertain Significance,0.077
7,151921099,151921099,KMT2C,c.3203+1G>A; c.3323+1G>A,,1.06,Pathogenic,
7,151921255,151921255,KMT2C,c.3168G>A; c.3048G>A,p.W1056*; p.W1016*,6.73,Likely Pathogenic,
7,151921517,151921517,KMT2C,c.3038+3A>T; c.3158+3A>T,,0.58,Uncertain Significance,
7,151927016,151927016,KMT2C,c.2968A>G; c.2848A>G,p.S990G; p.S950G,10.39,Likely Benign,2.562
7,151927021,151927021,KMT2C,c.2963G>T; c.2843G>T,p.C988F; p.C948F,26.60,Benign,22.612
7,151927023,151927023,KMT2C,c.2961C>G; c.2841C>G,p.Y947*; p.Y987*,22.11,Likely Pathogenic,
7,151927025,151927025,KMT2C,c.2959T>C; c.2839T>C,p.Y987H; p.Y947H,21.96,Benign,38.544
7,151927026,151927026,KMT2C,c.2838A>G; c.2958A>G,p.P986P; p.P946P,4.31,Benign,23.424
7,151927067,151927067,KMT2C,c.2797A>G; c.2917A>G,p.R973G; p.R933G,22.92,Likely Pathogenic,
7,151932908,151932908,KMT2C,c.2643A>G; c.2763A>G,p.L921L; p.L881L,2.92,Benign,42.499
7,151932923,151932923,KMT2C,c.2628C>T; c.2748C>T,p.I876I; p.I916I,0.85,Uncertain Significance,0.338
7,151932945,151932945,KMT2C,c.2606G>A; c.2726G>A,p.R909K; p.R869K,0.55,Benign,5.100
7,151932965,151932965,KMT2C,c.2706G>A; c.2586G>A,p.S902S; p.S862S,0.79,Benign,17.096
7,151932990,151932990,KMT2C,c.2681G>A; c.2561G>A,p.R854Q; p.R894Q,0.59,Uncertain Significance,0.127
7,151935788,151935788,KMT2C,c.2652+4A>C; c.2533-2770A>C,,4.74,Uncertain Significance,
7,151935798,151935799,KMT2C,c.2645_2646delinsCA; c.2533-2781_2533-2780delinsCA,p.I882T,28.86,Uncertain Significance,
7,151935866,151935866,KMT2C,c.2533-2848C>T; c.2578C>T,p.P860S,22.36,Likely Pathogenic,
7,151935871,151935871,KMT2C,c.2533-2853G>T; c.2573G>T,p.W858L,24.40,Likely Pathogenic,
7,151945007,151945007,KMT2C,c.2515G>A; c.2512G>A,p.G838S; p.G839S,45.00,Benign,49.408
7,151945071,151945072,KMT2C,c.2447dup; c.2450dup,p.Y816*; p.Y817*,24.67,Benign,48.670
7,151945101,151945101,KMT2C,c.2421C>G; c.2418C>G,p.S807S; p.S806S,1.01,Benign,20.838
7,151945140,151945140,KMT2C,c.2379G>A; c.2382G>A,p.S794S; p.S793S,12.16,Benign,43.539
7,151945167,151945167,KMT2C,c.2352C>A; c.2355C>A,p.S785S; p.S784S,29.87,Benign,47.695
7,151945215,151945215,KMT2C,c.2304A>G; c.2307A>G,p.S769S; p.S768S,14.68,Likely Benign,3.158
7,151945225,151945225,KMT2C,c.2297A>G; c.2294A>G,p.E766G; p.E765G,13.16,Uncertain Significance,0.474
7,151945228,151945228,KMT2C,c.2294C>T; c.2291C>T,p.S765F; p.S764F,6.52,Uncertain Significance,0.012
7,151945313,151945313,KMT2C,c.2209T>C; c.2206T>C,p.L736L; p.L737L,1.27,Likely Benign,0.147
7,151949735,151949735,KMT2C,c.1365A>G; c.1368A>G,p.I455M; p.I456M,50.40,Likely Benign,2.386
7,151962257,151962257,KMT2C,c.1053G>A; c.1050G>A,p.P351P; p.P350P,6.64,Uncertain Significance,0.100
7,151962265,151962265,KMT2C,c.1042G>A; c.1045G>A,p.D348N; p.D349N,6.24,Uncertain Significance,0.033
7,151962269,151962269,KMT2C,c.1041G>A; c.1038G>A,p.V347V; p.V346V,2.18,Uncertain Significance,0.012
7,151962294,151962294,KMT2C,c.1016C>T; c.1013C>T,p.S339L; p.S338L,0.71,Uncertain Significance,0.002
7,151962296,151962296,KMT2C,c.1016-2A>G; c.1013-2A>G,,0.92,Likely Pathogenic,0.001
7,151970856,151970856,KMT2C,c.946A>T; c.949A>T,p.T317S; p.T316S,74.85,Benign,50.094
7,151970859,151970859,KMT2C,c.943G>A; c.946G>A,p.G315S; p.G316S,7.74,Likely Benign,0.425
7,151970877,151970877,KMT2C,c.925C>T; c.928C>T,p.P309S; p.P310S,6.97,Uncertain Significance,0.519
8,30915971,30915971,WRN,c.15del,p.K5Nfs*15,0.63,Likely Pathogenic,0.003
8,30924557,30924557,WRN,c.513C>T,p.C171C,47.11,Benign,70.808
8,30945377,30945379,WRN,c.1530_1532del,p.E510del,0.68,Uncertain Significance,0.017
8,30982451,30982451,WRN,c.2760A>G,p.K920K,1.64,Uncertain Significance,
8,31024638,31024638,WRN,c.4083C>T,p.S1361S,99.65,Benign,29.695
8,38285914,38285916,FGFR1,c.129_131del; c.372_374del; c.495_497del; c.396_398del,p.D44del; p.D133del; p.D125del; p.D166del,0.96,Pathogenic,0.014
8,41790866,41790866,KAT6A,c.4872C>G,p.V1624V,50.06,Benign,2.264
8,41791532,41791532,KAT6A,c.4206T>C,p.T1402T,48.00,Likely Benign,0.003
8,41798420,41798422,KAT6A,c.2977_2979del,p.E993del,1.05,Uncertain Significance,0.006
8,41805325,41805325,KAT6A,c.1846del,p.Y616Mfs*3,0.52,Likely Pathogenic,
8,90982659,90982659,NBN,c.583A>C; c.585-5924A>C; c.829A>C,p.N195H; p.N277H,0.65,Uncertain Significance,
8,117864217,117864217,RAD21,c.1440T>C,p.A480A,47.37,Benign,17.309
8,117864952,117864953,RAD21,c.1162-7_1162-6dup,,0.71,Uncertain Significance,0.149
8,128750605,128750607,CASC11; MYC,c.-192_-190del; c.109_111del; c.151_153del; c.154_156del; n.-84_-82del,p.Q37del; p.Q51del; p.Q52del,0.74,Uncertain Significance,0.002
9,5050706,5050706,JAK2,c.489C>T; n.890C>T; c.-632C>T; n.973C>T; c.42C>T,p.H163H; p.H14H,45.32,Benign,32.549
9,5081780,5081780,JAK2,c.2043G>A; c.1275G>A; n.2891G>A; c.2490G>A; n.2974G>A,p.L681L; p.L425L; p.L830L,49.25,Benign,53.602
9,36840623,36840623,PAX5,c.1008C>T; c.921C>T; c.810C>T; c.878C>T; c.1110C>T; c.894C>T; c.597C>T; c.981C>T; c.1023C>T; c.786C>T; n.1274C>T; c.791C>T; n.1217C>T,p.T293I; p.Y336Y; p.Y327Y; p.Y307Y; p.Y262Y; p.Y341Y; p.Y199Y; p.Y298Y; p.Y370Y; p.T264I; p.Y270Y,99.73,Benign,86.447
9,86586806,86586808,HNRNPK-AS1; HNRNPK,n.139_141del; c.942_944del; c.870_872del; n.-193_-191del,p.P315del; p.P291del,0.55,Uncertain Significance,0.003
9,86586890,86586890,HNRNPK-AS1; HNRNPK,c.788G>A; c.860G>A; n.212C>T; n.-120C>T,p.R263Q; p.R287Q,0.78,Uncertain Significance,0.000
9,133761001,133761001,ABL1,c.3381A>G; c.3324A>G,p.P1108P; p.P1127P,42.95,Benign,55.454
9,139418260,139418260,NOTCH1,c.312T>C,p.N104N,49.20,Benign,59.336
10,27322259,27322259,ANKRD26,c.3699del; c.3702del,p.K1233Nfs*19; p.K1234Nfs*19,0.64,Likely Pathogenic,
10,27329038,27329038,ANKRD26,c.2228del; c.2231del,p.N743Ifs*8; p.N744Ifs*8,0.94,Uncertain Significance,0.001
10,27333121,27333122,ANKRD26,c.1983-3dup; c.1986-3dup,,7.54,Benign,7.165
10,27333122,27333123,ANKRD26,c.1983-4_1983-3del; c.1986-4_1986-3del,,2.32,Uncertain Significance,0.422
10,27333122,27333122,ANKRD26,c.1983-3del; c.1986-3del,,15.01,Benign,34.062
10,27337806,27337808,ANKRD26,c.1736_1738del,p.D579del,0.78,Likely Benign,0.003
10,27369086,27369086,ANKRD26,c.741-996del,,2.07,Uncertain Significance,0.024
10,27389197,27389197,ANKRD26,c.59A>G,p.Q20R,99.66,Benign,89.948
10,72358577,72358577,PRF1; PALD1,c.900C>T; c.2419-67G>A; c.2250+34302G>A; c.2263-67G>A,p.H300H,99.46,Benign,64.107
10,72358655,72358655,PRF1; PALD1,c.2250+34380G>A; c.2274G>A; c.822C>T; c.2430G>A,p.A274A; p.S758S; p.S810S,53.31,Benign,16.397
10,89692921,89692921,PTEN,c.498A>T; c.405A>T; c.-346A>T; c.924A>T; c.360A>T,p.I120I; p.I308I; p.I135I; p.I166I,0.54,Uncertain Significance,
10,90771829,90771829,FAS,n.411T>C; n.612T>C; n.951T>C; n.538+1257T>C; n.474T>C; c.568+1257T>C; n.808T>C; n.549T>C; c.687T>C; n.561T>C; c.579T>C; c.642T>C,p.T193T; p.T229T; p.T214T,51.76,Benign,76.186
10,112349422,112349422,SMC3,c.1365T>C,p.Y455Y,49.65,Benign,4.419
10,112357944,112357944,SMC3,c.2164G>A,p.E722K,1.94,Uncertain Significance,
10,112361870,112361870,SMC3,c.3039A>G,p.S1013S,99.85,Benign,99.598
10,123239112,123239112,FGFR2,c.*259C>T; c.2107C>T; n.3161C>T; c.*453C>T,p.L703L,50.15,Benign,53.214
10,123298158,123298158,FGFR2,n.984A>G; c.429A>G; c.696A>G; c.351A>G,p.V232V; p.V143V; p.V117V,49.29,Benign,78.012
11,534242,534242,HRAS,c.81T>C; c.-239T>C,p.H27H,46.54,Benign,31.879
11,30033563,30033563,KCNA4,c.663del,p.F221Lfs*21,1.17,Uncertain Significance,0.000
11,30034029,30034031,KCNA4,c.195_197del,p.H65del,0.92,Uncertain Significance,0.006
11,32417945,32417945,WT1,c.360A>G; c.1071A>G; n.1403A>G; c.852A>G; c.420A>G; n.1454A>G; c.999A>G; c.903A>G; c.471A>G; c.1122A>G; c.948A>G; c.-67A>G; c.447A>G; c.1116A>G,p.R157R; p.R374R; p.R149R; p.R120R; p.R357R; p.R301R; p.R333R; p.R140R; p.R284R; p.R372R; p.R316R,49.48,Benign,23.571
11,32456562,32456562,WT1-AS; WT1,n.-308G>A; n.-606G>A; c.126C>T; n.-610G>A; c.-1044C>T; n.-777G>A; n.-808G>A; c.-1353C>T; n.-754G>A; n.-745G>A; n.-563G>A; n.-1023G>A; n.-542G>A; c.345C>T; n.-502G>A; n.524C>T; n.-649G>A; n.-704G>A; n.-784G>A,p.P42P; p.P115P,48.07,Benign,24.419
11,64534503,64534505,SF1,c.1403-61_1403-59del; c.1453_1455del; c.1104_1106del; c.1449_1451del; c.1824_1826del; c.1108_1110del; c.1371_1373del; c.1444_1446del,p.P610del; p.A370del; p.A482del; p.P485del; p.P370del; p.A485del; p.P459del,0.97,Uncertain Significance,0.186
11,72945341,72945341,P2RY2,c.137C>T,p.P46L,96.99,Benign,92.488
11,72946020,72946020,P2RY2,c.816C>T,p.R272R,97.30,Benign,56.602
11,108040484,108040484,NPAT,c.2997C>A,p.N999K,51.12,Benign,6.897
11,108043988,108043988,NPAT,c.1723G>A,p.V575I,49.93,Benign,60.114
11,108044069,108044069,NPAT,c.1642del,p.S548Vfs*11,0.66,Uncertain Significance,
11,108183167,108183167,C11orf65; ATM,c.5948A>G; c.641-3369T>C; c.*39-3369T>C; c.5948A>G *,p.N1983S; p.S1983S,99.95,Benign,100.000
11,108196957,108196958,C11orf65; ATM,c.6975+13dup; c.*38+8989dup; c.641-17160dup,,0.68,Likely Benign,0.009
11,119077233,119077235,CBL,c.125_127del,p.H42del,1.93,Likely Benign,0.055
11,124412838,124412838,OR8B12,c.713G>A,p.S238N,49.11,Benign,5.181
12,22814036,22814036,ETNK1,c.864A>G; c.597A>G,p.E288E; p.E199E,49.34,Benign,19.313
12,25368462,25368462,KRAS,c.451-5617G>A; c.253-5617G>A; c.376-5617G>A; c.483G>A *; c.483G>A,p.R161R,99.63,Benign,99.949
12,111884608,111884608,SH2B3,c.178T>C; c.784T>C,p.W60R; p.W262R,99.98,Benign,66.803
13,19748181,19748181,TUBA3C,c.1175A>T,p.D392V,0.79,Uncertain Significance,
13,19751274,19751274,TUBA3C,c.849C>T,p.H283H,8.98,Uncertain Significance,0.007
13,19751289,19751289,TUBA3C,c.834C>T,p.A278A,1.85,Uncertain Significance,0.009
13,19751292,19751292,TUBA3C,c.831A>G,p.S277S,5.78,Uncertain Significance,0.005
13,19751301,19751301,TUBA3C,c.822G>A,p.P274P,6.42,Uncertain Significance,0.038
13,19751466,19751466,TUBA3C,c.657C>T,p.I219I,1.07,Uncertain Significance,0.002
13,19751586,19751586,TUBA3C,c.537G>A,p.T179T,1.47,Uncertain Significance,0.002
13,19753629,19753629,TUBA3C,c.78G>T,p.L26L,0.68,Uncertain Significance,
13,28608459,28608459,FLT3,c.1683A>G; n.1749A>G,p.L561L,47.12,Benign,7.897
13,28609813,28609814,FLT3,c.1419-4dup; n.1485-4dup,,3.62,Uncertain Significance,0.541
13,28609814,28609814,FLT3,c.1419-4del; n.1485-4del,,8.43,Uncertain Significance,0.286
13,28610183,28610183,FLT3,n.1376-3T>C; c.1310-3T>C,,51.71,Uncertain Significance,70.039
13,28624294,28624294,FLT3,n.746C>T; c.680C>T,p.T227M,48.43,Benign,59.806
13,28636084,28636084,FLT3,n.354C>T; c.288C>T,p.D96D,99.41,Benign,98.285
13,28674628,28674628,FLT3,c.20A>G; n.86A>G,p.D7G,49.92,Benign,36.228
13,32906729,32906729,BRCA2,n.1313A>C; c.424+1562A>C; c.745A>C; c.1114A>C,p.N372H; p.N249H,49.23,Benign,27.333
13,32907421,32907421,BRCA2,n.2012del; c.424+2261del; c.1444del; c.1813del,p.I605Yfs*9; p.I482Yfs*9,1.50,Pathogenic,0.003
13,32912299,32912299,BRCA2,c.425-6396T>C; c.3438T>C; c.1909+4775T>C; c.3807T>C; n.4006T>C,p.V1146V; p.V1269V,45.76,Benign,17.542
13,32913055,32913055,BRCA2,c.4563A>G; n.4762A>G; c.425-5640A>G; c.4194A>G; c.1909+5531A>G,p.L1398L; p.L1521L,84.57,Benign,99.275
13,32915005,32915005,BRCA2,c.425-3690G>C; c.1910-3690G>C; c.6144G>C; c.6513G>C; n.6712G>C,p.V2048V; p.V2171V,96.38,Benign,99.253
13,32929387,32929387,BRCA2,c.980T>C; c.7301T>C; c.7028T>C; c.7397T>C; n.7596T>C; c.2465T>C,p.V2343A; p.V2434A; p.V2466A; p.V327A; p.V822A,99.83,Benign,99.343
13,32954022,32954023,BRCA2,n.9360dup; c.9046dup; c.8941dup; c.9001dup; c.4165dup; c.9097dup; c.2680dup; c.8728dup,p.T3016Nfs*11; p.T1389Nfs*11; p.T2910Nfs*11; p.T3001Nfs*11; p.T3033Nfs*11; p.T2981Nfs*11; p.T894Nfs*11,0.63,Pathogenic,0.001
13,32954023,32954023,BRCA2,c.8941del; c.2680del; c.4165del; c.9046del; c.8728del; c.9001del; c.9097del; n.9360del,p.T1389Lfs*29; p.T3033Lfs*29; p.T2910Lfs*29; p.T3001Lfs*29; p.T3016Lfs*29; p.T2981Lfs*29; p.T894Lfs*29,1.56,Pathogenic,0.001
14,86088056,86088056,FLRT2,c.198T>C,p.T66T,97.60,Benign,99.769
14,86089315,86089315,FLRT2,c.1457G>A,p.R486Q,49.76,Benign,14.909
15,66727454,66727456,MAP2K1,c.170_172delinsGAT; c.104_106delinsGAT,p.K35_Q36delinsR*; p.K57_Q58delinsR*,0.87,Uncertain Significance,
15,74328116,74328116,PML,c.*1119A>G; c.*2167A>G; c.*35+1245A>G; c.*639A>G; c.2314A>G; c.1710+1245A>G; c.1566+1245A>G; c.1255-232A>G; c.2170A>G,p.S772G; p.S724G,98.52,Benign,52.387
15,74328141,74328141,PML,c.1710+1270G>T; c.*664G>T; c.*35+1270G>T; c.2195G>T; c.1566+1270G>T; c.1255-207G>T; c.*2192G>T; c.*1144G>T; c.2339G>T,p.G732V; p.G780V,97.96,Benign,36.446
15,82555242,82555242,EFL1; SAXO2,c.-170A>G; c.-784T>C; c.-260A>G; c.-54A>G; c.-307T>C; n.-167T>C; c.-1011T>C; n.84A>G; c.-376A>G; c.-432A>G; c.22A>G; c.-176A>G,p.S8G,49.79,Benign,19.105
15,82558034,82558034,SAXO2,c.178G>C; c.-20G>C; c.28+2505G>C; c.53+2761G>C; c.37G>C,p.A60P; p.A13P,41.15,Benign,61.085
15,82563991,82563991,SAXO2,c.28+8462C>T; c.56C>T; c.140C>T; c.281C>T; c.233+5902C>T; c.101C>T,p.P94L; p.P47L; p.P34L; p.P19L,47.78,Benign,43.935
15,82574879,82574879,SAXO2,c.712T>C; c.448T>C; c.673T>C; c.853T>C; c.628T>C; c.*410T>C,p.W210R; p.W150R; p.W285R; p.W225R; p.W238R,47.65,Benign,24.845
15,88576185,88576185,NTRK3,c.1464C>G; c.1194C>G; c.1170C>G; c.1488C>G,p.A488A; p.A398A; p.A496A; p.A390A,48.14,Benign,34.875
15,88679785,88679785,NTRK3,c.384C>T; c.678C>T *; c.678C>T,p.N226N; p.N128N,99.88,Benign,99.673
15,91295064,91295064,BLM,c.-445A>G; c.847A>G,p.T283A,2.16,Uncertain Significance,0.003
15,91304138,91304139,BLM,c.419dup; c.1544dup,p.N140Kfs*2; p.N515Kfs*2,0.90,Pathogenic,0.009
15,91304139,91304139,BLM,c.419del; c.1544del,p.N515Mfs*16; p.N140Mfs*16,3.75,Pathogenic,0.004
15,91304286,91304288,BLM,c.570_572del; c.1695_1697del,p.D566del; p.D191del,0.64,Uncertain Significance,0.002
15,91337479,91337479,BLM; ENSG00000300894,c.1977G>A; c.3102G>A; n.239+14166C>T,p.T659T; p.T1034T,50.71,Benign,15.995
15,91346923,91346923,BLM; ENSG00000300894,c.3358+5356C>A; c.3531C>A; n.239+4722G>T; c.2406C>A,p.A1177A; p.A802A,48.56,Benign,15.345
15,91354505,91354505,BLM,c.3552C>T; c.2820C>T; c.3945C>T,p.L1315L; p.L940L; p.L1184L,49.79,Benign,15.353
16,3778303,3778305,CREBBP,c.6743_6745del; c.6629_6631del,p.Q2210del; p.Q2248del,0.72,Uncertain Significance,0.002
16,3778401,3778403,CREBBP,c.6645_6647del; c.6531_6533del,p.Q2216del; p.Q2178del,0.59,Uncertain Significance,0.003
16,3778440,3778442,CREBBP,c.6492_6494del; c.6606_6608del,p.Q2216del; p.Q2178del,0.73,Uncertain Significance,
16,3779136,3779138,CREBBP,c.5910_5912del; c.5796_5798del,p.Q1932del; p.Q1970del,0.70,Uncertain Significance,0.016
16,3808053,3808055,CREBBP,c.3256-6_3256-4del; c.3370-6_3370-4del,,0.81,Uncertain Significance,0.001
16,3808053,3808053,CREBBP,c.3370-4del; c.3256-4del,,15.02,Benign,25.610
16,67646013,67646014,CTCF,c.950_951del; c.-32-4626_-32-4625del,p.T317Rfs*91,1.16,Likely Pathogenic,0.000
16,67671655,67671655,CTCF,c.2070del; c.1086del; c.2064del,p.E689Sfs*30; p.E691Sfs*30; p.E363Sfs*30,0.59,Likely Pathogenic,
17,263387,263387,LIAT1; LOC105371430,n.46-183A>G; c.304+2950T>C; c.753T>C,p.A251A,49.69,Benign,9.652
17,263456,263456,LIAT1; LOC105371430,c.304+3019T>C; n.46-252A>G; c.822T>C,p.G274G,7.51,Likely Benign,0.016
17,263652,263652,LIAT1; LOC105371430,c.304+3215G>A; n.45+118C>T; c.1018G>A,p.E340K,1.01,Uncertain Significance,0.002
17,263711,263711,LIAT1; LOC105371430,n.45+59G>A; c.304+3274C>T; c.1077C>T,p.P359P,3.64,Likely Benign,
17,1578939,1578939,PRPF8,c.2847G>A; c.2712G>A,p.P949P; p.P904P,50.67,Benign,21.339
17,1580929,1580929,PRPF8,c.1914C>G; c.1779C>G,p.L638L; p.L593L,48.33,Benign,21.727
17,1584324,1584324,PRPF8,c.891T>C,p.N297N,47.66,Benign,21.785
17,1585130,1585130,PRPF8,c.637T>C,p.L213L,48.44,Benign,18.802
17,7579472,7579472,TP53,c.98C>G; c.215C>G; c.-1020C>G; c.-939C>G; n.357C>G,p.P72R; p.P33R,96.85,Uncertain Significance,66.289
17,16855878,16855878,TNFRSF13B,c.81G>A; c.62-3581G>A,p.T27T,47.53,Benign,80.823
17,29490295,29490295,NF1,c.380G>A,p.G127E,1.01,Likely Pathogenic,
17,29508775,29508775,NF1,c.702G>A,p.L234L,48.41,Benign,62.010
17,29527569,29527569,NF1,c.1018T>G,p.S340A,0.74,Likely Pathogenic,
17,29528142,29528142,NF1,c.1150T>C,p.F384L,3.82,Likely Pathogenic,
17,29541476,29541476,NF1,c.1430C>T; c.1445C>T; c.1400C>T,p.T482I; p.T477I; p.T467I,4.25,Pathogenic,
17,29553485,29553485,NF1,c.2079G>A; c.2034G>A; c.2064G>A,p.P678P; p.P693P; p.P688P,46.97,Benign,38.412
17,29554541,29554541,NF1,c.2356G>A; c.2371G>A; c.2326G>A,p.A786T; p.A791T; p.A776T,0.84,Pathogenic,
17,29554582,29554582,NF1,c.2397G>A; c.2367G>A; c.2412G>A,p.K799K; p.K789K; p.K804K,6.78,Uncertain Significance,
17,29554589,29554589,NF1,c.2419C>T; c.2374C>T; c.2404C>T,p.L802F; p.L792F; p.L807F,6.00,Pathogenic,
17,30302736,30302737,SUZ12,c.754+15dup; c.823+15dup,,3.82,Uncertain Significance,2.207
17,30302737,30302737,SUZ12,c.754+15del; c.823+15del,,11.04,Likely Benign,2.318
17,30302737,30302738,SUZ12,c.754+14_754+15del; c.823+14_823+15del,,1.10,Uncertain Significance,0.001
17,30303572,30303572,SUZ12,c.856C>T; c.787C>T,p.R263*; p.R286*,0.84,Pathogenic,
17,30310124,30310124,SUZ12,c.954+1G>C; c.1023+1G>C,,0.76,Likely Pathogenic,
17,30323878,30323878,SUZ12,c.1856T>C; c.1787T>C,p.L596P; p.L619P,2.10,Uncertain Significance,
17,37949000,37949000,IKZF3,c.164-26254A>C; c.164-4373A>C; c.248A>C; c.164-1164A>C; c.-518A>C; c.164-14980A>C; c.-350A>C; c.350A>C,p.K83T; p.K117T,49,Uncertain Significance,
17,40370236,40370236,STAT5B,c.1099del; c.1102del,p.Q368Rfs*2; p.Q367Rfs*2,0.91,Uncertain Significance,0.000
17,41245587,41245587,BRCA1,c.646+1174del; c.1835del; c.1073del; c.1883del; c.1748del; c.-99+31701del; c.1961del; c.5-29619del; c.-43-19049del; c.787+1174del; c.784+1174del; c.706+1174del; c.1820del,p.K358Sfs*47; p.K583Sfs*47; p.K607Sfs*47; p.K628Sfs*47; p.K612Sfs*47; p.K654Sfs*47,1.12,Pathogenic,0.001
17,74732507,74732507,MFSD11; SRSF2,c.-1928A>G; c.-1812A>G; c.-733A>G; c.-1623A>G; n.573T>C; n.-1694A>G; c.402T>C; c.-1530A>G; c.-1645A>G; c.-738A>G; n.-209A>G; c.-1269A>G; c.366T>C,p.S122S; p.S134S,99.87,Benign,99.703
17,74733099,74733099,MFSD11; MIR636; SRSF2,n.-1102G>A; c.-141G>A; n.-469C>T; c.-1336G>A; c.-1053G>A; n.315C>T; c.-938G>A; c.-146G>A; c.-1220G>A; c.-1031G>A; n.384G>A; c.144C>T; c.-677G>A,p.D48D,97.76,Benign,88.440
18,42456653,42456653,SETBP1,c.540+7405G>A; c.664G>A,p.A222T,99.60,Benign,52.534
18,42456670,42456671,SETBP1,c.540+7422_540+7423insTCTT; c.681_682insTCTT,p.T228Sfs*8,99.65,Benign,52.471
18,42529996,42529996,SETBP1,c.691G>C,p.V231L,47.39,Benign,19.023
18,42532693,42532693,SETBP1,c.3388C>A,p.P1130T,47.13,Benign,13.296
18,42533130,42533130,SETBP1,c.3825A>G,p.S1275S,99.31,Benign,88.475
19,855966,855966,ELANE,c.606C>A,p.S202S,48.57,Benign,12.308
19,7706680,7706680,STXBP2,c.510C>A; c.519C>A; c.552C>A; c.423C>A; n.559C>A,p.A170A; p.A173A; p.A184A; p.A141A,0.50,Uncertain Significance,
19,7707311,7707311,STXBP2,c.786-4C>T; c.795-4C>T; c.828-4C>T; n.835-4C>T; c.699-4C>T,,49.49,Likely Benign,1.171
19,7712277,7712277,STXBP2,c.1480A>G; c.1609A>G; c.1576A>G; c.1538+144A>G; n.1591A>G; c.181A>G; c.1567A>G,p.I61V; p.I494V; p.I523V; p.I526V; p.I537V,99.91,Benign,64.010
19,10262139,10262139,DNMT1,c.2152del; c.2200del; c.1837del,p.M613Cfs*59; p.M718Cfs*59; p.M734Cfs*59,0.78,Uncertain Significance,
19,10265312,10265312,DNMT1,c.1419A>G; c.1734A>G; c.1782A>G,p.T578T; p.T594T; p.T473T,99.63,Benign,99.074
19,10267077,10267077,DNMT1,c.1341A>G; c.1389A>G; c.1026A>G,p.P447P; p.P463P; p.P342P,47.41,Benign,51.810
19,10940882,10940882,DNM2,c.2377del; c.2365del,p.L789*; p.L793*,0.64,Pathogenic,
19,17945696,17945696,JAK3,c.2164G>A,p.V722I,49.54,Uncertain Significance,0.838
19,33792755,33792757,CEBPA; CEBPA-DT,n.-967_-965del; c.564_566del; c.669_671del; n.-981_-979del; n.-954_-952del; c.522_524del; c.207_209del; n.-959_-957del,p.P175del; p.P70del; p.P189del; p.P224del,1.34,Likely Benign,0.595
19,45284236,45284236,CBLC,c.428A>G,p.K143R,9.77,Uncertain Significance,
19,56171899,56171901,ENSG00000309226; U2AF2,n.-1456_-1454del; c.259_261del,p.K87del,1.08,Uncertain Significance,0.012
19,56180968,56180968,U2AF2,c.1191C>T; c.1203C>T,p.D397D; p.D401D,99.83,Benign,86.871
20,30946592,30946594,ASXL1; ENSG00000305457,c.-508_-506del; c.25_27del; c.-947_-945del; n.-631_-629del,p.K9del,0.67,Likely Benign,0.035
20,31017747,31017749,ASXL1,c.604_606del; c.619_621del; c.535+523_535+525del,p.S207del; p.S202del,0.54,Uncertain Significance,0.001
20,31022441,31022442,ASXL1,c.1934dup; c.1751dup; c.1919dup; c.1869+65dup,p.G646Wfs*12; p.G585Wfs*12; p.G641Wfs*12,1.25,Pathogenic,0.050
20,31022442,31022442,ASXL1,c.1919del; c.1869+65del; c.1934del; c.1751del,p.G645Vfs*58; p.G584Vfs*58; p.G640Vfs*58,0.91,Pathogenic,0.029
20,31022959,31022959,ASXL1,c.1869+575T>C; c.2429T>C; c.2261C>T *; c.2261T>C; c.2444C>T *,p.P815L; p.P754L; p.L754P; p.L810P,97.74,Benign,99.999
20,31024028,31024028,ASXL1,c.3498G>A; c.3513G>A; c.3330G>A; c.1869+1644G>A,p.R1171R; p.R1110R; p.R1166R,48.13,Likely Benign,0.583
20,31024274,31024274,ASXL1,c.3576T>C; c.3744T>C; c.1869+1890T>C; c.3759T>C,p.S1253S; p.S1192S; p.S1248S,93.64,Benign,41.808
20,43264927,43264927,ADA,c.-254G>A; n.128G>A; c.36G>A; c.99G>A; c.-115G>A; c.114G>A; c.-118G>A; c.111G>A,p.V33V; p.V12V; p.V37V; p.V38V,99.96,Benign,99.525
20,57478807,57478807,GNAS,c.393C>T; c.396C>T; c.*299C>T; c.174C>T; c.*296C>T; c.351C>T; c.2322C>T; c.2325C>T; c.*254C>T; c.66C>T; c.297C>T; c.*305C>T; c.219C>T; c.2277C>T; c.216C>T; c.348C>T,p.I775I; p.I117I; p.I72I; p.I116I; p.I73I; p.I759I; p.I132I; p.I131I; p.I58I; p.I22I; p.I99I; p.I774I,50.75,Benign,54.473
20,62292822,62292824,RTEL1-TNFRSF6B; RTEL1,c.-383_-381del; n.1114_1116del; c.287_289del,p.A96del,1.09,Uncertain Significance,0.025
20,62309640,62309640,RTEL1-TNFRSF6B; RTEL1,c.309G>A; n.1805G>A; c.978G>A; c.1050G>A,p.E326E; p.E350E; p.E103E,50.24,Likely Benign,2.831
20,62320968,62320968,RTEL1-TNFRSF6B; RTEL1,c.1992T>C; n.2819T>C; c.1323T>C; c.2064T>C,p.D688D; p.D664D; p.D441D,98.50,Benign,74.921
20,62321655,62321655,RTEL1-TNFRSF6B; RTEL1,c.2274G>A; c.1605G>A; c.2346G>A; n.3101G>A,p.A535A; p.A758A; p.A782A,99.29,Benign,74.190
20,62322288,62322288,RTEL1-TNFRSF6B; RTEL1,c.2544T>C; c.2616T>C; n.3371T>C; c.1875T>C,p.P625P; p.P848P; p.P872P,99.14,Benign,75.007
20,62324289,62324289,RTEL1-TNFRSF6B; RTEL1,c.2784C>T; n.3611C>T; c.2115C>T; c.2856C>T,p.F928F; p.F952F; p.F705F,48.57,Benign,21.260
20,62326110,62326110,RTEL1-TNFRSF6B; RTEL1; TNFRSF6B,n.3953A>C; c.2457A>C; c.-2011A>C; c.3126A>C; c.3198A>C,p.Q1042H; p.Q819H; p.Q1066H,98.31,Benign,75.489
21,36259324,36259324,RUNX1,c.167T>C; c.86T>C,p.L29S; p.L56S,49.25,Uncertain Significance,1.483
21,44513243,44513243,ENSG00000295227; U2AF1,c.473C>T; n.925G>A; c.692C>T,p.S231L; p.S158L,1.25,Uncertain Significance,0.000
22,17669306,17669306,ADA2,c.644A>G; c.398A>G; c.281A>G; c.1004A>G; c.878A>G,p.H335R; p.H215R; p.H94R; p.H133R; p.H293R,99.84,Benign,34.448
22,17690409,17690409,ADA2,c.33C>T; c.-38-2229C>T; c.159C>T,p.N11N; p.N53N,48.73,Benign,43.280
22,23523630,23523630,BCR,c.483C>A,p.I161I,45.55,Benign,28.124
22,23615946,23615946,BCR,c.2100G>A,p.T700T,49.95,Likely Benign,2.230
22,23627256,23627256,BCR,c.2274G>A,p.P758P,44.45,Likely Benign,2.326
22,23627369,23627369,BCR,c.2387A>G,p.N796S,97.90,Benign,81.784
22,23651619,23651619,BCR,c.3021G>A; c.2889G>A,p.P963P; p.P1007P,30.14,Likely Benign,0.202
22,23653975,23653976,BCR,c.3143_3146dup; c.3275_3278dup,p.V1050Rfs*17; p.V1094Rfs*17,13.03,Uncertain Significance,0.280
22,23654017,23654017,BCR,c.3316G>A; c.3184G>A,p.D1062N; p.D1106N,12.62,Likely Pathogenic,0.024
22,24167513,24167513,SMARCB1,c.897G>A; c.759G>A; c.951G>A; c.924G>A; c.870G>A,p.S253S; p.S299S; p.S290S; p.S317S; p.S308S,48.88,Benign,11.202
22,29083909,29083909,CHEK2,c.1608A>G; c.1737A>G; c.948A>G; c.1335A>G; c.945A>G; c.1521A>G; c.1407A>G,p.P316P; p.P579P; p.P469P; p.P536P; p.P315P; p.P445P; p.P507P,1.14,Uncertain Significance,0.000
22,29090054,29090054,CHEK2,c.1154C>T; c.764C>T; c.1427C>T; c.1226C>T; c.1340C>T; c.1556C>T; c.767C>T,p.T256M; p.T476M; p.T255M; p.T385M; p.T409M; p.T519M; p.T447M,3.42,Uncertain Significance,0.031
22,29091142,29091142,CHEK2,c.1261G>A; c.685G>A; c.1075G>A; c.1348G>A; c.688G>A; c.1477G>A; c.1147G>A,p.E421K; p.E229K; p.E359K; p.E383K; p.E493K; p.E450K; p.E230K,2.52,Likely Pathogenic,
22,30733111,30733111,SF3A1,c.2010G>T,p.V670V,48.89,Benign,19.521
22,30737771,30737771,SF3A1,c.981C>A,p.V327V,51.47,Benign,3.790
22,30742328,30742330,SF3A1,c.364_366del,p.Q122del,1.01,Uncertain Significance,0.006
22,41551039,41551039,EP300,c.3183T>A; c.3105T>A,p.T1061T; p.T1035T,50.64,Benign,65.695
22,41566525,41566525,EP300; EP300-AS1,c.4330del; n.249-940del; c.4408del,p.M1470Cfs*26; p.M1444Cfs*26,0.80,Pathogenic,
X,1314931,1314931,CRLF2,c.394G>A; c.730G>A; n.924G>A,p.V132M; p.V244M,51.98,Benign,6.094
X,1331495,1331495,CRLF2,c.-201C>G; c.33C>G; n.48C>G,p.A11A,51.61,Benign,21.325
X,15343205,15343205,PIGA,n.660G>T; c.216G>T; n.376G>T; c.918G>T,p.L72L; p.L306L,1.86,Uncertain Significance,
X,15838366,15838366,ZRSR2,c.864C>T; c.786C>T,p.N288N; p.N262N,99.84,Benign,52.758
X,15841311,15841311,ZRSR2,c.1317C>G; c.1395C>G,p.G465G; p.G439G,2.16,Likely Benign,
X,15841319,15841319,ZRSR2,c.1325G>A; c.1403G>A,p.R468K; p.R442K,6.04,Uncertain Significance,
X,34148841,34148842,FAM47A; ENSG00000233928,n.495+54155_495+54156delinsGA; n.379-27372_379-27371delinsGA; n.381+54155_381+54156delinsGA; c.1554_1555delinsTC; n.390+54155_390+54156delinsGA,p.S519P,34.70,Uncertain Significance,
X,34148844,34148844,FAM47A; ENSG00000233928,n.390+54158G>C; c.1552C>G; n.495+54158G>C; n.381+54158G>C; n.379-27369G>C,p.R518G,34.78,Uncertain Significance,
X,34148877,34148877,FAM47A; ENSG00000233928,c.1519G>C; n.379-27336C>G; n.495+54191C>G; n.381+54191C>G; n.390+54191C>G,p.E507Q,26.30,Uncertain Significance,0.009
X,34148882,34148882,FAM47A; ENSG00000233928,c.1514G>A; n.379-27331C>T; n.390+54196C>T; n.495+54196C>T; n.381+54196C>T,p.R505H,23.26,Uncertain Significance,0.001
X,34148894,34148894,FAM47A; ENSG00000233928,c.1502C>G; n.379-27319G>C; n.495+54208G>C; n.381+54208G>C; n.390+54208G>C,p.T501R,13.11,Uncertain Significance,0.007
X,39911657,39911657,BCOR,c.4977-4G>T; c.4821-4G>T; c.*45-4G>T; c.4875-4G>T,,99.87,Benign,15.014
X,39933339,39933339,BCOR,c.1260T>C,p.D420D,96.71,Benign,89.920
X,47057647,47057647,UBA1,c.1-555A>G,,99.78,Benign,99.806
X,76907782,76907784,ATRX,c.4377_4379del; c.4263_4265del,p.E1464del; p.E1426del,0.80,Likely Benign,0.150
X,76931742,76931744,ATRX,c.3786_3788del; c.3672_3674del,p.D1264del; p.D1226del,0.52,Uncertain Significance,0.000
X,76940456,76940456,ATRX,c.523T>A; c.637T>A,p.S213T; p.S175T,0.63,Likely Pathogenic,
X,129147079,129147079,BCORL1,c.331T>C *; c.331T>C,p.F111L; p.L111L,96.95,Benign,99.998
X,130678467,130678467,IGSF1; OR13H1,c.420A>G; c.-913+34175T>C,p.V140V,99.94,Benign,64.296
X,130678844,130678844,IGSF1; OR13H1,c.797A>C; c.-913+33798T>G,p.Y266S,98.21,Benign,64.337
X,153994596,153994596,DKC1,n.471G>T; n.948G>T; c.-241G>T; c.369G>T; c.282G>T,p.T123T; p.T94T,99.67,Benign,99.752
X,153999117,153999117,DKC1,c.960T>G; n.1697T>G; n.1471T>G; n.1578T>G; c.879T>G; c.999T>G; c.390T>G; c.912T>G,p.I333M; p.I320M; p.I304M; p.I293M; p.I130M,0.57,Uncertain Significance,
X,154005089,154005091,DKC1,n.2091_2093del; c.903_905del; n.1984_1986del; c.1425_1427del; c.*738_*740del; n.2210_2212del; c.1512_1514del; c.1392_1394del; c.1473_1475del; c.1511_1513del; c.1497_1499del; c.*471_*473del,p.R504del; p.K476del; p.K500del; p.K505del; p.K492del; p.K465del; p.K302del,1.13,Likely Benign,0.380

